,Open_x,High_x,Low_x,Close_x,Volume_x,Dividends_x,Stock Splits_x,current_hour_pillar,current_day_pillar,current_day_pillar_minus,current_hour_pillar_minus,current_month_pillar,current_year_pillar,current_year_pillar_minus,current_month_pillar_minus,current_wuxi_hour,current_wuxi_day,current_wuxi_month,current_wuxi_year,base_year_pillar,base_month_pillar,base_day_pillar,base_hour_pillar,base_month_pillar_minus,base_hour_pillar_minus,base_year_pillar_minus,base_day_pillar_minus,year,month,day,hour,dayofweek,quarter,dayofyear,weekofyear,current_hour_pillar_heavenly,current_hour_pillar_earthly,current_hour_pillar_heavenly_sin,current_hour_pillar_heavenly_cos,current_hour_pillar_earthly_sin,current_hour_pillar_earthly_cos,current_day_pillar_heavenly,current_day_pillar_earthly,current_day_pillar_heavenly_sin,current_day_pillar_heavenly_cos,current_day_pillar_earthly_sin,current_day_pillar_earthly_cos,current_day_pillar_minus_heavenly,current_day_pillar_minus_earthly,current_day_pillar_minus_heavenly_sin,current_day_pillar_minus_heavenly_cos,current_day_pillar_minus_earthly_sin,current_day_pillar_minus_earthly_cos,current_hour_pillar_minus_heavenly,current_hour_pillar_minus_earthly,current_hour_pillar_minus_heavenly_sin,current_hour_pillar_minus_heavenly_cos,current_hour_pillar_minus_earthly_sin,current_hour_pillar_minus_earthly_cos,current_month_pillar_heavenly,current_month_pillar_earthly,current_month_pillar_heavenly_sin,current_month_pillar_heavenly_cos,current_month_pillar_earthly_sin,current_month_pillar_earthly_cos,current_year_pillar_heavenly,current_year_pillar_earthly,current_year_pillar_heavenly_sin,current_year_pillar_heavenly_cos,current_year_pillar_earthly_sin,current_year_pillar_earthly_cos,current_year_pillar_minus_heavenly,current_year_pillar_minus_earthly,current_year_pillar_minus_heavenly_sin,current_year_pillar_minus_heavenly_cos,current_year_pillar_minus_earthly_sin,current_year_pillar_minus_earthly_cos,current_month_pillar_minus_heavenly,current_month_pillar_minus_earthly,current_month_pillar_minus_heavenly_sin,current_month_pillar_minus_heavenly_cos,current_month_pillar_minus_earthly_sin,current_month_pillar_minus_earthly_cos,base_year_pillar_heavenly,base_year_pillar_earthly,base_year_pillar_heavenly_sin,base_year_pillar_heavenly_cos,base_year_pillar_earthly_sin,base_year_pillar_earthly_cos,base_month_pillar_heavenly,base_month_pillar_earthly,base_month_pillar_heavenly_sin,base_month_pillar_heavenly_cos,base_month_pillar_earthly_sin,base_month_pillar_earthly_cos,base_day_pillar_heavenly,base_day_pillar_earthly,base_day_pillar_heavenly_sin,base_day_pillar_heavenly_cos,base_day_pillar_earthly_sin,base_day_pillar_earthly_cos,base_hour_pillar_heavenly,base_hour_pillar_earthly,base_hour_pillar_heavenly_sin,base_hour_pillar_heavenly_cos,base_hour_pillar_earthly_sin,base_hour_pillar_earthly_cos,base_month_pillar_minus_heavenly,base_month_pillar_minus_earthly,base_month_pillar_minus_heavenly_sin,base_month_pillar_minus_heavenly_cos,base_month_pillar_minus_earthly_sin,base_month_pillar_minus_earthly_cos,base_hour_pillar_minus_heavenly,base_hour_pillar_minus_earthly,base_hour_pillar_minus_heavenly_sin,base_hour_pillar_minus_heavenly_cos,base_hour_pillar_minus_earthly_sin,base_hour_pillar_minus_earthly_cos,base_year_pillar_minus_heavenly,base_year_pillar_minus_earthly,base_year_pillar_minus_heavenly_sin,base_year_pillar_minus_heavenly_cos,base_year_pillar_minus_earthly_sin,base_year_pillar_minus_earthly_cos,base_day_pillar_minus_heavenly,base_day_pillar_minus_earthly,base_day_pillar_minus_heavenly_sin,base_day_pillar_minus_heavenly_cos,base_day_pillar_minus_earthly_sin,base_day_pillar_minus_earthly_cos,cs_base_hour_current_hour,cs_base_hour_current_day,cs_base_hour_current_hour_minus,cs_base_hour_current_month,cs_base_hour_current_year,cs_base_hour_current_month_minus,cs_base_day_current_hour,cs_base_day_current_day,cs_base_day_current_hour_minus,cs_base_day_current_month,cs_base_day_current_year,cs_base_day_current_month_minus,cs_base_hour_minus_current_hour,cs_base_hour_minus_current_day,cs_base_hour_minus_current_hour_minus,cs_base_hour_minus_current_month,cs_base_hour_minus_current_year,cs_base_hour_minus_current_month_minus,cs_base_month_current_hour,cs_base_month_current_day,cs_base_month_current_hour_minus,cs_base_month_current_month,cs_base_month_current_year,cs_base_month_current_month_minus,cs_base_year_current_hour,cs_base_year_current_day,cs_base_year_current_hour_minus,cs_base_year_current_month,cs_base_year_current_year,cs_base_year_current_month_minus,cs_base_month_minus_current_hour,cs_base_month_minus_current_day,cs_base_month_minus_current_hour_minus,cs_base_month_minus_current_month,cs_base_month_minus_current_year,cs_base_month_minus_current_month_minus
0,0,0,0,0,0,0,0,5,36,49,4,7,0,2,22,0,70,54,0,0,0,0,0,0,0,0,0,2025,6,3,16,1,2,154,23,2,1,-0.587785,-0.809017,-0.866025,-0.5,6,2,0.587785,-0.809017,1.22465e-16,-1,8,1,-0.587785,0.809017,-0.5,0.866025,1,0,0.587785,0.809017,0.5,0.866025,1,9,0.951057,0.309017,-0.866025,-0.5,0,2,0.587785,0.809017,0.5,-0.866025,2,2,-0.587785,-0.809017,0,1,9,3,-0.951057,-0.309017,1,6.12323e-17,0,0,1.22465e-16,-1,-1,-1.83697e-16,0,0,0.587785,0.809017,-0.5,0.866025,0,0,-0.587785,0.809017,1,6.12323e-17,0,0,-0.951057,-0.309017,-1,-1.83697e-16,0,0,-0.587785,-0.809017,1.22465e-16,-1,0,0,0.951057,0.309017,0.866025,0.5,0,0,0,1,0.866025,-0.5,0,0,0.587785,-0.809017,-0.866025,-0.5,0,5,3,2,2,6,0,6,0,3,3,10,0,2,3,5,4,4,1,10,2,7,1,8,0,8,1,4,1,5,1,4,1,8,4,7
1,0,0,0,0,0,0,0,3,28,43,0,7,0,2,22,4,53,54,0,0,0,0,0,0,0,0,0,2025,6,4,16,2,2,155,23,1,1,-0.951057,0.309017,-0.866025,-0.5,4,8,1.22465e-16,-1,-0.5,-0.866025,7,4,0,1,0,1,0,0,0.951057,-0.309017,0.5,0.866025,1,9,0.951057,0.309017,-0.866025,-0.5,0,2,0.587785,0.809017,0.5,-0.866025,2,2,-0.587785,-0.809017,0,1,9,3,-0.951057,-0.309017,1,6.12323e-17,0,0,1.22465e-16,-1,-1,-1.83697e-16,0,0,0.587785,0.809017,-0.5,0.866025,0,0,-0.587785,0.809017,1,6.12323e-17,0,0,-0.951057,-0.309017,-1,-1.83697e-16,0,0,-0.587785,-0.809017,1.22465e-16,-1,0,0,0.951057,0.309017,0.866025,0.5,0,0,0,1,0.866025,-0.5,0,0,0.587785,-0.809017,-0.866025,-0.5,0,9,3,2,2,6,0,1,0,3,3,10,0,9,3,5,4,4,1,11,2,7,1,8,0,0,1,4,1,5,1,0,1,8,4,7
2,0,0,0,0,0,0,0,9,34,12,8,7,0,2,22,8,65,54,0,0,0,0,0,0,0,0,0,2025,6,5,16,3,2,156,23,4,1,0,1,-0.866025,-0.5,5,9,-0.587785,-0.809017,-0.866025,-0.5,2,0,0.587785,0.809017,0.5,0.866025,2,0,1.22465e-16,-1,0.5,0.866025,1,9,0.951057,0.309017,-0.866025,-0.5,0,2,0.587785,0.809017,0.5,-0.866025,2,2,-0.587785,-0.809017,0,1,9,3,-0.951057,-0.309017,1,6.12323e-17,0,0,1.22465e-16,-1,-1,-1.83697e-16,0,0,0.587785,0.809017,-0.5,0.866025,0,0,-0.587785,0.809017,1,6.12323e-17,0,0,-0.951057,-0.309017,-1,-1.83697e-16,0,0,-0.587785,-0.809017,1.22465e-16,-1,0,0,0.951057,0.309017,0.866025,0.5,0,0,0,1,0.866025,-0.5,0,0,0.587785,-0.809017,-0.866025,-0.5,0,2,3,2,2,6,0,3,0,3,3,10,0,5,3,5,4,4,1,7,2,7,1,8,0,4,1,4,1,5,1,8,1,8,4,7
3,0,0,0,0,0,0,0,1,59,11,15,11,2,0,0,6,111,30,0,0,0,0,0,0,0,0,0,2025,6,6,16,4,2,157,23,0,1,0.951057,0.309017,-0.866025,-0.5,9,11,-0.951057,-0.309017,-1,-1.83697e-16,1,10,0.951057,0.309017,0.866025,-0.5,4,1,-0.951057,-0.309017,1,6.12323e-17,3,2,-0.951057,0.309017,1.22465e-16,-1,2,4,-0.587785,-0.809017,-0.866025,-0.5,0,0,0.587785,0.809017,0.5,0.866025,0,1,0.951057,-0.309017,-0.5,0.866025,0,0,1.22465e-16,-1,-1,-1.83697e-16,0,0,0.587785,0.809017,-0.5,0.866025,0,0,-0.587785,0.809017,1,6.12323e-17,0,0,-0.951057,-0.309017,-1,-1.83697e-16,0,0,-0.587785,-0.809017,1.22465e-16,-1,0,0,0.951057,0.309017,0.866025,0.5,0,0,0,1,0.866025,-0.5,0,0,0.587785,-0.809017,-0.866025,-0.5,0,8,1,5,1,4,0,5,3,6,1,2,0,3,0,2,3,6,1,6,1,10,2,3,0,10,3,8,2,7,1,2,2,4,3,5
4,0,0,0,0,0,0,0,3,43,28,1,11,2,0,0,4,83,2,0,0,0,0,0,0,0,0,0,2025,6,9,16,0,2,160,24,1,1,-0.951057,0.309017,-0.866025,-0.5,7,4,0,1,0,1,4,8,1.22465e-16,-1,-0.5,-0.866025,0,1,0.951057,-0.309017,1,6.12323e-17,3,2,-0.951057,0.309017,1.22465e-16,-1,2,4,-0.587785,-0.809017,-0.866025,-0.5,0,0,0.587785,0.809017,0.5,0.866025,0,1,0.951057,-0.309017,-0.5,0.866025,0,0,1.22465e-16,-1,-1,-1.83697e-16,0,0,0.587785,0.809017,-0.5,0.866025,0,0,-0.587785,0.809017,1,6.12323e-17,0,0,-0.951057,-0.309017,-1,-1.83697e-16,0,0,-0.587785,-0.809017,1.22465e-16,-1,0,0,0.951057,0.309017,0.866025,0.5,0,0,0,1,0.866025,-0.5,0,0,0.587785,-0.809017,-0.866025,-0.5,0,10,1,5,1,4,0,8,3,6,1,2,0,7,0,2,3,6,1,5,1,10,2,3,0,6,3,8,2,7,1,3,2,4,3,5
5,0,0,0,0,0,0,0,9,12,34,9,11,2,0,0,8,23,2,0,0,0,0,0,0,0,0,0,2025,6,10,16,1,2,161,24,4,1,0,1,-0.866025,-0.5,2,0,0.587785,0.809017,0.5,0.866025,5,9,-0.587785,-0.809017,-0.866025,-0.5,2,1,1.22465e-16,-1,1,6.12323e-17,3,2,-0.951057,0.309017,1.22465e-16,-1,2,4,-0.587785,-0.809017,-0.866025,-0.5,0,0,0.587785,0.809017,0.5,0.866025,0,1,0.951057,-0.309017,-0.5,0.866025,0,0,1.22465e-16,-1,-1,-1.83697e-16,0,0,0.587785,0.809017,-0.5,0.866025,0,0,-0.587785,0.809017,1,6.12323e-17,0,0,-0.951057,-0.309017,-1,-1.83697e-16,0,0,-0.587785,-0.809017,1.22465e-16,-1,0,0,0.951057,0.309017,0.866025,0.5,0,0,0,1,0.866025,-0.5,0,0,0.587785,-0.809017,-0.866025,-0.5,0,11,1,5,1,4,0,0,3,6,1,2,0,11,0,2,3,6,1,9,1,10,2,3,0,1,3,8,2,7,1,1,2,4,3,5
6,0,0,0,0,0,0,0,1,8,59,15,11,2,0,0,6,16,2,0,0,0,0,0,0,0,0,0,2025,6,11,16,2,2,162,24,0,1,0.951057,0.309017,-0.866025,-0.5,1,5,0.951057,0.309017,0.866025,0.5,9,11,-0.951057,-0.309017,-1,-1.83697e-16,4,1,-0.951057,-0.309017,1,6.12323e-17,3,2,-0.951057,0.309017,1.22465e-16,-1,2,4,-0.587785,-0.809017,-0.866025,-0.5,0,0,0.587785,0.809017,0.5,0.866025,0,1,0.951057,-0.309017,-0.5,0.866025,0,0,1.22465e-16,-1,-1,-1.83697e-16,0,0,0.587785,0.809017,-0.5,0.866025,0,0,-0.587785,0.809017,1,6.12323e-17,0,0,-0.951057,-0.309017,-1,-1.83697e-16,0,0,-0.587785,-0.809017,1.22465e-16,-1,0,0,0.951057,0.309017,0.866025,0.5,0,0,0,1,0.866025,-0.5,0,0,0.587785,-0.809017,-0.866025,-0.5,0,7,1,5,1,4,0,4,3,6,1,2,0,10,0,2,3,6,1,2,1,10,2,3,0,3,3,8,2,7,1,6,2,4,3,5
7,0,0,0,0,0,0,0,7,2,21,12,11,2,0,0,2,3,59,0,0,0,0,0,0,0,0,0,2025,6,12,16,3,2,163,24,3,1,0.587785,-0.809017,-0.866025,-0.5,0,3,0.951057,-0.309017,1,6.12323e-17,3,7,-0.951057,0.309017,-0.866025,0.5,3,1,-0.587785,0.809017,1,6.12323e-17,3,2,-0.951057,0.309017,1.22465e-16,-1,2,4,-0.587785,-0.809017,-0.866025,-0.5,0,0,0.587785,0.809017,0.5,0.866025,0,1,0.951057,-0.309017,-0.5,0.866025,0,0,1.22465e-16,-1,-1,-1.83697e-16,0,0,0.587785,0.809017,-0.5,0.866025,0,0,-0.587785,0.809017,1,6.12323e-17,0,0,-0.951057,-0.309017,-1,-1.83697e-16,0,0,-0.587785,-0.809017,1.22465e-16,-1,0,0,0.951057,0.309017,0.866025,0.5,0,0,0,1,0.866025,-0.5,0,0,0.587785,-0.809017,-0.866025,-0.5,0,6,1,5,1,4,0,10,3,6,1,2,0,4,0,2,3,6,1,8,1,10,2,3,0,5,3,8,2,7,1,7,2,4,3,5
8,0,0,0,0,0,0,0,5,41,49,5,11,2,0,0,0,77,59,0,0,0,0,0,0,0,0,0,2025,6,13,16,4,2,164,24,2,1,-0.587785,-0.809017,-0.866025,-0.5,6,10,0.587785,-0.809017,0.866025,-0.5,8,1,-0.587785,0.809017,-0.5,0.866025,1,1,0.587785,0.809017,1,6.12323e-17,3,2,-0.951057,0.309017,1.22465e-16,-1,2,4,-0.587785,-0.809017,-0.866025,-0.5,0,0,0.587785,0.809017,0.5,0.866025,0,1,0.951057,-0.309017,-0.5,0.866025,0,0,1.22465e-16,-1,-1,-1.83697e-16,0,0,0.587785,0.809017,-0.5,0.866025,0,0,-0.587785,0.809017,1,6.12323e-17,0,0,-0.951057,-0.309017,-1,-1.83697e-16,0,0,-0.587785,-0.809017,1.22465e-16,-1,0,0,0.951057,0.309017,0.866025,0.5,0,0,0,1,0.866025,-0.5,0,0,0.587785,-0.809017,-0.866025,-0.5,0,1,1,5,1,4,0,11,3,6,1,2,0,0,0,2,3,6,1,0,1,10,2,3,0,9,3,8,2,7,1,11,2,4,3,5
9,0,0,0,0,0,0,0,1,58,8,15,11,2,0,0,6,108,81,0,0,0,0,0,0,0,0,0,2025,6,16,16,0,2,167,25,0,1,0.951057,0.309017,-0.866025,-0.5,9,8,-0.951057,-0.309017,-0.5,-0.866025,1,5,0.951057,0.309017,0.866025,0.5,4,1,-0.951057,-0.309017,1,6.12323e-17,3,2,-0.951057,0.309017,1.22465e-16,-1,2,4,-0.587785,-0.809017,-0.866025,-0.5,0,0,0.587785,0.809017,0.5,0.866025,0,1,0.951057,-0.309017,-0.5,0.866025,0,0,1.22465e-16,-1,-1,-1.83697e-16,0,0,0.587785,0.809017,-0.5,0.866025,0,0,-0.587785,0.809017,1,6.12323e-17,0,0,-0.951057,-0.309017,-1,-1.83697e-16,0,0,-0.587785,-0.809017,1.22465e-16,-1,0,0,0.951057,0.309017,0.866025,0.5,0,0,0,1,0.866025,-0.5,0,0,0.587785,-0.809017,-0.866025,-0.5,0,9,1,5,1,4,0,1,3,6,1,2,0,9,0,2,3,6,1,11,1,10,2,3,0,0,3,8,2,7,1,0,2,4,3,5
10,0,0,0,0,0,0,0,7,22,2,12,11,2,0,0,2,42,81,0,0,0,0,0,0,0,0,0,2025,6,17,16,1,2,168,25,3,1,0.587785,-0.809017,-0.866025,-0.5,3,9,-0.951057,0.309017,-0.866025,-0.5,0,3,0.951057,-0.309017,1,6.12323e-17,3,1,-0.587785,0.809017,1,6.12323e-17,3,2,-0.951057,0.309017,1.22465e-16,-1,2,4,-0.587785,-0.809017,-0.866025,-0.5,0,0,0.587785,0.809017,0.5,0.866025,0,1,0.951057,-0.309017,-0.5,0.866025,0,0,1.22465e-16,-1,-1,-1.83697e-16,0,0,0.587785,0.809017,-0.5,0.866025,0,0,-0.587785,0.809017,1,6.12323e-17,0,0,-0.951057,-0.309017,-1,-1.83697e-16,0,0,-0.587785,-0.809017,1.22465e-16,-1,0,0,0.951057,0.309017,0.866025,0.5,0,0,0,1,0.866025,-0.5,0,0,0.587785,-0.809017,-0.866025,-0.5,0,2,1,5,1,4,0,3,3,6,1,2,0,5,0,2,3,6,1,7,1,10,2,3,0,4,3,8,2,7,1,8,2,4,3,5
11,0,0,0,0,0,0,0,5,53,41,5,11,2,0,0,0,101,69,0,0,0,0,0,0,0,0,0,2025,6,18,16,2,2,169,25,2,1,-0.587785,-0.809017,-0.866025,-0.5,8,11,-0.587785,0.809017,-1,-1.83697e-16,6,10,0.587785,-0.809017,0.866025,-0.5,1,1,0.587785,0.809017,1,6.12323e-17,3,2,-0.951057,0.309017,1.22465e-16,-1,2,4,-0.587785,-0.809017,-0.866025,-0.5,0,0,0.587785,0.809017,0.5,0.866025,0,1,0.951057,-0.309017,-0.5,0.866025,0,0,1.22465e-16,-1,-1,-1.83697e-16,0,0,0.587785,0.809017,-0.5,0.866025,0,0,-0.587785,0.809017,1,6.12323e-17,0,0,-0.951057,-0.309017,-1,-1.83697e-16,0,0,-0.587785,-0.809017,1.22465e-16,-1,0,0,0.951057,0.309017,0.866025,0.5,0,0,0,1,0.866025,-0.5,0,0,0.587785,-0.809017,-0.866025,-0.5,0,8,1,5,1,4,0,5,3,6,1,2,0,3,0,2,3,6,1,6,1,10,2,3,0,10,3,8,2,7,1,2,2,4,3,5
12,0,0,0,0,0,0,0,3,45,27,1,11,2,0,0,4,86,69,0,0,0,0,0,0,0,0,0,2025,6,19,16,3,2,170,25,1,1,-0.951057,0.309017,-0.866025,-0.5,7,7,0,1,-0.866025,0.5,4,6,1.22465e-16,-1,0.5,-0.866025,0,1,0.951057,-0.309017,1,6.12323e-17,3,2,-0.951057,0.309017,1.22465e-16,-1,2,4,-0.587785,-0.809017,-0.866025,-0.5,0,0,0.587785,0.809017,0.5,0.866025,0,1,0.951057,-0.309017,-0.5,0.866025,0,0,1.22465e-16,-1,-1,-1.83697e-16,0,0,0.587785,0.809017,-0.5,0.866025,0,0,-0.587785,0.809017,1,6.12323e-17,0,0,-0.951057,-0.309017,-1,-1.83697e-16,0,0,-0.587785,-0.809017,1.22465e-16,-1,0,0,0.951057,0.309017,0.866025,0.5,0,0,0,1,0.866025,-0.5,0,0,0.587785,-0.809017,-0.866025,-0.5,0,0,1,5,1,4,0,9,3,6,1,2,0,1,0,2,3,6,1,1,1,10,2,3,0,11,3,8,2,7,1,9,2,4,3,5
13,0,0,0,0,0,0,0,9,13,30,9,11,2,0,0,8,24,69,0,0,0,0,0,0,0,0,0,2025,6,20,16,4,2,171,25,4,1,0,1,-0.866025,-0.5,2,1,0.587785,0.809017,-0.5,0.866025,5,2,-0.587785,-0.809017,1.22465e-16,-1,2,1,1.22465e-16,-1,1,6.12323e-17,3,2,-0.951057,0.309017,1.22465e-16,-1,2,4,-0.587785,-0.809017,-0.866025,-0.5,0,0,0.587785,0.809017,0.5,0.866025,0,1,0.951057,-0.309017,-0.5,0.866025,0,0,1.22465e-16,-1,-1,-1.83697e-16,0,0,0.587785,0.809017,-0.5,0.866025,0,0,-0.587785,0.809017,1,6.12323e-17,0,0,-0.951057,-0.309017,-1,-1.83697e-16,0,0,-0.587785,-0.809017,1.22465e-16,-1,0,0,0.951057,0.309017,0.866025,0.5,0,0,0,1,0.866025,-0.5,0,0,0.587785,-0.809017,-0.866025,-0.5,0,4,1,5,1,4,0,2,3,6,1,2,0,6,0,2,3,6,1,3,1,10,2,3,0,7,3,8,2,7,1,5,2,4,3,5
14,0,0,0,0,0,0,0,5,38,53,5,3,2,0,8,0,73,47,0,0,0,0,0,0,0,0,0,2025,6,23,16,0,2,174,26,2,1,-0.587785,-0.809017,-0.866025,-0.5,6,5,0.587785,-0.809017,0.866025,0.5,8,11,-0.587785,0.809017,-1,-1.83697e-16,1,1,0.587785,0.809017,1,6.12323e-17,0,11,0.951057,-0.309017,-1,-1.83697e-16,2,4,-0.587785,-0.809017,-0.866025,-0.5,0,0,0.587785,0.809017,0.5,0.866025,3,5,-0.951057,0.309017,0.866025,0.5,0,0,1.22465e-16,-1,-1,-1.83697e-16,0,0,0.587785,0.809017,-0.5,0.866025,0,0,-0.587785,0.809017,1,6.12323e-17,0,0,-0.951057,-0.309017,-1,-1.83697e-16,0,0,-0.587785,-0.809017,1.22465e-16,-1,0,0,0.951057,0.309017,0.866025,0.5,0,0,0,1,0.866025,-0.5,0,0,0.587785,-0.809017,-0.866025,-0.5,0,7,1,8,1,7,0,4,3,5,1,4,0,10,0,3,3,10,1,2,1,6,2,2,0,3,3,10,2,3,1,6,2,2,3,6
15,0,0,0,0,0,0,0,3,26,45,1,3,2,0,8,4,48,56,0,0,0,0,0,0,0,0,0,2025,6,24,16,1,2,175,26,1,1,-0.951057,0.309017,-0.866025,-0.5,4,3,1.22465e-16,-1,1,6.12323e-17,7,7,0,1,-0.866025,0.5,0,1,0.951057,-0.309017,1,6.12323e-17,0,11,0.951057,-0.309017,-1,-1.83697e-16,2,4,-0.587785,-0.809017,-0.866025,-0.5,0,0,0.587785,0.809017,0.5,0.866025,3,5,-0.951057,0.309017,0.866025,0.5,0,0,1.22465e-16,-1,-1,-1.83697e-16,0,0,0.587785,0.809017,-0.5,0.866025,0,0,-0.587785,0.809017,1,6.12323e-17,0,0,-0.951057,-0.309017,-1,-1.83697e-16,0,0,-0.587785,-0.809017,1.22465e-16,-1,0,0,0.951057,0.309017,0.866025,0.5,0,0,0,1,0.866025,-0.5,0,0,0.587785,-0.809017,-0.866025,-0.5,0,6,1,8,1,7,0,10,3,5,1,4,0,4,0,3,3,10,1,8,1,6,2,2,0,5,3,10,2,3,1,7,2,2,3,6
16,0,0,0,0,0,0,0,9,35,13,9,3,2,0,8,8,66,56,0,0,0,0,0,0,0,0,0,2025,6,25,16,2,2,176,26,4,1,0,1,-0.866025,-0.5,5,10,-0.587785,-0.809017,0.866025,-0.5,2,1,0.587785,0.809017,-0.5,0.866025,2,1,1.22465e-16,-1,1,6.12323e-17,0,11,0.951057,-0.309017,-1,-1.83697e-16,2,4,-0.587785,-0.809017,-0.866025,-0.5,0,0,0.587785,0.809017,0.5,0.866025,3,5,-0.951057,0.309017,0.866025,0.5,0,0,1.22465e-16,-1,-1,-1.83697e-16,0,0,0.587785,0.809017,-0.5,0.866025,0,0,-0.587785,0.809017,1,6.12323e-17,0,0,-0.951057,-0.309017,-1,-1.83697e-16,0,0,-0.587785,-0.809017,1.22465e-16,-1,0,0,0.951057,0.309017,0.866025,0.5,0,0,0,1,0.866025,-0.5,0,0,0.587785,-0.809017,-0.866025,-0.5,0,1,1,8,1,7,0,11,3,5,1,4,0,0,0,3,3,10,1,0,1,6,2,2,0,9,3,10,2,3,1,11,2,2,3,6
17,0,0,0,0,0,0,0,1,57,7,15,3,2,0,8,6,106,56,0,0,0,0,0,0,0,0,0,2025,6,26,16,3,2,177,26,0,1,0.951057,0.309017,-0.866025,-0.5,9,6,-0.951057,-0.309017,0.5,-0.866025,1,4,0.951057,0.309017,0,1,4,1,-0.951057,-0.309017,1,6.12323e-17,0,11,0.951057,-0.309017,-1,-1.83697e-16,2,4,-0.587785,-0.809017,-0.866025,-0.5,0,0,0.587785,0.809017,0.5,0.866025,3,5,-0.951057,0.309017,0.866025,0.5,0,0,1.22465e-16,-1,-1,-1.83697e-16,0,0,0.587785,0.809017,-0.5,0.866025,0,0,-0.587785,0.809017,1,6.12323e-17,0,0,-0.951057,-0.309017,-1,-1.83697e-16,0,0,-0.587785,-0.809017,1.22465e-16,-1,0,0,0.951057,0.309017,0.866025,0.5,0,0,0,1,0.866025,-0.5,0,0,0.587785,-0.809017,-0.866025,-0.5,0,3,1,8,1,7,0,7,3,5,1,4,0,8,0,3,3,10,1,4,1,6,2,2,0,2,3,10,2,3,1,10,2,2,3,6
18,0,0,0,0,0,0,0,7,18,0,12,3,2,0,8,2,36,56,0,0,0,0,0,0,0,0,0,2025,6,27,16,4,2,178,26,3,1,0.587785,-0.809017,-0.866025,-0.5,3,2,-0.951057,0.309017,1.22465e-16,-1,0,0,0.951057,-0.309017,0.5,0.866025,3,1,-0.587785,0.809017,1,6.12323e-17,0,11,0.951057,-0.309017,-1,-1.83697e-16,2,4,-0.587785,-0.809017,-0.866025,-0.5,0,0,0.587785,0.809017,0.5,0.866025,3,5,-0.951057,0.309017,0.866025,0.5,0,0,1.22465e-16,-1,-1,-1.83697e-16,0,0,0.587785,0.809017,-0.5,0.866025,0,0,-0.587785,0.809017,1,6.12323e-17,0,0,-0.951057,-0.309017,-1,-1.83697e-16,0,0,-0.587785,-0.809017,1.22465e-16,-1,0,0,0.951057,0.309017,0.866025,0.5,0,0,0,1,0.866025,-0.5,0,0,0.587785,-0.809017,-0.866025,-0.5,0,5,1,8,1,7,0,6,3,5,1,4,0,2,0,3,3,10,1,10,1,6,2,2,0,8,3,10,2,3,1,4,2,2,3,6
19,0,0,0,0,0,0,0,9,17,35,9,3,2,0,8,8,33,27,0,0,0,0,0,0,0,0,0,2025,6,30,16,0,2,181,27,4,1,0,1,-0.866025,-0.5,2,11,0.587785,0.809017,-1,-1.83697e-16,5,10,-0.587785,-0.809017,0.866025,-0.5,2,1,1.22465e-16,-1,1,6.12323e-17,0,11,0.951057,-0.309017,-1,-1.83697e-16,2,4,-0.587785,-0.809017,-0.866025,-0.5,0,0,0.587785,0.809017,0.5,0.866025,3,5,-0.951057,0.309017,0.866025,0.5,0,0,1.22465e-16,-1,-1,-1.83697e-16,0,0,0.587785,0.809017,-0.5,0.866025,0,0,-0.587785,0.809017,1,6.12323e-17,0,0,-0.951057,-0.309017,-1,-1.83697e-16,0,0,-0.587785,-0.809017,1.22465e-16,-1,0,0,0.951057,0.309017,0.866025,0.5,0,0,0,1,0.866025,-0.5,0,0,0.587785,-0.809017,-0.866025,-0.5,0,8,1,8,1,7,0,5,3,5,1,4,0,3,0,3,3,10,1,6,1,6,2,2,0,10,3,10,2,3,1,2,2,2,3,6
20,0,0,0,0,0,0,0,1,9,57,15,3,2,0,8,6,18,18,0,0,0,0,0,0,0,0,0,2025,7,1,16,1,3,182,27,0,1,0.951057,0.309017,-0.866025,-0.5,1,7,0.951057,0.309017,-0.866025,0.5,9,6,-0.951057,-0.309017,0.5,-0.866025,4,1,-0.951057,-0.309017,1,6.12323e-17,0,11,0.951057,-0.309017,-1,-1.83697e-16,2,4,-0.587785,-0.809017,-0.866025,-0.5,0,0,0.587785,0.809017,0.5,0.866025,3,5,-0.951057,0.309017,0.866025,0.5,0,0,1.22465e-16,-1,-1,-1.83697e-16,0,0,0.587785,0.809017,-0.5,0.866025,0,0,-0.587785,0.809017,1,6.12323e-17,0,0,-0.951057,-0.309017,-1,-1.83697e-16,0,0,-0.587785,-0.809017,1.22465e-16,-1,0,0,0.951057,0.309017,0.866025,0.5,0,0,0,1,0.866025,-0.5,0,0,0.587785,-0.809017,-0.866025,-0.5,0,0,1,8,1,7,0,9,3,5,1,4,0,1,0,3,3,10,1,1,1,6,2,2,0,11,3,10,2,3,1,9,2,2,3,6
21,0,0,0,0,0,0,0,7,1,18,12,3,2,0,8,2,1,18,0,0,0,0,0,0,0,0,0,2025,7,2,16,2,3,183,27,3,1,0.587785,-0.809017,-0.866025,-0.5,0,1,0.951057,-0.309017,-0.5,0.866025,3,2,-0.951057,0.309017,1.22465e-16,-1,3,1,-0.587785,0.809017,1,6.12323e-17,0,11,0.951057,-0.309017,-1,-1.83697e-16,2,4,-0.587785,-0.809017,-0.866025,-0.5,0,0,0.587785,0.809017,0.5,0.866025,3,5,-0.951057,0.309017,0.866025,0.5,0,0,1.22465e-16,-1,-1,-1.83697e-16,0,0,0.587785,0.809017,-0.5,0.866025,0,0,-0.587785,0.809017,1,6.12323e-17,0,0,-0.951057,-0.309017,-1,-1.83697e-16,0,0,-0.587785,-0.809017,1.22465e-16,-1,0,0,0.951057,0.309017,0.866025,0.5,0,0,0,1,0.866025,-0.5,0,0,0.587785,-0.809017,-0.866025,-0.5,0,4,1,8,1,7,0,2,3,5,1,4,0,6,0,3,3,10,1,3,1,6,2,2,0,7,3,10,2,3,1,5,2,2,3,6
22,0,0,0,0,0,0,0,5,37,52,5,3,2,0,8,0,72,18,0,0,0,0,0,0,0,0,0,2025,7,3,16,3,3,184,27,2,1,-0.587785,-0.809017,-0.866025,-0.5,6,4,0.587785,-0.809017,0,1,8,8,-0.587785,0.809017,-0.5,-0.866025,1,1,0.587785,0.809017,1,6.12323e-17,0,11,0.951057,-0.309017,-1,-1.83697e-16,2,4,-0.587785,-0.809017,-0.866025,-0.5,0,0,0.587785,0.809017,0.5,0.866025,3,5,-0.951057,0.309017,0.866025,0.5,0,0,1.22465e-16,-1,-1,-1.83697e-16,0,0,0.587785,0.809017,-0.5,0.866025,0,0,-0.587785,0.809017,1,6.12323e-17,0,0,-0.951057,-0.309017,-1,-1.83697e-16,0,0,-0.587785,-0.809017,1.22465e-16,-1,0,0,0.951057,0.309017,0.866025,0.5,0,0,0,1,0.866025,-0.5,0,0,0.587785,-0.809017,-0.866025,-0.5,0,10,1,8,1,7,0,8,3,5,1,4,0,7,0,3,3,10,1,5,1,6,2,2,0,6,3,10,2,3,1,3,2,2,3,6
23,0,0,0,0,0,0,0,3,24,46,1,3,2,0,8,4,45,97,0,0,0,0,0,0,0,0,0,2025,7,4,16,4,3,185,27,1,1,-0.951057,0.309017,-0.866025,-0.5,4,0,1.22465e-16,-1,0.5,0.866025,7,9,0,1,-0.866025,-0.5,0,1,0.951057,-0.309017,1,6.12323e-17,0,11,0.951057,-0.309017,-1,-1.83697e-16,2,4,-0.587785,-0.809017,-0.866025,-0.5,0,0,0.587785,0.809017,0.5,0.866025,3,5,-0.951057,0.309017,0.866025,0.5,0,0,1.22465e-16,-1,-1,-1.83697e-16,0,0,0.587785,0.809017,-0.5,0.866025,0,0,-0.587785,0.809017,1,6.12323e-17,0,0,-0.951057,-0.309017,-1,-1.83697e-16,0,0,-0.587785,-0.809017,1.22465e-16,-1,0,0,0.951057,0.309017,0.866025,0.5,0,0,0,1,0.866025,-0.5,0,0,0.587785,-0.809017,-0.866025,-0.5,0,11,1,8,1,7,0,0,3,5,1,4,0,11,0,3,3,10,1,9,1,6,2,2,0,1,3,10,2,3,1,1,2,2,3,6
24,0,0,0,0,0,0,0,7,23,1,12,28,2,0,14,2,43,85,0,0,0,0,0,0,0,0,0,2025,7,7,16,0,3,188,28,3,1,0.587785,-0.809017,-0.866025,-0.5,3,10,-0.951057,0.309017,0.866025,-0.5,0,1,0.951057,-0.309017,-0.5,0.866025,3,1,-0.587785,0.809017,1,6.12323e-17,8,8,-0.587785,0.809017,-0.5,-0.866025,2,4,-0.587785,-0.809017,-0.866025,-0.5,0,0,0.587785,0.809017,0.5,0.866025,6,4,0.587785,-0.809017,0,1,0,0,1.22465e-16,-1,-1,-1.83697e-16,0,0,0.587785,0.809017,-0.5,0.866025,0,0,-0.587785,0.809017,1,6.12323e-17,0,0,-0.951057,-0.309017,-1,-1.83697e-16,0,0,-0.587785,-0.809017,1.22465e-16,-1,0,0,0.951057,0.309017,0.866025,0.5,0,0,0,1,0.866025,-0.5,0,0,0.587785,-0.809017,-0.866025,-0.5,0,1,1,9,1,10,0,11,3,1,1,8,0,0,0,9,3,7,1,0,1,11,2,5,0,9,3,0,2,6,1,11,2,0,3,3
25,0,0,0,0,0,0,0,5,51,37,5,28,2,0,14,0,96,85,0,0,0,0,0,0,0,0,0,2025,7,8,16,1,3,189,28,2,1,-0.587785,-0.809017,-0.866025,-0.5,8,6,-0.587785,0.809017,0.5,-0.866025,6,4,0.587785,-0.809017,0,1,1,1,0.587785,0.809017,1,6.12323e-17,8,8,-0.587785,0.809017,-0.5,-0.866025,2,4,-0.587785,-0.809017,-0.866025,-0.5,0,0,0.587785,0.809017,0.5,0.866025,6,4,0.587785,-0.809017,0,1,0,0,1.22465e-16,-1,-1,-1.83697e-16,0,0,0.587785,0.809017,-0.5,0.866025,0,0,-0.587785,0.809017,1,6.12323e-17,0,0,-0.951057,-0.309017,-1,-1.83697e-16,0,0,-0.587785,-0.809017,1.22465e-16,-1,0,0,0.951057,0.309017,0.866025,0.5,0,0,0,1,0.866025,-0.5,0,0,0.587785,-0.809017,-0.866025,-0.5,0,3,1,9,1,10,0,7,3,1,1,8,0,8,0,9,3,7,1,4,1,11,2,5,0,2,3,0,2,6,1,10,2,0,3,3
26,0,0,0,0,0,0,0,3,42,24,1,28,2,0,14,4,81,85,0,0,0,0,0,0,0,0,0,2025,7,9,16,2,3,190,28,1,1,-0.951057,0.309017,-0.866025,-0.5,7,2,0,1,1.22465e-16,-1,4,0,1.22465e-16,-1,0.5,0.866025,0,1,0.951057,-0.309017,1,6.12323e-17,8,8,-0.587785,0.809017,-0.5,-0.866025,2,4,-0.587785,-0.809017,-0.866025,-0.5,0,0,0.587785,0.809017,0.5,0.866025,6,4,0.587785,-0.809017,0,1,0,0,1.22465e-16,-1,-1,-1.83697e-16,0,0,0.587785,0.809017,-0.5,0.866025,0,0,-0.587785,0.809017,1,6.12323e-17,0,0,-0.951057,-0.309017,-1,-1.83697e-16,0,0,-0.587785,-0.809017,1.22465e-16,-1,0,0,0.951057,0.309017,0.866025,0.5,0,0,0,1,0.866025,-0.5,0,0,0.587785,-0.809017,-0.866025,-0.5,0,5,1,9,1,10,0,6,3,1,1,8,0,2,0,9,3,7,1,10,1,11,2,5,0,8,3,0,2,6,1,4,2,0,3,3
27,0,0,0,0,0,0,0,9,16,32,9,28,2,0,14,8,30,64,0,0,0,0,0,0,0,0,0,2025,7,10,16,3,3,191,28,4,1,0,1,-0.866025,-0.5,2,8,0.587785,0.809017,-0.5,-0.866025,5,5,-0.587785,-0.809017,0.866025,0.5,2,1,1.22465e-16,-1,1,6.12323e-17,8,8,-0.587785,0.809017,-0.5,-0.866025,2,4,-0.587785,-0.809017,-0.866025,-0.5,0,0,0.587785,0.809017,0.5,0.866025,6,4,0.587785,-0.809017,0,1,0,0,1.22465e-16,-1,-1,-1.83697e-16,0,0,0.587785,0.809017,-0.5,0.866025,0,0,-0.587785,0.809017,1,6.12323e-17,0,0,-0.951057,-0.309017,-1,-1.83697e-16,0,0,-0.587785,-0.809017,1.22465e-16,-1,0,0,0.951057,0.309017,0.866025,0.5,0,0,0,1,0.866025,-0.5,0,0,0.587785,-0.809017,-0.866025,-0.5,0,9,1,9,1,10,0,1,3,1,1,8,0,9,0,9,3,7,1,11,1,11,2,5,0,0,3,0,2,6,1,0,2,0,3,3
28,0,0,0,0,0,0,0,1,10,56,15,28,2,0,14,6,20,64,0,0,0,0,0,0,0,0,0,2025,7,11,16,4,3,192,28,0,1,0.951057,0.309017,-0.866025,-0.5,1,9,0.951057,0.309017,-0.866025,-0.5,9,3,-0.951057,-0.309017,1,6.12323e-17,4,1,-0.951057,-0.309017,1,6.12323e-17,8,8,-0.587785,0.809017,-0.5,-0.866025,2,4,-0.587785,-0.809017,-0.866025,-0.5,0,0,0.587785,0.809017,0.5,0.866025,6,4,0.587785,-0.809017,0,1,0,0,1.22465e-16,-1,-1,-1.83697e-16,0,0,0.587785,0.809017,-0.5,0.866025,0,0,-0.587785,0.809017,1,6.12323e-17,0,0,-0.951057,-0.309017,-1,-1.83697e-16,0,0,-0.587785,-0.809017,1.22465e-16,-1,0,0,0.951057,0.309017,0.866025,0.5,0,0,0,1,0.866025,-0.5,0,0,0.587785,-0.809017,-0.866025,-0.5,0,2,1,9,1,10,0,3,3,1,1,8,0,5,0,9,3,7,1,7,1,11,2,5,0,4,3,0,2,6,1,8,2,0,3,3
29,0,0,0,0,0,0,0,3,25,42,1,28,2,0,14,4,46,44,0,0,0,0,0,0,0,0,0,2025,7,14,16,0,3,195,29,1,1,-0.951057,0.309017,-0.866025,-0.5,4,1,1.22465e-16,-1,-0.5,0.866025,7,2,0,1,1.22465e-16,-1,0,1,0.951057,-0.309017,1,6.12323e-17,8,8,-0.587785,0.809017,-0.5,-0.866025,2,4,-0.587785,-0.809017,-0.866025,-0.5,0,0,0.587785,0.809017,0.5,0.866025,6,4,0.587785,-0.809017,0,1,0,0,1.22465e-16,-1,-1,-1.83697e-16,0,0,0.587785,0.809017,-0.5,0.866025,0,0,-0.587785,0.809017,1,6.12323e-17,0,0,-0.951057,-0.309017,-1,-1.83697e-16,0,0,-0.587785,-0.809017,1.22465e-16,-1,0,0,0.951057,0.309017,0.866025,0.5,0,0,0,1,0.866025,-0.5,0,0,0.587785,-0.809017,-0.866025,-0.5,0,4,1,9,1,10,0,2,3,1,1,8,0,6,0,9,3,7,1,3,1,11,2,5,0,7,3,0,2,6,1,5,2,0,3,3
30,0,0,0,0,0,0,0,9,31,16,9,28,2,0,14,8,61,44,0,0,0,0,0,0,0,0,0,2025,7,15,16,1,3,196,29,4,1,0,1,-0.866025,-0.5,5,4,-0.587785,-0.809017,0,1,2,8,0.587785,0.809017,-0.5,-0.866025,2,1,1.22465e-16,-1,1,6.12323e-17,8,8,-0.587785,0.809017,-0.5,-0.866025,2,4,-0.587785,-0.809017,-0.866025,-0.5,0,0,0.587785,0.809017,0.5,0.866025,6,4,0.587785,-0.809017,0,1,0,0,1.22465e-16,-1,-1,-1.83697e-16,0,0,0.587785,0.809017,-0.5,0.866025,0,0,-0.587785,0.809017,1,6.12323e-17,0,0,-0.951057,-0.309017,-1,-1.83697e-16,0,0,-0.587785,-0.809017,1.22465e-16,-1,0,0,0.951057,0.309017,0.866025,0.5,0,0,0,1,0.866025,-0.5,0,0,0.587785,-0.809017,-0.866025,-0.5,0,10,1,9,1,10,0,8,3,1,1,8,0,7,0,9,3,7,1,5,1,11,2,5,0,6,3,0,2,6,1,3,2,0,3,3
31,0,0,0,0,0,0,0,1,54,10,15,28,2,0,14,6,102,75,0,0,0,0,0,0,0,0,0,2025,7,16,16,2,3,197,29,0,1,0.951057,0.309017,-0.866025,-0.5,9,0,-0.951057,-0.309017,0.5,0.866025,1,9,0.951057,0.309017,-0.866025,-0.5,4,1,-0.951057,-0.309017,1,6.12323e-17,8,8,-0.587785,0.809017,-0.5,-0.866025,2,4,-0.587785,-0.809017,-0.866025,-0.5,0,0,0.587785,0.809017,0.5,0.866025,6,4,0.587785,-0.809017,0,1,0,0,1.22465e-16,-1,-1,-1.83697e-16,0,0,0.587785,0.809017,-0.5,0.866025,0,0,-0.587785,0.809017,1,6.12323e-17,0,0,-0.951057,-0.309017,-1,-1.83697e-16,0,0,-0.587785,-0.809017,1.22465e-16,-1,0,0,0.951057,0.309017,0.866025,0.5,0,0,0,1,0.866025,-0.5,0,0,0.587785,-0.809017,-0.866025,-0.5,0,11,1,9,1,10,0,0,3,1,1,8,0,11,0,9,3,7,1,9,1,11,2,5,0,1,3,0,2,6,1,1,2,0,3,3
32,0,0,0,0,0,0,0,7,20,5,12,28,2,0,14,2,38,75,0,0,0,0,0,0,0,0,0,2025,7,17,16,3,3,198,29,3,1,0.587785,-0.809017,-0.866025,-0.5,3,5,-0.951057,0.309017,0.866025,0.5,0,11,0.951057,-0.309017,-1,-1.83697e-16,3,1,-0.587785,0.809017,1,6.12323e-17,8,8,-0.587785,0.809017,-0.5,-0.866025,2,4,-0.587785,-0.809017,-0.866025,-0.5,0,0,0.587785,0.809017,0.5,0.866025,6,4,0.587785,-0.809017,0,1,0,0,1.22465e-16,-1,-1,-1.83697e-16,0,0,0.587785,0.809017,-0.5,0.866025,0,0,-0.587785,0.809017,1,6.12323e-17,0,0,-0.951057,-0.309017,-1,-1.83697e-16,0,0,-0.587785,-0.809017,1.22465e-16,-1,0,0,0.951057,0.309017,0.866025,0.5,0,0,0,1,0.866025,-0.5,0,0,0.587785,-0.809017,-0.866025,-0.5,0,7,1,9,1,10,0,4,3,1,1,8,0,10,0,9,3,7,1,2,1,11,2,5,0,3,3,0,2,6,1,6,2,0,3,3
33,0,0,0,0,0,0,0,5,50,39,5,28,2,0,14,0,93,75,0,0,0,0,0,0,0,0,0,2025,7,18,16,4,3,199,29,2,1,-0.587785,-0.809017,-0.866025,-0.5,8,3,-0.587785,0.809017,1,6.12323e-17,6,7,0.587785,-0.809017,-0.866025,0.5,1,1,0.587785,0.809017,1,6.12323e-17,8,8,-0.587785,0.809017,-0.5,-0.866025,2,4,-0.587785,-0.809017,-0.866025,-0.5,0,0,0.587785,0.809017,0.5,0.866025,6,4,0.587785,-0.809017,0,1,0,0,1.22465e-16,-1,-1,-1.83697e-16,0,0,0.587785,0.809017,-0.5,0.866025,0,0,-0.587785,0.809017,1,6.12323e-17,0,0,-0.951057,-0.309017,-1,-1.83697e-16,0,0,-0.587785,-0.809017,1.22465e-16,-1,0,0,0.951057,0.309017,0.866025,0.5,0,0,0,1,0.866025,-0.5,0,0,0.587785,-0.809017,-0.866025,-0.5,0,6,1,9,1,10,0,10,3,1,1,8,0,4,0,9,3,7,1,8,1,11,2,5,0,5,3,0,2,6,1,7,2,0,3,3
34,0,0,0,0,0,0,0,1,6,54,15,28,2,0,14,6,13,25,0,0,0,0,0,0,0,0,0,2025,7,21,16,0,3,202,30,0,1,0.951057,0.309017,-0.866025,-0.5,1,2,0.951057,0.309017,1.22465e-16,-1,9,0,-0.951057,-0.309017,0.5,0.866025,4,1,-0.951057,-0.309017,1,6.12323e-17,8,8,-0.587785,0.809017,-0.5,-0.866025,2,4,-0.587785,-0.809017,-0.866025,-0.5,0,0,0.587785,0.809017,0.5,0.866025,6,4,0.587785,-0.809017,0,1,0,0,1.22465e-16,-1,-1,-1.83697e-16,0,0,0.587785,0.809017,-0.5,0.866025,0,0,-0.587785,0.809017,1,6.12323e-17,0,0,-0.951057,-0.309017,-1,-1.83697e-16,0,0,-0.587785,-0.809017,1.22465e-16,-1,0,0,0.951057,0.309017,0.866025,0.5,0,0,0,1,0.866025,-0.5,0,0,0.587785,-0.809017,-0.866025,-0.5,0,5,1,9,1,10,0,6,3,1,1,8,0,2,0,9,3,7,1,10,1,11,2,5,0,8,3,0,2,6,1,4,2,0,3,3
35,0,0,0,0,0,0,0,7,4,20,12,28,2,0,14,2,8,25,0,0,0,0,0,0,0,0,0,2025,7,22,16,1,3,203,30,3,1,0.587785,-0.809017,-0.866025,-0.5,0,8,0.951057,-0.309017,-0.5,-0.866025,3,5,-0.951057,0.309017,0.866025,0.5,3,1,-0.587785,0.809017,1,6.12323e-17,8,8,-0.587785,0.809017,-0.5,-0.866025,2,4,-0.587785,-0.809017,-0.866025,-0.5,0,0,0.587785,0.809017,0.5,0.866025,6,4,0.587785,-0.809017,0,1,0,0,1.22465e-16,-1,-1,-1.83697e-16,0,0,0.587785,0.809017,-0.5,0.866025,0,0,-0.587785,0.809017,1,6.12323e-17,0,0,-0.951057,-0.309017,-1,-1.83697e-16,0,0,-0.587785,-0.809017,1.22465e-16,-1,0,0,0.951057,0.309017,0.866025,0.5,0,0,0,1,0.866025,-0.5,0,0,0.587785,-0.809017,-0.866025,-0.5,0,9,1,9,1,10,0,1,3,1,1,8,0,9,0,9,3,7,1,11,1,11,2,5,0,0,3,0,2,6,1,0,2,0,3,3
36,0,0,0,0,0,0,0,5,40,50,5,22,2,0,19,0,76,53,0,0,0,0,0,0,0,0,0,2025,7,23,16,2,3,204,30,2,1,-0.587785,-0.809017,-0.866025,-0.5,6,9,0.587785,-0.809017,-0.866025,-0.5,8,3,-0.587785,0.809017,1,6.12323e-17,1,1,0.587785,0.809017,1,6.12323e-17,6,7,0.587785,-0.809017,-0.866025,0.5,2,4,-0.587785,-0.809017,-0.866025,-0.5,0,0,0.587785,0.809017,0.5,0.866025,8,3,-0.587785,0.809017,1,6.12323e-17,0,0,1.22465e-16,-1,-1,-1.83697e-16,0,0,0.587785,0.809017,-0.5,0.866025,0,0,-0.587785,0.809017,1,6.12323e-17,0,0,-0.951057,-0.309017,-1,-1.83697e-16,0,0,-0.587785,-0.809017,1.22465e-16,-1,0,0,0.951057,0.309017,0.866025,0.5,0,0,0,1,0.866025,-0.5,0,0,0.587785,-0.809017,-0.866025,-0.5,0,2,1,0,1,6,0,3,3,9,1,10,0,5,0,1,3,4,1,7,1,1,2,8,0,4,3,11,2,5,1,8,2,9,3,7
37,0,0,0,0,0,0,0,3,29,47,1,22,2,0,19,4,56,53,0,0,0,0,0,0,0,0,0,2025,7,24,16,3,3,205,30,1,1,-0.951057,0.309017,-0.866025,-0.5,4,11,1.22465e-16,-1,-1,-1.83697e-16,7,10,0,1,0.866025,-0.5,0,1,0.951057,-0.309017,1,6.12323e-17,6,7,0.587785,-0.809017,-0.866025,0.5,2,4,-0.587785,-0.809017,-0.866025,-0.5,0,0,0.587785,0.809017,0.5,0.866025,8,3,-0.587785,0.809017,1,6.12323e-17,0,0,1.22465e-16,-1,-1,-1.83697e-16,0,0,0.587785,0.809017,-0.5,0.866025,0,0,-0.587785,0.809017,1,6.12323e-17,0,0,-0.951057,-0.309017,-1,-1.83697e-16,0,0,-0.587785,-0.809017,1.22465e-16,-1,0,0,0.951057,0.309017,0.866025,0.5,0,0,0,1,0.866025,-0.5,0,0,0.587785,-0.809017,-0.866025,-0.5,0,8,1,0,1,6,0,5,3,9,1,10,0,3,0,1,3,4,1,6,1,1,2,8,0,10,3,11,2,5,1,2,2,9,3,7
38,0,0,0,0,0,0,0,9,33,15,9,22,2,0,19,8,63,53,0,0,0,0,0,0,0,0,0,2025,7,25,16,4,3,206,30,4,1,0,1,-0.866025,-0.5,5,7,-0.587785,-0.809017,-0.866025,0.5,2,6,0.587785,0.809017,0.5,-0.866025,2,1,1.22465e-16,-1,1,6.12323e-17,6,7,0.587785,-0.809017,-0.866025,0.5,2,4,-0.587785,-0.809017,-0.866025,-0.5,0,0,0.587785,0.809017,0.5,0.866025,8,3,-0.587785,0.809017,1,6.12323e-17,0,0,1.22465e-16,-1,-1,-1.83697e-16,0,0,0.587785,0.809017,-0.5,0.866025,0,0,-0.587785,0.809017,1,6.12323e-17,0,0,-0.951057,-0.309017,-1,-1.83697e-16,0,0,-0.587785,-0.809017,1.22465e-16,-1,0,0,0.951057,0.309017,0.866025,0.5,0,0,0,1,0.866025,-0.5,0,0,0.587785,-0.809017,-0.866025,-0.5,0,0,1,0,1,6,0,9,3,9,1,10,0,1,0,1,3,4,1,1,1,1,2,8,0,11,3,11,2,5,1,9,2,9,3,7
39,0,0,0,0,0,0,0,5,48,40,5,22,2,0,19,0,90,95,0,0,0,0,0,0,0,0,0,2025,7,28,16,0,3,209,31,2,1,-0.587785,-0.809017,-0.866025,-0.5,8,0,-0.587785,0.809017,0.5,0.866025,6,9,0.587785,-0.809017,-0.866025,-0.5,1,1,0.587785,0.809017,1,6.12323e-17,6,7,0.587785,-0.809017,-0.866025,0.5,2,4,-0.587785,-0.809017,-0.866025,-0.5,0,0,0.587785,0.809017,0.5,0.866025,8,3,-0.587785,0.809017,1,6.12323e-17,0,0,1.22465e-16,-1,-1,-1.83697e-16,0,0,0.587785,0.809017,-0.5,0.866025,0,0,-0.587785,0.809017,1,6.12323e-17,0,0,-0.951057,-0.309017,-1,-1.83697e-16,0,0,-0.587785,-0.809017,1.22465e-16,-1,0,0,0.951057,0.309017,0.866025,0.5,0,0,0,1,0.866025,-0.5,0,0,0.587785,-0.809017,-0.866025,-0.5,0,11,1,0,1,6,0,0,3,9,1,10,0,11,0,1,3,4,1,9,1,1,2,8,0,1,3,11,2,5,1,1,2,9,3,7
40,0,0,0,0,0,0,0,3,44,29,1,22,2,0,19,4,84,15,0,0,0,0,0,0,0,0,0,2025,7,29,16,1,3,210,31,1,1,-0.951057,0.309017,-0.866025,-0.5,7,5,0,1,0.866025,0.5,4,11,1.22465e-16,-1,-1,-1.83697e-16,0,1,0.951057,-0.309017,1,6.12323e-17,6,7,0.587785,-0.809017,-0.866025,0.5,2,4,-0.587785,-0.809017,-0.866025,-0.5,0,0,0.587785,0.809017,0.5,0.866025,8,3,-0.587785,0.809017,1,6.12323e-17,0,0,1.22465e-16,-1,-1,-1.83697e-16,0,0,0.587785,0.809017,-0.5,0.866025,0,0,-0.587785,0.809017,1,6.12323e-17,0,0,-0.951057,-0.309017,-1,-1.83697e-16,0,0,-0.587785,-0.809017,1.22465e-16,-1,0,0,0.951057,0.309017,0.866025,0.5,0,0,0,1,0.866025,-0.5,0,0,0.587785,-0.809017,-0.866025,-0.5,0,7,1,0,1,6,0,4,3,9,1,10,0,10,0,1,3,4,1,2,1,1,2,8,0,3,3,11,2,5,1,6,2,9,3,7
41,0,0,0,0,0,0,0,9,14,33,9,22,2,0,19,8,26,15,0,0,0,0,0,0,0,0,0,2025,7,30,16,2,3,211,31,4,1,0,1,-0.866025,-0.5,2,3,0.587785,0.809017,1,6.12323e-17,5,7,-0.587785,-0.809017,-0.866025,0.5,2,1,1.22465e-16,-1,1,6.12323e-17,6,7,0.587785,-0.809017,-0.866025,0.5,2,4,-0.587785,-0.809017,-0.866025,-0.5,0,0,0.587785,0.809017,0.5,0.866025,8,3,-0.587785,0.809017,1,6.12323e-17,0,0,1.22465e-16,-1,-1,-1.83697e-16,0,0,0.587785,0.809017,-0.5,0.866025,0,0,-0.587785,0.809017,1,6.12323e-17,0,0,-0.951057,-0.309017,-1,-1.83697e-16,0,0,-0.587785,-0.809017,1.22465e-16,-1,0,0,0.951057,0.309017,0.866025,0.5,0,0,0,1,0.866025,-0.5,0,0,0.587785,-0.809017,-0.866025,-0.5,0,6,1,0,1,6,0,10,3,9,1,10,0,4,0,1,3,4,1,8,1,1,2,8,0,5,3,11,2,5,1,7,2,9,3,7
42,0,0,0,0,0,0,0,1,11,55,15,22,2,0,19,6,21,15,0,0,0,0,0,0,0,0,0,2025,7,31,16,3,3,212,31,0,1,0.951057,0.309017,-0.866025,-0.5,1,10,0.951057,0.309017,0.866025,-0.5,9,1,-0.951057,-0.309017,-0.5,0.866025,4,1,-0.951057,-0.309017,1,6.12323e-17,6,7,0.587785,-0.809017,-0.866025,0.5,2,4,-0.587785,-0.809017,-0.866025,-0.5,0,0,0.587785,0.809017,0.5,0.866025,8,3,-0.587785,0.809017,1,6.12323e-17,0,0,1.22465e-16,-1,-1,-1.83697e-16,0,0,0.587785,0.809017,-0.5,0.866025,0,0,-0.587785,0.809017,1,6.12323e-17,0,0,-0.951057,-0.309017,-1,-1.83697e-16,0,0,-0.587785,-0.809017,1.22465e-16,-1,0,0,0.951057,0.309017,0.866025,0.5,0,0,0,1,0.866025,-0.5,0,0,0.587785,-0.809017,-0.866025,-0.5,0,1,1,0,1,6,0,11,3,9,1,10,0,0,0,1,3,4,1,0,1,1,2,8,0,9,3,11,2,5,1,11,2,9,3,7
43,0,0,0,0,0,0,0,7,3,19,12,22,2,0,19,2,6,6,0,0,0,0,0,0,0,0,0,2025,8,1,16,4,3,213,31,3,1,0.587785,-0.809017,-0.866025,-0.5,0,6,0.951057,-0.309017,0.5,-0.866025,3,4,-0.951057,0.309017,0,1,3,1,-0.587785,0.809017,1,6.12323e-17,6,7,0.587785,-0.809017,-0.866025,0.5,2,4,-0.587785,-0.809017,-0.866025,-0.5,0,0,0.587785,0.809017,0.5,0.866025,8,3,-0.587785,0.809017,1,6.12323e-17,0,0,1.22465e-16,-1,-1,-1.83697e-16,0,0,0.587785,0.809017,-0.5,0.866025,0,0,-0.587785,0.809017,1,6.12323e-17,0,0,-0.951057,-0.309017,-1,-1.83697e-16,0,0,-0.587785,-0.809017,1.22465e-16,-1,0,0,0.951057,0.309017,0.866025,0.5,0,0,0,1,0.866025,-0.5,0,0,0.587785,-0.809017,-0.866025,-0.5,0,3,1,0,1,6,0,7,3,9,1,10,0,8,0,1,3,4,1,4,1,1,2,8,0,2,3,11,2,5,1,10,2,9,3,7
44,0,0,0,0,0,0,0,9,34,14,9,22,2,0,19,8,65,34,0,0,0,0,0,0,0,0,0,2025,8,4,16,0,3,216,32,4,1,0,1,-0.866025,-0.5,5,9,-0.587785,-0.809017,-0.866025,-0.5,2,3,0.587785,0.809017,1,6.12323e-17,2,1,1.22465e-16,-1,1,6.12323e-17,6,7,0.587785,-0.809017,-0.866025,0.5,2,4,-0.587785,-0.809017,-0.866025,-0.5,0,0,0.587785,0.809017,0.5,0.866025,8,3,-0.587785,0.809017,1,6.12323e-17,0,0,1.22465e-16,-1,-1,-1.83697e-16,0,0,0.587785,0.809017,-0.5,0.866025,0,0,-0.587785,0.809017,1,6.12323e-17,0,0,-0.951057,-0.309017,-1,-1.83697e-16,0,0,-0.587785,-0.809017,1.22465e-16,-1,0,0,0.951057,0.309017,0.866025,0.5,0,0,0,1,0.866025,-0.5,0,0,0.587785,-0.809017,-0.866025,-0.5,0,2,1,0,1,6,0,3,3,9,1,10,0,5,0,1,3,4,1,7,1,1,2,8,0,4,3,11,2,5,1,8,2,9,3,7
45,0,0,0,0,0,0,0,1,59,11,15,22,2,0,19,6,111,34,0,0,0,0,0,0,0,0,0,2025,8,5,16,1,3,217,32,0,1,0.951057,0.309017,-0.866025,-0.5,9,11,-0.951057,-0.309017,-1,-1.83697e-16,1,10,0.951057,0.309017,0.866025,-0.5,4,1,-0.951057,-0.309017,1,6.12323e-17,6,7,0.587785,-0.809017,-0.866025,0.5,2,4,-0.587785,-0.809017,-0.866025,-0.5,0,0,0.587785,0.809017,0.5,0.866025,8,3,-0.587785,0.809017,1,6.12323e-17,0,0,1.22465e-16,-1,-1,-1.83697e-16,0,0,0.587785,0.809017,-0.5,0.866025,0,0,-0.587785,0.809017,1,6.12323e-17,0,0,-0.951057,-0.309017,-1,-1.83697e-16,0,0,-0.587785,-0.809017,1.22465e-16,-1,0,0,0.951057,0.309017,0.866025,0.5,0,0,0,1,0.866025,-0.5,0,0,0.587785,-0.809017,-0.866025,-0.5,0,8,1,0,1,6,0,5,3,9,1,10,0,3,0,1,3,4,1,6,1,1,2,8,0,10,3,11,2,5,1,2,2,9,3,7
46,0,0,0,0,0,0,0,7,21,3,12,22,2,0,19,2,40,34,0,0,0,0,0,0,0,0,0,2025,8,6,16,2,3,218,32,3,1,0.587785,-0.809017,-0.866025,-0.5,3,7,-0.951057,0.309017,-0.866025,0.5,0,6,0.951057,-0.309017,0.5,-0.866025,3,1,-0.587785,0.809017,1,6.12323e-17,6,7,0.587785,-0.809017,-0.866025,0.5,2,4,-0.587785,-0.809017,-0.866025,-0.5,0,0,0.587785,0.809017,0.5,0.866025,8,3,-0.587785,0.809017,1,6.12323e-17,0,0,1.22465e-16,-1,-1,-1.83697e-16,0,0,0.587785,0.809017,-0.5,0.866025,0,0,-0.587785,0.809017,1,6.12323e-17,0,0,-0.951057,-0.309017,-1,-1.83697e-16,0,0,-0.587785,-0.809017,1.22465e-16,-1,0,0,0.951057,0.309017,0.866025,0.5,0,0,0,1,0.866025,-0.5,0,0,0.587785,-0.809017,-0.866025,-0.5,0,0,1,0,1,6,0,9,3,9,1,10,0,1,0,1,3,4,1,1,1,1,2,8,0,11,3,11,2,5,1,9,2,9,3,7
47,0,0,0,0,0,0,0,5,49,36,5,26,2,0,10,0,91,76,0,0,0,0,0,0,0,0,0,2025,8,7,16,3,3,219,32,2,1,-0.587785,-0.809017,-0.866025,-0.5,8,1,-0.587785,0.809017,-0.5,0.866025,6,2,0.587785,-0.809017,1.22465e-16,-1,1,1,0.587785,0.809017,1,6.12323e-17,7,9,0,1,-0.866025,-0.5,2,4,-0.587785,-0.809017,-0.866025,-0.5,0,0,0.587785,0.809017,0.5,0.866025,4,0,1.22465e-16,-1,0.5,0.866025,0,0,1.22465e-16,-1,-1,-1.83697e-16,0,0,0.587785,0.809017,-0.5,0.866025,0,0,-0.587785,0.809017,1,6.12323e-17,0,0,-0.951057,-0.309017,-1,-1.83697e-16,0,0,-0.587785,-0.809017,1.22465e-16,-1,0,0,0.951057,0.309017,0.866025,0.5,0,0,0,1,0.866025,-0.5,0,0,0.587785,-0.809017,-0.866025,-0.5,0,4,1,2,1,11,0,2,3,3,1,0,0,6,0,5,3,11,1,3,1,7,2,9,0,7,3,4,2,1,1,5,2,8,3,1
48,0,0,0,0,0,0,0,3,43,28,1,26,2,0,10,4,83,76,0,0,0,0,0,0,0,0,0,2025,8,8,16,4,3,220,32,1,1,-0.951057,0.309017,-0.866025,-0.5,7,4,0,1,0,1,4,8,1.22465e-16,-1,-0.5,-0.866025,0,1,0.951057,-0.309017,1,6.12323e-17,7,9,0,1,-0.866025,-0.5,2,4,-0.587785,-0.809017,-0.866025,-0.5,0,0,0.587785,0.809017,0.5,0.866025,4,0,1.22465e-16,-1,0.5,0.866025,0,0,1.22465e-16,-1,-1,-1.83697e-16,0,0,0.587785,0.809017,-0.5,0.866025,0,0,-0.587785,0.809017,1,6.12323e-17,0,0,-0.951057,-0.309017,-1,-1.83697e-16,0,0,-0.587785,-0.809017,1.22465e-16,-1,0,0,0.951057,0.309017,0.866025,0.5,0,0,0,1,0.866025,-0.5,0,0,0.587785,-0.809017,-0.866025,-0.5,0,10,1,2,1,11,0,8,3,3,1,0,0,7,0,5,3,11,1,5,1,7,2,9,0,6,3,4,2,1,1,3,2,8,3,1
49,0,0,0,0,0,0,0,7,2,21,12,26,2,0,10,2,3,45,0,0,0,0,0,0,0,0,0,2025,8,11,16,0,3,223,33,3,1,0.587785,-0.809017,-0.866025,-0.5,0,3,0.951057,-0.309017,1,6.12323e-17,3,7,-0.951057,0.309017,-0.866025,0.5,3,1,-0.587785,0.809017,1,6.12323e-17,7,9,0,1,-0.866025,-0.5,2,4,-0.587785,-0.809017,-0.866025,-0.5,0,0,0.587785,0.809017,0.5,0.866025,4,0,1.22465e-16,-1,0.5,0.866025,0,0,1.22465e-16,-1,-1,-1.83697e-16,0,0,0.587785,0.809017,-0.5,0.866025,0,0,-0.587785,0.809017,1,6.12323e-17,0,0,-0.951057,-0.309017,-1,-1.83697e-16,0,0,-0.587785,-0.809017,1.22465e-16,-1,0,0,0.951057,0.309017,0.866025,0.5,0,0,0,1,0.866025,-0.5,0,0,0.587785,-0.809017,-0.866025,-0.5,0,6,1,2,1,11,0,10,3,3,1,0,0,4,0,5,3,11,1,8,1,7,2,9,0,5,3,4,2,1,1,7,2,8,3,1
50,0,0,0,0,0,0,0,5,41,49,5,26,2,0,10,0,77,45,0,0,0,0,0,0,0,0,0,2025,8,12,16,1,3,224,33,2,1,-0.587785,-0.809017,-0.866025,-0.5,6,10,0.587785,-0.809017,0.866025,-0.5,8,1,-0.587785,0.809017,-0.5,0.866025,1,1,0.587785,0.809017,1,6.12323e-17,7,9,0,1,-0.866025,-0.5,2,4,-0.587785,-0.809017,-0.866025,-0.5,0,0,0.587785,0.809017,0.5,0.866025,4,0,1.22465e-16,-1,0.5,0.866025,0,0,1.22465e-16,-1,-1,-1.83697e-16,0,0,0.587785,0.809017,-0.5,0.866025,0,0,-0.587785,0.809017,1,6.12323e-17,0,0,-0.951057,-0.309017,-1,-1.83697e-16,0,0,-0.587785,-0.809017,1.22465e-16,-1,0,0,0.951057,0.309017,0.866025,0.5,0,0,0,1,0.866025,-0.5,0,0,0.587785,-0.809017,-0.866025,-0.5,0,1,1,2,1,11,0,11,3,3,1,0,0,0,0,5,3,11,1,0,1,7,2,9,0,9,3,4,2,1,1,11,2,8,3,1
51,0,0,0,0,0,0,0,3,27,43,1,26,2,0,10,4,51,45,0,0,0,0,0,0,0,0,0,2025,8,13,16,2,3,225,33,1,1,-0.951057,0.309017,-0.866025,-0.5,4,6,1.22465e-16,-1,0.5,-0.866025,7,4,0,1,0,1,0,1,0.951057,-0.309017,1,6.12323e-17,7,9,0,1,-0.866025,-0.5,2,4,-0.587785,-0.809017,-0.866025,-0.5,0,0,0.587785,0.809017,0.5,0.866025,4,0,1.22465e-16,-1,0.5,0.866025,0,0,1.22465e-16,-1,-1,-1.83697e-16,0,0,0.587785,0.809017,-0.5,0.866025,0,0,-0.587785,0.809017,1,6.12323e-17,0,0,-0.951057,-0.309017,-1,-1.83697e-16,0,0,-0.587785,-0.809017,1.22465e-16,-1,0,0,0.951057,0.309017,0.866025,0.5,0,0,0,1,0.866025,-0.5,0,0,0.587785,-0.809017,-0.866025,-0.5,0,3,1,2,1,11,0,7,3,3,1,0,0,8,0,5,3,11,1,4,1,7,2,9,0,2,3,4,2,1,1,10,2,8,3,1
52,0,0,0,0,0,0,0,9,30,12,9,26,2,0,10,8,59,54,0,0,0,0,0,0,0,0,0,2025,8,14,16,3,3,226,33,4,1,0,1,-0.866025,-0.5,5,2,-0.587785,-0.809017,1.22465e-16,-1,2,0,0.587785,0.809017,0.5,0.866025,2,1,1.22465e-16,-1,1,6.12323e-17,7,9,0,1,-0.866025,-0.5,2,4,-0.587785,-0.809017,-0.866025,-0.5,0,0,0.587785,0.809017,0.5,0.866025,4,0,1.22465e-16,-1,0.5,0.866025,0,0,1.22465e-16,-1,-1,-1.83697e-16,0,0,0.587785,0.809017,-0.5,0.866025,0,0,-0.587785,0.809017,1,6.12323e-17,0,0,-0.951057,-0.309017,-1,-1.83697e-16,0,0,-0.587785,-0.809017,1.22465e-16,-1,0,0,0.951057,0.309017,0.866025,0.5,0,0,0,1,0.866025,-0.5,0,0,0.587785,-0.809017,-0.866025,-0.5,0,5,1,2,1,11,0,6,3,3,1,0,0,2,0,5,3,11,1,10,1,7,2,9,0,8,3,4,2,1,1,4,2,8,3,1
53,0,0,0,0,0,0,0,1,58,8,15,26,2,0,10,6,108,54,0,0,0,0,0,0,0,0,0,2025,8,15,16,4,3,227,33,0,1,0.951057,0.309017,-0.866025,-0.5,9,8,-0.951057,-0.309017,-0.5,-0.866025,1,5,0.951057,0.309017,0.866025,0.5,4,1,-0.951057,-0.309017,1,6.12323e-17,7,9,0,1,-0.866025,-0.5,2,4,-0.587785,-0.809017,-0.866025,-0.5,0,0,0.587785,0.809017,0.5,0.866025,4,0,1.22465e-16,-1,0.5,0.866025,0,0,1.22465e-16,-1,-1,-1.83697e-16,0,0,0.587785,0.809017,-0.5,0.866025,0,0,-0.587785,0.809017,1,6.12323e-17,0,0,-0.951057,-0.309017,-1,-1.83697e-16,0,0,-0.587785,-0.809017,1.22465e-16,-1,0,0,0.951057,0.309017,0.866025,0.5,0,0,0,1,0.866025,-0.5,0,0,0.587785,-0.809017,-0.866025,-0.5,0,9,1,2,1,11,0,1,3,3,1,0,0,9,0,5,3,11,1,11,1,7,2,9,0,0,3,4,2,1,1,0,2,8,3,1
54,0,0,0,0,0,0,0,3,45,27,1,26,2,0,10,4,86,26,0,0,0,0,0,0,0,0,0,2025,8,18,16,0,3,230,34,1,1,-0.951057,0.309017,-0.866025,-0.5,7,7,0,1,-0.866025,0.5,4,6,1.22465e-16,-1,0.5,-0.866025,0,1,0.951057,-0.309017,1,6.12323e-17,7,9,0,1,-0.866025,-0.5,2,4,-0.587785,-0.809017,-0.866025,-0.5,0,0,0.587785,0.809017,0.5,0.866025,4,0,1.22465e-16,-1,0.5,0.866025,0,0,1.22465e-16,-1,-1,-1.83697e-16,0,0,0.587785,0.809017,-0.5,0.866025,0,0,-0.587785,0.809017,1,6.12323e-17,0,0,-0.951057,-0.309017,-1,-1.83697e-16,0,0,-0.587785,-0.809017,1.22465e-16,-1,0,0,0.951057,0.309017,0.866025,0.5,0,0,0,1,0.866025,-0.5,0,0,0.587785,-0.809017,-0.866025,-0.5,0,0,1,2,1,11,0,9,3,3,1,0,0,1,0,5,3,11,1,1,1,7,2,9,0,11,3,4,2,1,1,9,2,8,3,1
55,0,0,0,0,0,0,0,9,13,30,9,26,2,0,10,8,24,26,0,0,0,0,0,0,0,0,0,2025,8,19,16,1,3,231,34,4,1,0,1,-0.866025,-0.5,2,1,0.587785,0.809017,-0.5,0.866025,5,2,-0.587785,-0.809017,1.22465e-16,-1,2,1,1.22465e-16,-1,1,6.12323e-17,7,9,0,1,-0.866025,-0.5,2,4,-0.587785,-0.809017,-0.866025,-0.5,0,0,0.587785,0.809017,0.5,0.866025,4,0,1.22465e-16,-1,0.5,0.866025,0,0,1.22465e-16,-1,-1,-1.83697e-16,0,0,0.587785,0.809017,-0.5,0.866025,0,0,-0.587785,0.809017,1,6.12323e-17,0,0,-0.951057,-0.309017,-1,-1.83697e-16,0,0,-0.587785,-0.809017,1.22465e-16,-1,0,0,0.951057,0.309017,0.866025,0.5,0,0,0,1,0.866025,-0.5,0,0,0.587785,-0.809017,-0.866025,-0.5,0,4,1,2,1,11,0,2,3,3,1,0,0,6,0,5,3,11,1,3,1,7,2,9,0,7,3,4,2,1,1,5,2,8,3,1
56,0,0,0,0,0,0,0,1,7,58,15,26,2,0,10,6,15,17,0,0,0,0,0,0,0,0,0,2025,8,20,16,2,3,232,34,0,1,0.951057,0.309017,-0.866025,-0.5,1,4,0.951057,0.309017,0,1,9,8,-0.951057,-0.309017,-0.5,-0.866025,4,1,-0.951057,-0.309017,1,6.12323e-17,7,9,0,1,-0.866025,-0.5,2,4,-0.587785,-0.809017,-0.866025,-0.5,0,0,0.587785,0.809017,0.5,0.866025,4,0,1.22465e-16,-1,0.5,0.866025,0,0,1.22465e-16,-1,-1,-1.83697e-16,0,0,0.587785,0.809017,-0.5,0.866025,0,0,-0.587785,0.809017,1,6.12323e-17,0,0,-0.951057,-0.309017,-1,-1.83697e-16,0,0,-0.587785,-0.809017,1.22465e-16,-1,0,0,0.951057,0.309017,0.866025,0.5,0,0,0,1,0.866025,-0.5,0,0,0.587785,-0.809017,-0.866025,-0.5,0,10,1,2,1,11,0,8,3,3,1,0,0,7,0,5,3,11,1,5,1,7,2,9,0,6,3,4,2,1,1,3,2,8,3,1
57,0,0,0,0,0,0,0,7,0,22,12,26,2,0,10,2,0,17,0,0,0,0,0,0,0,0,0,2025,8,21,16,3,3,233,34,3,1,0.587785,-0.809017,-0.866025,-0.5,0,0,0.951057,-0.309017,0.5,0.866025,3,9,-0.951057,0.309017,-0.866025,-0.5,3,1,-0.587785,0.809017,1,6.12323e-17,7,9,0,1,-0.866025,-0.5,2,4,-0.587785,-0.809017,-0.866025,-0.5,0,0,0.587785,0.809017,0.5,0.866025,4,0,1.22465e-16,-1,0.5,0.866025,0,0,1.22465e-16,-1,-1,-1.83697e-16,0,0,0.587785,0.809017,-0.5,0.866025,0,0,-0.587785,0.809017,1,6.12323e-17,0,0,-0.951057,-0.309017,-1,-1.83697e-16,0,0,-0.587785,-0.809017,1.22465e-16,-1,0,0,0.951057,0.309017,0.866025,0.5,0,0,0,1,0.866025,-0.5,0,0,0.587785,-0.809017,-0.866025,-0.5,0,11,1,2,1,11,0,0,3,3,1,0,0,11,0,5,3,11,1,9,1,7,2,9,0,1,3,4,2,1,1,1,2,8,3,1
58,0,0,0,0,0,0,0,5,38,53,5,26,2,0,10,0,73,17,0,0,0,0,0,0,0,0,0,2025,8,22,16,4,3,234,34,2,1,-0.587785,-0.809017,-0.866025,-0.5,6,5,0.587785,-0.809017,0.866025,0.5,8,11,-0.587785,0.809017,-1,-1.83697e-16,1,1,0.587785,0.809017,1,6.12323e-17,7,9,0,1,-0.866025,-0.5,2,4,-0.587785,-0.809017,-0.866025,-0.5,0,0,0.587785,0.809017,0.5,0.866025,4,0,1.22465e-16,-1,0.5,0.866025,0,0,1.22465e-16,-1,-1,-1.83697e-16,0,0,0.587785,0.809017,-0.5,0.866025,0,0,-0.587785,0.809017,1,6.12323e-17,0,0,-0.951057,-0.309017,-1,-1.83697e-16,0,0,-0.587785,-0.809017,1.22465e-16,-1,0,0,0.951057,0.309017,0.866025,0.5,0,0,0,1,0.866025,-0.5,0,0,0.587785,-0.809017,-0.866025,-0.5,0,7,1,2,1,11,0,4,3,3,1,0,0,10,0,5,3,11,1,2,1,7,2,9,0,3,3,4,2,1,1,6,2,8,3,1
59,0,0,0,0,0,0,0,1,57,7,15,14,2,0,18,6,106,90,4,0,0,0,0,0,0,0,0,2025,8,25,16,0,3,237,35,0,1,0.951057,0.309017,-0.866025,-0.5,9,6,-0.951057,-0.309017,0.5,-0.866025,1,4,0.951057,0.309017,0,1,4,1,-0.951057,-0.309017,1,6.12323e-17,4,1,1.22465e-16,-1,-0.5,0.866025,2,4,-0.587785,-0.809017,-0.866025,-0.5,0,0,0.587785,0.809017,0.5,0.866025,7,10,0,1,0.866025,-0.5,0,0,1.22465e-16,-1,-1,-1.83697e-16,0,0,0.587785,0.809017,-0.5,0.866025,0,0,-0.587785,0.809017,1,6.12323e-17,0,0,-0.951057,-0.309017,-1,-1.83697e-16,0,0,-0.587785,-0.809017,1.22465e-16,-1,0,0,0.951057,0.309017,0.866025,0.5,0,0,0,1,0.866025,-0.5,0,0,0.587785,-0.809017,-0.866025,-0.5,0,3,1,4,1,1,0,7,3,2,1,11,0,8,0,6,3,0,1,4,1,3,2,0,0,2,3,7,2,9,1,10,2,5,3,11
60,0,0,0,0,0,0,0,7,18,0,12,14,2,0,18,2,36,29,4,0,0,0,0,0,0,0,0,2025,8,26,16,1,3,238,35,3,1,0.587785,-0.809017,-0.866025,-0.5,3,2,-0.951057,0.309017,1.22465e-16,-1,0,0,0.951057,-0.309017,0.5,0.866025,3,1,-0.587785,0.809017,1,6.12323e-17,4,1,1.22465e-16,-1,-0.5,0.866025,2,4,-0.587785,-0.809017,-0.866025,-0.5,0,0,0.587785,0.809017,0.5,0.866025,7,10,0,1,0.866025,-0.5,0,0,1.22465e-16,-1,-1,-1.83697e-16,0,0,0.587785,0.809017,-0.5,0.866025,0,0,-0.587785,0.809017,1,6.12323e-17,0,0,-0.951057,-0.309017,-1,-1.83697e-16,0,0,-0.587785,-0.809017,1.22465e-16,-1,0,0,0.951057,0.309017,0.866025,0.5,0,0,0,1,0.866025,-0.5,0,0,0.587785,-0.809017,-0.866025,-0.5,0,5,1,4,1,1,0,6,3,2,1,11,0,2,0,6,3,0,1,10,1,3,2,0,0,8,3,7,2,9,1,4,2,5,3,11
61,0,0,0,0,0,0,0,5,52,38,5,14,2,0,18,0,98,29,4,0,0,0,0,0,0,0,0,2025,8,27,16,2,3,239,35,2,1,-0.587785,-0.809017,-0.866025,-0.5,8,8,-0.587785,0.809017,-0.5,-0.866025,6,5,0.587785,-0.809017,0.866025,0.5,1,1,0.587785,0.809017,1,6.12323e-17,4,1,1.22465e-16,-1,-0.5,0.866025,2,4,-0.587785,-0.809017,-0.866025,-0.5,0,0,0.587785,0.809017,0.5,0.866025,7,10,0,1,0.866025,-0.5,0,0,1.22465e-16,-1,-1,-1.83697e-16,0,0,0.587785,0.809017,-0.5,0.866025,0,0,-0.587785,0.809017,1,6.12323e-17,0,0,-0.951057,-0.309017,-1,-1.83697e-16,0,0,-0.587785,-0.809017,1.22465e-16,-1,0,0,0.951057,0.309017,0.866025,0.5,0,0,0,1,0.866025,-0.5,0,0,0.587785,-0.809017,-0.866025,-0.5,0,9,1,4,1,1,0,1,3,2,1,11,0,9,0,6,3,0,1,11,1,3,2,0,0,0,3,7,2,9,1,0,2,5,3,11
62,0,0,0,0,0,0,0,3,46,26,1,14,2,0,18,4,88,29,4,0,0,0,0,0,0,0,0,2025,8,28,16,3,3,240,35,1,1,-0.951057,0.309017,-0.866025,-0.5,7,9,0,1,-0.866025,-0.5,4,3,1.22465e-16,-1,1,6.12323e-17,0,1,0.951057,-0.309017,1,6.12323e-17,4,1,1.22465e-16,-1,-0.5,0.866025,2,4,-0.587785,-0.809017,-0.866025,-0.5,0,0,0.587785,0.809017,0.5,0.866025,7,10,0,1,0.866025,-0.5,0,0,1.22465e-16,-1,-1,-1.83697e-16,0,0,0.587785,0.809017,-0.5,0.866025,0,0,-0.587785,0.809017,1,6.12323e-17,0,0,-0.951057,-0.309017,-1,-1.83697e-16,0,0,-0.587785,-0.809017,1.22465e-16,-1,0,0,0.951057,0.309017,0.866025,0.5,0,0,0,1,0.866025,-0.5,0,0,0.587785,-0.809017,-0.866025,-0.5,0,2,1,4,1,1,0,3,3,2,1,11,0,5,0,6,3,0,1,7,1,3,2,0,0,4,3,7,2,9,1,8,2,5,3,11
63,0,0,0,0,0,0,0,9,17,35,9,14,2,0,18,8,33,1,4,0,0,0,0,0,0,0,0,2025,8,29,16,4,3,241,35,4,1,0,1,-0.866025,-0.5,2,11,0.587785,0.809017,-1,-1.83697e-16,5,10,-0.587785,-0.809017,0.866025,-0.5,2,1,1.22465e-16,-1,1,6.12323e-17,4,1,1.22465e-16,-1,-0.5,0.866025,2,4,-0.587785,-0.809017,-0.866025,-0.5,0,0,0.587785,0.809017,0.5,0.866025,7,10,0,1,0.866025,-0.5,0,0,1.22465e-16,-1,-1,-1.83697e-16,0,0,0.587785,0.809017,-0.5,0.866025,0,0,-0.587785,0.809017,1,6.12323e-17,0,0,-0.951057,-0.309017,-1,-1.83697e-16,0,0,-0.587785,-0.809017,1.22465e-16,-1,0,0,0.951057,0.309017,0.866025,0.5,0,0,0,1,0.866025,-0.5,0,0,0.587785,-0.809017,-0.866025,-0.5,0,8,1,4,1,1,0,5,3,2,1,11,0,3,0,6,3,0,1,6,1,3,2,0,0,10,3,7,2,9,1,2,2,5,3,11
