,time
0,2025-06-16 09:35:29.992980+08:00
1,2025-06-16 10:35:29.992980+08:00
2,2025-06-16 11:35:29.992980+08:00
3,2025-06-16 12:35:29.992980+08:00
4,2025-06-16 13:35:29.992980+08:00
5,2025-06-16 14:35:29.992980+08:00
6,2025-06-16 15:35:29.992980+08:00
7,2025-06-16 16:35:29.992980+08:00
8,2025-06-17 09:35:29.992980+08:00
9,2025-06-17 10:35:29.992980+08:00
10,2025-06-17 11:35:29.992980+08:00
11,2025-06-17 12:35:29.992980+08:00
12,2025-06-17 13:35:29.992980+08:00
13,2025-06-17 14:35:29.992980+08:00
14,2025-06-17 15:35:29.992980+08:00
15,2025-06-17 16:35:29.992980+08:00
16,2025-06-18 09:35:29.992980+08:00
17,2025-06-18 10:35:29.992980+08:00
18,2025-06-18 11:35:29.992980+08:00
19,2025-06-18 12:35:29.992980+08:00
20,2025-06-18 13:35:29.992980+08:00
21,2025-06-18 14:35:29.992980+08:00
22,2025-06-18 15:35:29.992980+08:00
23,2025-06-18 16:35:29.992980+08:00
24,2025-06-19 09:35:29.992980+08:00
25,2025-06-19 10:35:29.992980+08:00
26,2025-06-19 11:35:29.992980+08:00
27,2025-06-19 12:35:29.992980+08:00
28,2025-06-19 13:35:29.992980+08:00
29,2025-06-19 14:35:29.992980+08:00
30,2025-06-19 15:35:29.992980+08:00
31,2025-06-19 16:35:29.992980+08:00
32,2025-06-20 09:35:29.992980+08:00
33,2025-06-20 10:35:29.992980+08:00
34,2025-06-20 11:35:29.992980+08:00
35,2025-06-20 12:35:29.992980+08:00
36,2025-06-20 13:35:29.992980+08:00
37,2025-06-20 14:35:29.992980+08:00
38,2025-06-20 15:35:29.992980+08:00
39,2025-06-20 16:35:29.992980+08:00
40,2025-06-23 09:35:29.992980+08:00
41,2025-06-23 10:35:29.992980+08:00
42,2025-06-23 11:35:29.992980+08:00
43,2025-06-23 12:35:29.992980+08:00
44,2025-06-23 13:35:29.992980+08:00
45,2025-06-23 14:35:29.992980+08:00
46,2025-06-23 15:35:29.992980+08:00
47,2025-06-23 16:35:29.992980+08:00
48,2025-06-24 09:35:29.992980+08:00
49,2025-06-24 10:35:29.992980+08:00
50,2025-06-24 11:35:29.992980+08:00
51,2025-06-24 12:35:29.992980+08:00
52,2025-06-24 13:35:29.992980+08:00
53,2025-06-24 14:35:29.992980+08:00
54,2025-06-24 15:35:29.992980+08:00
55,2025-06-24 16:35:29.992980+08:00
56,2025-06-25 09:35:29.992980+08:00
57,2025-06-25 10:35:29.992980+08:00
58,2025-06-25 11:35:29.992980+08:00
59,2025-06-25 12:35:29.992980+08:00
60,2025-06-25 13:35:29.992980+08:00
61,2025-06-25 14:35:29.992980+08:00
62,2025-06-25 15:35:29.992980+08:00
63,2025-06-25 16:35:29.992980+08:00
64,2025-06-26 09:35:29.992980+08:00
65,2025-06-26 10:35:29.992980+08:00
66,2025-06-26 11:35:29.992980+08:00
67,2025-06-26 12:35:29.992980+08:00
68,2025-06-26 13:35:29.992980+08:00
69,2025-06-26 14:35:29.992980+08:00
70,2025-06-26 15:35:29.992980+08:00
71,2025-06-26 16:35:29.992980+08:00
72,2025-06-27 09:35:29.992980+08:00
73,2025-06-27 10:35:29.992980+08:00
74,2025-06-27 11:35:29.992980+08:00
75,2025-06-27 12:35:29.992980+08:00
76,2025-06-27 13:35:29.992980+08:00
77,2025-06-27 14:35:29.992980+08:00
78,2025-06-27 15:35:29.992980+08:00
79,2025-06-27 16:35:29.992980+08:00
80,2025-06-30 09:35:29.992980+08:00
81,2025-06-30 10:35:29.992980+08:00
82,2025-06-30 11:35:29.992980+08:00
83,2025-06-30 12:35:29.992980+08:00
84,2025-06-30 13:35:29.992980+08:00
85,2025-06-30 14:35:29.992980+08:00
86,2025-06-30 15:35:29.992980+08:00
87,2025-06-30 16:35:29.992980+08:00
88,2025-07-01 09:35:29.992980+08:00
89,2025-07-01 10:35:29.992980+08:00
90,2025-07-01 11:35:29.992980+08:00
91,2025-07-01 12:35:29.992980+08:00
92,2025-07-01 13:35:29.992980+08:00
93,2025-07-01 14:35:29.992980+08:00
94,2025-07-01 15:35:29.992980+08:00
95,2025-07-01 16:35:29.992980+08:00
96,2025-07-02 09:35:29.992980+08:00
97,2025-07-02 10:35:29.992980+08:00
98,2025-07-02 11:35:29.992980+08:00
99,2025-07-02 12:35:29.992980+08:00
100,2025-07-02 13:35:29.992980+08:00
101,2025-07-02 14:35:29.992980+08:00
102,2025-07-02 15:35:29.992980+08:00
103,2025-07-02 16:35:29.992980+08:00
104,2025-07-03 09:35:29.992980+08:00
105,2025-07-03 10:35:29.992980+08:00
106,2025-07-03 11:35:29.992980+08:00
107,2025-07-03 12:35:29.992980+08:00
108,2025-07-03 13:35:29.992980+08:00
109,2025-07-03 14:35:29.992980+08:00
110,2025-07-03 15:35:29.992980+08:00
111,2025-07-03 16:35:29.992980+08:00
112,2025-07-04 09:35:29.992980+08:00
113,2025-07-04 10:35:29.992980+08:00
114,2025-07-04 11:35:29.992980+08:00
115,2025-07-04 12:35:29.992980+08:00
116,2025-07-04 13:35:29.992980+08:00
117,2025-07-04 14:35:29.992980+08:00
118,2025-07-04 15:35:29.992980+08:00
119,2025-07-04 16:35:29.992980+08:00
120,2025-07-07 09:35:29.992980+08:00
121,2025-07-07 10:35:29.992980+08:00
122,2025-07-07 11:35:29.992980+08:00
123,2025-07-07 12:35:29.992980+08:00
124,2025-07-07 13:35:29.992980+08:00
125,2025-07-07 14:35:29.992980+08:00
126,2025-07-07 15:35:29.992980+08:00
127,2025-07-07 16:35:29.992980+08:00
128,2025-07-08 09:35:29.992980+08:00
129,2025-07-08 10:35:29.992980+08:00
130,2025-07-08 11:35:29.992980+08:00
131,2025-07-08 12:35:29.992980+08:00
132,2025-07-08 13:35:29.992980+08:00
133,2025-07-08 14:35:29.992980+08:00
134,2025-07-08 15:35:29.992980+08:00
135,2025-07-08 16:35:29.992980+08:00
136,2025-07-09 09:35:29.992980+08:00
137,2025-07-09 10:35:29.992980+08:00
138,2025-07-09 11:35:29.992980+08:00
139,2025-07-09 12:35:29.992980+08:00
140,2025-07-09 13:35:29.992980+08:00
141,2025-07-09 14:35:29.992980+08:00
142,2025-07-09 15:35:29.992980+08:00
143,2025-07-09 16:35:29.992980+08:00
144,2025-07-10 09:35:29.992980+08:00
145,2025-07-10 10:35:29.992980+08:00
146,2025-07-10 11:35:29.992980+08:00
147,2025-07-10 12:35:29.992980+08:00
148,2025-07-10 13:35:29.992980+08:00
149,2025-07-10 14:35:29.992980+08:00
150,2025-07-10 15:35:29.992980+08:00
151,2025-07-10 16:35:29.992980+08:00
152,2025-07-11 09:35:29.992980+08:00
153,2025-07-11 10:35:29.992980+08:00
154,2025-07-11 11:35:29.992980+08:00
155,2025-07-11 12:35:29.992980+08:00
156,2025-07-11 13:35:29.992980+08:00
157,2025-07-11 14:35:29.992980+08:00
158,2025-07-11 15:35:29.992980+08:00
159,2025-07-11 16:35:29.992980+08:00
160,2025-07-14 09:35:29.992980+08:00
161,2025-07-14 10:35:29.992980+08:00
162,2025-07-14 11:35:29.992980+08:00
163,2025-07-14 12:35:29.992980+08:00
164,2025-07-14 13:35:29.992980+08:00
165,2025-07-14 14:35:29.992980+08:00
166,2025-07-14 15:35:29.992980+08:00
167,2025-07-14 16:35:29.992980+08:00
168,2025-07-15 09:35:29.992980+08:00
169,2025-07-15 10:35:29.992980+08:00
170,2025-07-15 11:35:29.992980+08:00
171,2025-07-15 12:35:29.992980+08:00
172,2025-07-15 13:35:29.992980+08:00
173,2025-07-15 14:35:29.992980+08:00
174,2025-07-15 15:35:29.992980+08:00
175,2025-07-15 16:35:29.992980+08:00
176,2025-07-16 09:35:29.992980+08:00
177,2025-07-16 10:35:29.992980+08:00
178,2025-07-16 11:35:29.992980+08:00
179,2025-07-16 12:35:29.992980+08:00
180,2025-07-16 13:35:29.992980+08:00
181,2025-07-16 14:35:29.992980+08:00
182,2025-07-16 15:35:29.992980+08:00
183,2025-07-16 16:35:29.992980+08:00
184,2025-07-17 09:35:29.992980+08:00
185,2025-07-17 10:35:29.992980+08:00
186,2025-07-17 11:35:29.992980+08:00
187,2025-07-17 12:35:29.992980+08:00
188,2025-07-17 13:35:29.992980+08:00
189,2025-07-17 14:35:29.992980+08:00
190,2025-07-17 15:35:29.992980+08:00
191,2025-07-17 16:35:29.992980+08:00
192,2025-07-18 09:35:29.992980+08:00
193,2025-07-18 10:35:29.992980+08:00
194,2025-07-18 11:35:29.992980+08:00
195,2025-07-18 12:35:29.992980+08:00
196,2025-07-18 13:35:29.992980+08:00
197,2025-07-18 14:35:29.992980+08:00
198,2025-07-18 15:35:29.992980+08:00
199,2025-07-18 16:35:29.992980+08:00
200,2025-07-21 09:35:29.992980+08:00
201,2025-07-21 10:35:29.992980+08:00
202,2025-07-21 11:35:29.992980+08:00
203,2025-07-21 12:35:29.992980+08:00
204,2025-07-21 13:35:29.992980+08:00
205,2025-07-21 14:35:29.992980+08:00
206,2025-07-21 15:35:29.992980+08:00
207,2025-07-21 16:35:29.992980+08:00
208,2025-07-22 09:35:29.992980+08:00
209,2025-07-22 10:35:29.992980+08:00
210,2025-07-22 11:35:29.992980+08:00
211,2025-07-22 12:35:29.992980+08:00
212,2025-07-22 13:35:29.992980+08:00
213,2025-07-22 14:35:29.992980+08:00
214,2025-07-22 15:35:29.992980+08:00
215,2025-07-22 16:35:29.992980+08:00
216,2025-07-23 09:35:29.992980+08:00
217,2025-07-23 10:35:29.992980+08:00
218,2025-07-23 11:35:29.992980+08:00
219,2025-07-23 12:35:29.992980+08:00
220,2025-07-23 13:35:29.992980+08:00
221,2025-07-23 14:35:29.992980+08:00
222,2025-07-23 15:35:29.992980+08:00
223,2025-07-23 16:35:29.992980+08:00
224,2025-07-24 09:35:29.992980+08:00
225,2025-07-24 10:35:29.992980+08:00
226,2025-07-24 11:35:29.992980+08:00
227,2025-07-24 12:35:29.992980+08:00
228,2025-07-24 13:35:29.992980+08:00
229,2025-07-24 14:35:29.992980+08:00
230,2025-07-24 15:35:29.992980+08:00
231,2025-07-24 16:35:29.992980+08:00
232,2025-07-25 09:35:29.992980+08:00
233,2025-07-25 10:35:29.992980+08:00
234,2025-07-25 11:35:29.992980+08:00
235,2025-07-25 12:35:29.992980+08:00
236,2025-07-25 13:35:29.992980+08:00
237,2025-07-25 14:35:29.992980+08:00
238,2025-07-25 15:35:29.992980+08:00
239,2025-07-25 16:35:29.992980+08:00
240,2025-07-28 09:35:29.992980+08:00
241,2025-07-28 10:35:29.992980+08:00
242,2025-07-28 11:35:29.992980+08:00
243,2025-07-28 12:35:29.992980+08:00
244,2025-07-28 13:35:29.992980+08:00
245,2025-07-28 14:35:29.992980+08:00
246,2025-07-28 15:35:29.992980+08:00
247,2025-07-28 16:35:29.992980+08:00
248,2025-07-29 09:35:29.992980+08:00
249,2025-07-29 10:35:29.992980+08:00
250,2025-07-29 11:35:29.992980+08:00
251,2025-07-29 12:35:29.992980+08:00
252,2025-07-29 13:35:29.992980+08:00
253,2025-07-29 14:35:29.992980+08:00
254,2025-07-29 15:35:29.992980+08:00
255,2025-07-29 16:35:29.992980+08:00
256,2025-07-30 09:35:29.992980+08:00
257,2025-07-30 10:35:29.992980+08:00
258,2025-07-30 11:35:29.992980+08:00
259,2025-07-30 12:35:29.992980+08:00
260,2025-07-30 13:35:29.992980+08:00
261,2025-07-30 14:35:29.992980+08:00
262,2025-07-30 15:35:29.992980+08:00
263,2025-07-30 16:35:29.992980+08:00
264,2025-07-31 09:35:29.992980+08:00
265,2025-07-31 10:35:29.992980+08:00
266,2025-07-31 11:35:29.992980+08:00
267,2025-07-31 12:35:29.992980+08:00
268,2025-07-31 13:35:29.992980+08:00
269,2025-07-31 14:35:29.992980+08:00
270,2025-07-31 15:35:29.992980+08:00
271,2025-07-31 16:35:29.992980+08:00
272,2025-08-01 09:35:29.992980+08:00
273,2025-08-01 10:35:29.992980+08:00
274,2025-08-01 11:35:29.992980+08:00
275,2025-08-01 12:35:29.992980+08:00
276,2025-08-01 13:35:29.992980+08:00
277,2025-08-01 14:35:29.992980+08:00
278,2025-08-01 15:35:29.992980+08:00
279,2025-08-01 16:35:29.992980+08:00
280,2025-08-04 09:35:29.992980+08:00
281,2025-08-04 10:35:29.992980+08:00
282,2025-08-04 11:35:29.992980+08:00
283,2025-08-04 12:35:29.992980+08:00
284,2025-08-04 13:35:29.992980+08:00
285,2025-08-04 14:35:29.992980+08:00
286,2025-08-04 15:35:29.992980+08:00
287,2025-08-04 16:35:29.992980+08:00
288,2025-08-05 09:35:29.992980+08:00
289,2025-08-05 10:35:29.992980+08:00
290,2025-08-05 11:35:29.992980+08:00
291,2025-08-05 12:35:29.992980+08:00
292,2025-08-05 13:35:29.992980+08:00
293,2025-08-05 14:35:29.992980+08:00
294,2025-08-05 15:35:29.992980+08:00
295,2025-08-05 16:35:29.992980+08:00
296,2025-08-06 09:35:29.992980+08:00
297,2025-08-06 10:35:29.992980+08:00
298,2025-08-06 11:35:29.992980+08:00
299,2025-08-06 12:35:29.992980+08:00
300,2025-08-06 13:35:29.992980+08:00
301,2025-08-06 14:35:29.992980+08:00
302,2025-08-06 15:35:29.992980+08:00
303,2025-08-06 16:35:29.992980+08:00
304,2025-08-07 09:35:29.992980+08:00
305,2025-08-07 10:35:29.992980+08:00
306,2025-08-07 11:35:29.992980+08:00
307,2025-08-07 12:35:29.992980+08:00
308,2025-08-07 13:35:29.992980+08:00
309,2025-08-07 14:35:29.992980+08:00
310,2025-08-07 15:35:29.992980+08:00
311,2025-08-07 16:35:29.992980+08:00
312,2025-08-08 09:35:29.992980+08:00
313,2025-08-08 10:35:29.992980+08:00
314,2025-08-08 11:35:29.992980+08:00
315,2025-08-08 12:35:29.992980+08:00
316,2025-08-08 13:35:29.992980+08:00
317,2025-08-08 14:35:29.992980+08:00
318,2025-08-08 15:35:29.992980+08:00
319,2025-08-08 16:35:29.992980+08:00
320,2025-08-11 09:35:29.992980+08:00
321,2025-08-11 10:35:29.992980+08:00
322,2025-08-11 11:35:29.992980+08:00
323,2025-08-11 12:35:29.992980+08:00
324,2025-08-11 13:35:29.992980+08:00
325,2025-08-11 14:35:29.992980+08:00
326,2025-08-11 15:35:29.992980+08:00
327,2025-08-11 16:35:29.992980+08:00
328,2025-08-12 09:35:29.992980+08:00
329,2025-08-12 10:35:29.992980+08:00
330,2025-08-12 11:35:29.992980+08:00
331,2025-08-12 12:35:29.992980+08:00
332,2025-08-12 13:35:29.992980+08:00
333,2025-08-12 14:35:29.992980+08:00
334,2025-08-12 15:35:29.992980+08:00
335,2025-08-12 16:35:29.992980+08:00
336,2025-08-13 09:35:29.992980+08:00
337,2025-08-13 10:35:29.992980+08:00
338,2025-08-13 11:35:29.992980+08:00
339,2025-08-13 12:35:29.992980+08:00
340,2025-08-13 13:35:29.992980+08:00
341,2025-08-13 14:35:29.992980+08:00
342,2025-08-13 15:35:29.992980+08:00
343,2025-08-13 16:35:29.992980+08:00
344,2025-08-14 09:35:29.992980+08:00
345,2025-08-14 10:35:29.992980+08:00
346,2025-08-14 11:35:29.992980+08:00
347,2025-08-14 12:35:29.992980+08:00
348,2025-08-14 13:35:29.992980+08:00
349,2025-08-14 14:35:29.992980+08:00
350,2025-08-14 15:35:29.992980+08:00
351,2025-08-14 16:35:29.992980+08:00
352,2025-08-15 09:35:29.992980+08:00
353,2025-08-15 10:35:29.992980+08:00
354,2025-08-15 11:35:29.992980+08:00
355,2025-08-15 12:35:29.992980+08:00
356,2025-08-15 13:35:29.992980+08:00
357,2025-08-15 14:35:29.992980+08:00
358,2025-08-15 15:35:29.992980+08:00
359,2025-08-15 16:35:29.992980+08:00
360,2025-08-18 09:35:29.992980+08:00
361,2025-08-18 10:35:29.992980+08:00
362,2025-08-18 11:35:29.992980+08:00
363,2025-08-18 12:35:29.992980+08:00
364,2025-08-18 13:35:29.992980+08:00
365,2025-08-18 14:35:29.992980+08:00
366,2025-08-18 15:35:29.992980+08:00
367,2025-08-18 16:35:29.992980+08:00
368,2025-08-19 09:35:29.992980+08:00
369,2025-08-19 10:35:29.992980+08:00
370,2025-08-19 11:35:29.992980+08:00
371,2025-08-19 12:35:29.992980+08:00
372,2025-08-19 13:35:29.992980+08:00
373,2025-08-19 14:35:29.992980+08:00
374,2025-08-19 15:35:29.992980+08:00
375,2025-08-19 16:35:29.992980+08:00
376,2025-08-20 09:35:29.992980+08:00
377,2025-08-20 10:35:29.992980+08:00
378,2025-08-20 11:35:29.992980+08:00
379,2025-08-20 12:35:29.992980+08:00
380,2025-08-20 13:35:29.992980+08:00
381,2025-08-20 14:35:29.992980+08:00
382,2025-08-20 15:35:29.992980+08:00
383,2025-08-20 16:35:29.992980+08:00
384,2025-08-21 09:35:29.992980+08:00
385,2025-08-21 10:35:29.992980+08:00
386,2025-08-21 11:35:29.992980+08:00
387,2025-08-21 12:35:29.992980+08:00
388,2025-08-21 13:35:29.992980+08:00
389,2025-08-21 14:35:29.992980+08:00
390,2025-08-21 15:35:29.992980+08:00
391,2025-08-21 16:35:29.992980+08:00
392,2025-08-22 09:35:29.992980+08:00
393,2025-08-22 10:35:29.992980+08:00
394,2025-08-22 11:35:29.992980+08:00
395,2025-08-22 12:35:29.992980+08:00
396,2025-08-22 13:35:29.992980+08:00
397,2025-08-22 14:35:29.992980+08:00
398,2025-08-22 15:35:29.992980+08:00
399,2025-08-22 16:35:29.992980+08:00
400,2025-08-25 09:35:29.992980+08:00
401,2025-08-25 10:35:29.992980+08:00
402,2025-08-25 11:35:29.992980+08:00
403,2025-08-25 12:35:29.992980+08:00
404,2025-08-25 13:35:29.992980+08:00
405,2025-08-25 14:35:29.992980+08:00
406,2025-08-25 15:35:29.992980+08:00
407,2025-08-25 16:35:29.992980+08:00
408,2025-08-26 09:35:29.992980+08:00
409,2025-08-26 10:35:29.992980+08:00
410,2025-08-26 11:35:29.992980+08:00
411,2025-08-26 12:35:29.992980+08:00
412,2025-08-26 13:35:29.992980+08:00
413,2025-08-26 14:35:29.992980+08:00
414,2025-08-26 15:35:29.992980+08:00
415,2025-08-26 16:35:29.992980+08:00
416,2025-08-27 09:35:29.992980+08:00
417,2025-08-27 10:35:29.992980+08:00
418,2025-08-27 11:35:29.992980+08:00
419,2025-08-27 12:35:29.992980+08:00
420,2025-08-27 13:35:29.992980+08:00
421,2025-08-27 14:35:29.992980+08:00
422,2025-08-27 15:35:29.992980+08:00
423,2025-08-27 16:35:29.992980+08:00
424,2025-08-28 09:35:29.992980+08:00
425,2025-08-28 10:35:29.992980+08:00
426,2025-08-28 11:35:29.992980+08:00
427,2025-08-28 12:35:29.992980+08:00
428,2025-08-28 13:35:29.992980+08:00
429,2025-08-28 14:35:29.992980+08:00
430,2025-08-28 15:35:29.992980+08:00
431,2025-08-28 16:35:29.992980+08:00
432,2025-08-29 09:35:29.992980+08:00
433,2025-08-29 10:35:29.992980+08:00
434,2025-08-29 11:35:29.992980+08:00
435,2025-08-29 12:35:29.992980+08:00
436,2025-08-29 13:35:29.992980+08:00
437,2025-08-29 14:35:29.992980+08:00
438,2025-08-29 15:35:29.992980+08:00
439,2025-08-29 16:35:29.992980+08:00
440,2025-09-01 09:35:29.992980+08:00
441,2025-09-01 10:35:29.992980+08:00
442,2025-09-01 11:35:29.992980+08:00
443,2025-09-01 12:35:29.992980+08:00
444,2025-09-01 13:35:29.992980+08:00
445,2025-09-01 14:35:29.992980+08:00
446,2025-09-01 15:35:29.992980+08:00
447,2025-09-01 16:35:29.992980+08:00
448,2025-09-02 09:35:29.992980+08:00
449,2025-09-02 10:35:29.992980+08:00
450,2025-09-02 11:35:29.992980+08:00
451,2025-09-02 12:35:29.992980+08:00
452,2025-09-02 13:35:29.992980+08:00
453,2025-09-02 14:35:29.992980+08:00
454,2025-09-02 15:35:29.992980+08:00
455,2025-09-02 16:35:29.992980+08:00
456,2025-09-03 09:35:29.992980+08:00
457,2025-09-03 10:35:29.992980+08:00
458,2025-09-03 11:35:29.992980+08:00
459,2025-09-03 12:35:29.992980+08:00
460,2025-09-03 13:35:29.992980+08:00
461,2025-09-03 14:35:29.992980+08:00
462,2025-09-03 15:35:29.992980+08:00
463,2025-09-03 16:35:29.992980+08:00
464,2025-09-04 09:35:29.992980+08:00
465,2025-09-04 10:35:29.992980+08:00
466,2025-09-04 11:35:29.992980+08:00
467,2025-09-04 12:35:29.992980+08:00
468,2025-09-04 13:35:29.992980+08:00
469,2025-09-04 14:35:29.992980+08:00
470,2025-09-04 15:35:29.992980+08:00
471,2025-09-04 16:35:29.992980+08:00
472,2025-09-05 09:35:29.992980+08:00
473,2025-09-05 10:35:29.992980+08:00
474,2025-09-05 11:35:29.992980+08:00
475,2025-09-05 12:35:29.992980+08:00
476,2025-09-05 13:35:29.992980+08:00
477,2025-09-05 14:35:29.992980+08:00
478,2025-09-05 15:35:29.992980+08:00
479,2025-09-05 16:35:29.992980+08:00
480,2025-09-08 09:35:29.992980+08:00
481,2025-09-08 10:35:29.992980+08:00
482,2025-09-08 11:35:29.992980+08:00
483,2025-09-08 12:35:29.992980+08:00
484,2025-09-08 13:35:29.992980+08:00
485,2025-09-08 14:35:29.992980+08:00
486,2025-09-08 15:35:29.992980+08:00
487,2025-09-08 16:35:29.992980+08:00
488,2025-09-09 09:35:29.992980+08:00
489,2025-09-09 10:35:29.992980+08:00
490,2025-09-09 11:35:29.992980+08:00
491,2025-09-09 12:35:29.992980+08:00
492,2025-09-09 13:35:29.992980+08:00
493,2025-09-09 14:35:29.992980+08:00
494,2025-09-09 15:35:29.992980+08:00
495,2025-09-09 16:35:29.992980+08:00
496,2025-09-10 09:35:29.992980+08:00
497,2025-09-10 10:35:29.992980+08:00
498,2025-09-10 11:35:29.992980+08:00
499,2025-09-10 12:35:29.992980+08:00
500,2025-09-10 13:35:29.992980+08:00
501,2025-09-10 14:35:29.992980+08:00
502,2025-09-10 15:35:29.992980+08:00
503,2025-09-10 16:35:29.992980+08:00
504,2025-09-11 09:35:29.992980+08:00
505,2025-09-11 10:35:29.992980+08:00
506,2025-09-11 11:35:29.992980+08:00
507,2025-09-11 12:35:29.992980+08:00
508,2025-09-11 13:35:29.992980+08:00
509,2025-09-11 14:35:29.992980+08:00
510,2025-09-11 15:35:29.992980+08:00
511,2025-09-11 16:35:29.992980+08:00
512,2025-09-12 09:35:29.992980+08:00
513,2025-09-12 10:35:29.992980+08:00
514,2025-09-12 11:35:29.992980+08:00
515,2025-09-12 12:35:29.992980+08:00
516,2025-09-12 13:35:29.992980+08:00
517,2025-09-12 14:35:29.992980+08:00
518,2025-09-12 15:35:29.992980+08:00
519,2025-09-12 16:35:29.992980+08:00
