,time,Open,High,Low,Close,Volume,stock_code,ric_code,uuid,last_modified_date
0,2023-11-01 08:00:00+08:00,131.591,137.198,128.236,135.477,4221,HSI,^HSI,17304829214557807220,2025-06-02 02:30:39.625027+08:00
1,2023-11-02 08:00:00+08:00,163.837,166.276,159.222,160.813,7457,HSI,^HSI,8930394071324295804,2025-06-02 02:30:39.625027+08:00
2,2023-11-03 08:00:00+08:00,101.446,108.954,92.9396,93.2342,3711,HSI,^HSI,11516768616072815801,2025-06-02 02:30:39.625027+08:00
3,2023-11-04 08:00:00+08:00,198.444,203.759,191.316,195.912,7102,HSI,^HSI,6780009261143289062,2025-06-02 02:30:39.625027+08:00
4,2023-11-05 08:00:00+08:00,161.01,164.314,154.544,160.128,4322,HSI,^HSI,13452503028642423654,2025-06-02 02:30:39.625027+08:00
5,2023-11-06 08:00:00+08:00,128.424,132.082,125.132,129.205,7970,HSI,^HSI,3930211612902042344,2025-06-02 02:30:39.625027+08:00
6,2023-11-07 08:00:00+08:00,149.853,152.462,146.035,152.067,5169,HSI,^HSI,358590379649434052,2025-06-02 02:30:39.625027+08:00
7,2023-11-08 08:00:00+08:00,183.325,185.788,174.438,182.763,1352,HSI,^HSI,3472026909841199657,2025-06-02 02:30:39.625027+08:00
8,2023-11-09 08:00:00+08:00,115.137,124.407,105.914,112.256,1947,HSI,^HSI,3046741330867247593,2025-06-02 02:30:39.625027+08:00
9,2023-11-10 08:00:00+08:00,106.842,108.478,102.143,107.73,1941,HSI,^HSI,3111496401569306093,2025-06-02 02:30:39.625027+08:00
10,2023-11-11 08:00:00+08:00,194.791,201.367,192.569,193.01,3601,HSI,^HSI,145276304885055065,2025-06-02 02:30:39.625027+08:00
11,2023-11-12 08:00:00+08:00,131.336,136.705,123.817,133.317,2702,HSI,^HSI,9360398132348879189,2025-06-02 02:30:39.625027+08:00
12,2023-11-13 08:00:00+08:00,160.123,165.705,157.24,165.167,9966,HSI,^HSI,5500419457053265758,2025-06-02 02:30:39.625027+08:00
13,2023-11-14 08:00:00+08:00,179.641,189.409,173.37,179.086,8791,HSI,^HSI,10199829136883621813,2025-06-02 02:30:39.625027+08:00
14,2023-11-15 08:00:00+08:00,150.194,157.707,145.549,147.089,1677,HSI,^HSI,1431700505705974967,2025-06-02 02:30:39.625027+08:00
15,2023-11-16 08:00:00+08:00,178.733,179.126,177.477,177.993,2558,HSI,^HSI,1096873611742222946,2025-06-02 02:30:39.625027+08:00
16,2023-11-17 08:00:00+08:00,182.855,183.194,174.681,180.977,1516,HSI,^HSI,1714276834905599567,2025-06-02 02:30:39.625027+08:00
17,2023-11-18 08:00:00+08:00,128.418,128.59,119.453,122.406,2365,HSI,^HSI,14879676789201870753,2025-06-02 02:30:39.625027+08:00
18,2023-11-19 08:00:00+08:00,182.328,184.535,174.575,183.881,2372,HSI,^HSI,14859189968935191712,2025-06-02 02:30:39.625027+08:00
19,2023-11-20 08:00:00+08:00,148.201,150.133,146.514,146.673,6524,HSI,^HSI,7455227795577301097,2025-06-02 02:30:39.625027+08:00
20,2023-11-21 08:00:00+08:00,184.054,193.273,183.394,186.873,5131,HSI,^HSI,7519044344783567331,2025-06-02 02:30:39.625027+08:00
21,2023-11-22 08:00:00+08:00,136.279,139.174,127.315,135.695,3332,HSI,^HSI,8405179804305730323,2025-06-02 02:30:39.625027+08:00
22,2023-11-23 08:00:00+08:00,198.874,206.641,195.165,199.155,1777,HSI,^HSI,13224206042875726986,2025-06-02 02:30:39.625027+08:00
23,2023-11-24 08:00:00+08:00,176.475,176.603,174.42,175.243,5493,HSI,^HSI,14633702025289964514,2025-06-02 02:30:39.625027+08:00
24,2023-11-25 08:00:00+08:00,115.936,123.093,114.386,119.661,4368,HSI,^HSI,1296524551097732037,2025-06-02 02:30:39.625027+08:00
25,2023-11-26 08:00:00+08:00,142.542,150.235,139.015,147.944,4123,HSI,^HSI,2212131471052327000,2025-06-02 02:30:39.625027+08:00
26,2023-11-27 08:00:00+08:00,142.3,150.48,132.329,143.924,5569,HSI,^HSI,1493562772255600883,2025-06-02 02:30:39.625027+08:00
27,2023-11-28 08:00:00+08:00,189.842,192.967,189.512,190.395,9343,HSI,^HSI,6048676282079598421,2025-06-02 02:30:39.625027+08:00
28,2023-11-29 08:00:00+08:00,163.923,172.361,159.605,160.49,7047,HSI,^HSI,7205035141432883563,2025-06-02 02:30:39.625027+08:00
29,2023-11-30 08:00:00+08:00,111.751,117.22,110.633,111.431,9836,HSI,^HSI,161855415017746738,2025-06-02 02:30:39.625027+08:00
30,2023-12-01 08:00:00+08:00,155.45,164.724,147.887,164.539,5184,HSI,^HSI,4617931286086816191,2025-06-02 02:30:39.625027+08:00
31,2023-12-02 08:00:00+08:00,116.137,120.419,107.226,118.074,9343,HSI,^HSI,11421588580184896247,2025-06-02 02:30:39.625027+08:00
32,2023-12-03 08:00:00+08:00,199.871,202.573,197.759,198.308,5301,HSI,^HSI,4706652228238519623,2025-06-02 02:30:39.625027+08:00
33,2023-12-04 08:00:00+08:00,136.481,138.621,133.104,135.926,8241,HSI,^HSI,13314991073035374487,2025-06-02 02:30:39.625027+08:00
34,2023-12-05 08:00:00+08:00,148.863,155.521,147.862,155.068,6549,HSI,^HSI,1102998866649777616,2025-06-02 02:30:39.625027+08:00
35,2023-12-06 08:00:00+08:00,128.548,131.408,120.368,124.335,8987,HSI,^HSI,14175807440364429833,2025-06-02 02:30:39.625027+08:00
36,2023-12-07 08:00:00+08:00,151.766,154.999,142.591,144.228,2466,HSI,^HSI,14719491632583507652,2025-06-02 02:30:39.625027+08:00
37,2023-12-08 08:00:00+08:00,177.858,180.511,173.987,175.617,7592,HSI,^HSI,12585411836915791632,2025-06-02 02:30:39.625027+08:00
38,2023-12-09 08:00:00+08:00,113.237,122.549,106.148,108.663,2714,HSI,^HSI,1395366235433570599,2025-06-02 02:30:39.625027+08:00
39,2023-12-10 08:00:00+08:00,150.686,156.8,143.257,147.866,8071,HSI,^HSI,7052865064442576484,2025-06-02 02:30:39.625027+08:00
40,2023-12-11 08:00:00+08:00,197.386,204.789,192.284,203.159,8215,HSI,^HSI,14264354816821273380,2025-06-02 02:30:39.625027+08:00
41,2023-12-12 08:00:00+08:00,134.234,135.972,130.124,131.137,7092,HSI,^HSI,11573144005158695818,2025-06-02 02:30:39.625027+08:00
42,2023-12-13 08:00:00+08:00,123.632,128.333,114.658,123.587,9344,HSI,^HSI,14461846972468914120,2025-06-02 02:30:39.625027+08:00
43,2023-12-14 08:00:00+08:00,103.79,106.933,94.9072,95.1396,7508,HSI,^HSI,14195071715409957434,2025-06-02 02:30:39.625027+08:00
44,2023-12-15 08:00:00+08:00,184.379,187.053,178.989,183.671,2645,HSI,^HSI,17179703133325786993,2025-06-02 02:30:39.625027+08:00
45,2023-12-16 08:00:00+08:00,181.843,191.474,179.382,181.631,6118,HSI,^HSI,3505688673201591954,2025-06-02 02:30:39.625027+08:00
46,2023-12-17 08:00:00+08:00,105.963,109.206,103.707,104.086,8527,HSI,^HSI,10775193133059821231,2025-06-02 02:30:39.625027+08:00
47,2023-12-18 08:00:00+08:00,110.176,116.278,105.184,106.081,1963,HSI,^HSI,6018447422446275893,2025-06-02 02:30:39.625027+08:00
48,2023-12-19 08:00:00+08:00,105.419,113.55,103.653,110.162,1769,HSI,^HSI,15164552850275000860,2025-06-02 02:30:39.625027+08:00
49,2023-12-20 08:00:00+08:00,101.49,107.144,98.4762,102.015,9422,HSI,^HSI,8736965012837993463,2025-06-02 02:30:39.625027+08:00
50,2023-12-21 08:00:00+08:00,156.768,163.711,148.587,157.708,9534,HSI,^HSI,9269513758369282965,2025-06-02 02:30:39.625027+08:00
51,2023-12-22 08:00:00+08:00,188.852,195.693,187.805,189.274,1014,HSI,^HSI,222303295002409135,2025-06-02 02:30:39.625027+08:00
52,2023-12-23 08:00:00+08:00,119.112,128.442,115.316,125.071,2783,HSI,^HSI,1557943151691256556,2025-06-02 02:30:39.625027+08:00
53,2023-12-24 08:00:00+08:00,187.594,197.284,182.464,195.007,9711,HSI,^HSI,11473085068092311862,2025-06-02 02:30:39.625027+08:00
54,2023-12-25 08:00:00+08:00,181.869,188.318,180.366,183.305,6108,HSI,^HSI,9227671947271011388,2025-06-02 02:30:39.625027+08:00
55,2023-12-26 08:00:00+08:00,172.524,178.496,171.074,173.702,4870,HSI,^HSI,9341844755820784246,2025-06-02 02:30:39.625027+08:00
56,2023-12-27 08:00:00+08:00,100.065,107.964,90.1063,104.819,4630,HSI,^HSI,10175325793811197378,2025-06-02 02:30:39.625027+08:00
57,2023-12-28 08:00:00+08:00,122.671,131.876,116.834,128.603,8078,HSI,^HSI,17804196047172044417,2025-06-02 02:30:39.625027+08:00
58,2023-12-29 08:00:00+08:00,191.682,199.413,185.612,186.492,9187,HSI,^HSI,2626159033726354461,2025-06-02 02:30:39.625027+08:00
59,2023-12-30 08:00:00+08:00,157.994,164.774,150.976,160.21,7670,HSI,^HSI,17964145917734713034,2025-06-02 02:30:39.625027+08:00
60,2023-12-31 08:00:00+08:00,118.148,121.789,111.198,116.104,3830,HSI,^HSI,15213081902142653059,2025-06-02 02:30:39.625027+08:00
61,2024-01-01 08:00:00+08:00,175.944,180.376,170.901,172.962,1105,HSI,^HSI,15185356930651162275,2025-06-02 02:30:39.625027+08:00
62,2024-01-02 08:00:00+08:00,156.068,164.61,151.074,159.922,8079,HSI,^HSI,1538584340683982556,2025-06-02 02:30:39.625027+08:00
63,2024-01-03 08:00:00+08:00,156.583,165.573,156.348,158.574,4035,HSI,^HSI,3007778778748245355,2025-06-02 02:30:39.625027+08:00
64,2024-01-04 08:00:00+08:00,165.57,172.734,159.699,165.907,3474,HSI,^HSI,11710296592310207526,2025-06-02 02:30:39.625027+08:00
65,2024-01-05 08:00:00+08:00,184.262,193.436,174.675,187.657,1394,HSI,^HSI,17947958843691725227,2025-06-02 02:30:39.625027+08:00
66,2024-01-06 08:00:00+08:00,132.599,132.859,123.272,125.081,4347,HSI,^HSI,8448799650463546169,2025-06-02 02:30:39.625027+08:00
67,2024-01-07 08:00:00+08:00,108.069,112.486,100.897,104.425,4430,HSI,^HSI,924869619256706363,2025-06-02 02:30:39.625027+08:00
68,2024-01-08 08:00:00+08:00,116.265,123.125,112.575,118.668,9383,HSI,^HSI,1428403224461995722,2025-06-02 02:30:39.625027+08:00
69,2024-01-09 08:00:00+08:00,139.41,147.571,134.171,144.055,4825,HSI,^HSI,14263972919572587658,2025-06-02 02:30:39.625027+08:00
70,2024-01-10 08:00:00+08:00,132.784,141.06,131.227,132.367,7844,HSI,^HSI,12119120163407183895,2025-06-02 02:30:39.625027+08:00
71,2024-01-11 08:00:00+08:00,125.552,128.27,116.176,124.207,3849,HSI,^HSI,6423996993220843713,2025-06-02 02:30:39.625027+08:00
72,2024-01-12 08:00:00+08:00,131.637,137.659,128.847,132.857,3918,HSI,^HSI,2121760195227645210,2025-06-02 02:30:39.625027+08:00
73,2024-01-13 08:00:00+08:00,150.305,153.206,146.433,153.039,8565,HSI,^HSI,14880343211741834152,2025-06-02 02:30:39.625027+08:00
74,2024-01-14 08:00:00+08:00,142.687,151.343,134.63,134.89,5470,HSI,^HSI,11740236998100895561,2025-06-02 02:30:39.625027+08:00
75,2024-01-15 08:00:00+08:00,160.118,164.197,151.949,163.818,3202,HSI,^HSI,2174902253145786884,2025-06-02 02:30:39.625027+08:00
76,2024-01-16 08:00:00+08:00,141.297,144.216,132.408,139.59,8581,HSI,^HSI,11407838510536230426,2025-06-02 02:30:39.625027+08:00
77,2024-01-17 08:00:00+08:00,139.28,140.556,129.728,135.446,7285,HSI,^HSI,9569249481177097168,2025-06-02 02:30:39.625027+08:00
78,2024-01-18 08:00:00+08:00,168.118,174.751,166.617,172.634,6698,HSI,^HSI,16507227527978044863,2025-06-02 02:30:39.625027+08:00
79,2024-01-19 08:00:00+08:00,100.746,107.967,92.5182,94.417,2843,HSI,^HSI,17010340622208792547,2025-06-02 02:30:39.625027+08:00
80,2024-01-20 08:00:00+08:00,111.42,113.304,102.157,108.542,9961,HSI,^HSI,6230076399075025259,2025-06-02 02:30:39.625027+08:00
81,2024-01-21 08:00:00+08:00,117.756,127.384,115.142,115.308,3684,HSI,^HSI,18183399557496950525,2025-06-02 02:30:39.625027+08:00
82,2024-01-22 08:00:00+08:00,120.923,126.427,119.572,125.777,3471,HSI,^HSI,14523986871884399348,2025-06-02 02:30:39.625027+08:00
83,2024-01-23 08:00:00+08:00,176.433,179.506,174.678,176.746,4436,HSI,^HSI,7348138319176693512,2025-06-02 02:30:39.625027+08:00
84,2024-01-24 08:00:00+08:00,167.011,176.865,158.107,176.437,7468,HSI,^HSI,3918773464499966045,2025-06-02 02:30:39.625027+08:00
85,2024-01-25 08:00:00+08:00,172.712,173.135,172.24,172.668,2390,HSI,^HSI,5583612027793057876,2025-06-02 02:30:39.625027+08:00
86,2024-01-26 08:00:00+08:00,113.789,116.078,109.822,111.38,5623,HSI,^HSI,466028084148594461,2025-06-02 02:30:39.625027+08:00
87,2024-01-27 08:00:00+08:00,176.534,179.458,174.683,176.236,1607,HSI,^HSI,14357966723439837196,2025-06-02 02:30:39.625027+08:00
88,2024-01-28 08:00:00+08:00,110.111,112.173,100.8,103.021,3294,HSI,^HSI,1498438482341278100,2025-06-02 02:30:39.625027+08:00
89,2024-01-29 08:00:00+08:00,145.428,149.874,144.785,148.846,4424,HSI,^HSI,7245605539995842007,2025-06-02 02:30:39.625027+08:00
90,2024-01-30 08:00:00+08:00,166.952,169.165,158.03,167.082,9690,HSI,^HSI,16696766405631165522,2025-06-02 02:30:39.625027+08:00
91,2024-01-31 08:00:00+08:00,124.261,127.879,119.006,120.777,8383,HSI,^HSI,8848331416363028266,2025-06-02 02:30:39.625027+08:00
92,2024-02-01 08:00:00+08:00,197.427,205.867,196.309,198.741,1345,HSI,^HSI,15468145327882306856,2025-06-02 02:30:39.625027+08:00
93,2024-02-02 08:00:00+08:00,177.679,185.306,175.115,183.179,1051,HSI,^HSI,10525011816956276478,2025-06-02 02:30:39.625027+08:00
94,2024-02-03 08:00:00+08:00,168.952,173.596,168.416,170.38,9215,HSI,^HSI,5953812571939398080,2025-06-02 02:30:39.625027+08:00
95,2024-02-04 08:00:00+08:00,108.85,110.749,101.298,109.106,1440,HSI,^HSI,866520695141925069,2025-06-02 02:30:39.625027+08:00
96,2024-02-05 08:00:00+08:00,128.873,136.891,128.233,132.494,3395,HSI,^HSI,17161122925400120080,2025-06-02 02:30:39.625027+08:00
97,2024-02-06 08:00:00+08:00,175.162,180.885,171.421,176.492,6207,HSI,^HSI,17773325496471783585,2025-06-02 02:30:39.625027+08:00
98,2024-02-07 08:00:00+08:00,168.288,176.407,163.21,168.829,6879,HSI,^HSI,3314634783622846960,2025-06-02 02:30:39.625027+08:00
99,2024-02-08 08:00:00+08:00,102.759,103.043,95.0966,97.2381,8592,HSI,^HSI,983501769628679314,2025-06-02 02:30:39.625027+08:00
100,2024-02-09 08:00:00+08:00,178.413,183.353,174.742,175.082,9588,HSI,^HSI,9380399332107878537,2025-06-02 02:30:39.625027+08:00
101,2024-02-10 08:00:00+08:00,105.923,115.809,104.183,115.433,2926,HSI,^HSI,18118964333663147130,2025-06-02 02:30:39.625027+08:00
102,2024-02-11 08:00:00+08:00,143.337,146.617,142.212,142.499,2765,HSI,^HSI,7933621545454747409,2025-06-02 02:30:39.625027+08:00
103,2024-02-12 08:00:00+08:00,101.097,106.158,97.3021,100.037,8329,HSI,^HSI,13744221496972379877,2025-06-02 02:30:39.625027+08:00
104,2024-02-13 08:00:00+08:00,178.369,183.205,171.691,179.855,8286,HSI,^HSI,16934287057811548772,2025-06-02 02:30:39.625027+08:00
105,2024-02-14 08:00:00+08:00,117.839,126.133,109.88,123.968,2206,HSI,^HSI,325475451531359793,2025-06-02 02:30:39.625027+08:00
106,2024-02-15 08:00:00+08:00,175.882,185.67,170.718,175.966,2390,HSI,^HSI,16094712960218843574,2025-06-02 02:30:39.625027+08:00
107,2024-02-16 08:00:00+08:00,132.703,137.837,128.224,135.762,8353,HSI,^HSI,16805935018349612865,2025-06-02 02:30:39.625027+08:00
108,2024-02-17 08:00:00+08:00,128.076,132.67,121.903,130.149,6903,HSI,^HSI,10320466537208803927,2025-06-02 02:30:39.625027+08:00
109,2024-02-18 08:00:00+08:00,193.012,201.215,185.228,189.532,5568,HSI,^HSI,12344611401272527059,2025-06-02 02:30:39.625027+08:00
110,2024-02-19 08:00:00+08:00,183.179,184.418,174.159,182.212,8558,HSI,^HSI,12734801920796400392,2025-06-02 02:30:39.625027+08:00
111,2024-02-20 08:00:00+08:00,165.157,165.311,164.755,165.109,5276,HSI,^HSI,6651214317576006276,2025-06-02 02:30:39.625027+08:00
112,2024-02-21 08:00:00+08:00,151.002,159.634,147.794,154.421,8278,HSI,^HSI,4283383706381584891,2025-06-02 02:30:39.625027+08:00
113,2024-02-22 08:00:00+08:00,175.891,185.616,172.28,174.614,6531,HSI,^HSI,6907556153454695171,2025-06-02 02:30:39.625027+08:00
114,2024-02-23 08:00:00+08:00,109.372,117.492,107.336,115.115,8227,HSI,^HSI,13985712206282678965,2025-06-02 02:30:39.625027+08:00
115,2024-02-24 08:00:00+08:00,148.441,157.984,146.523,156.505,1574,HSI,^HSI,7676272438447671429,2025-06-02 02:30:39.625027+08:00
116,2024-02-25 08:00:00+08:00,154.852,164.192,154.09,161.517,9732,HSI,^HSI,17249775344453176934,2025-06-02 02:30:39.625027+08:00
117,2024-02-26 08:00:00+08:00,165.665,171.321,156.378,156.44,7155,HSI,^HSI,9733830181975940561,2025-06-02 02:30:39.625027+08:00
118,2024-02-27 08:00:00+08:00,152.09,159.073,148.694,149.458,3247,HSI,^HSI,13618890178354480142,2025-06-02 02:30:39.625027+08:00
119,2024-02-28 08:00:00+08:00,129.857,134.51,125.894,131.535,6800,HSI,^HSI,16797417877489566038,2025-06-02 02:30:39.625027+08:00
120,2024-02-29 08:00:00+08:00,197.855,202.353,193.121,195.998,2413,HSI,^HSI,6426454902318976821,2025-06-02 02:30:39.625027+08:00
121,2024-03-01 08:00:00+08:00,176.014,179.704,169.362,179.035,9213,HSI,^HSI,13764826188271669170,2025-06-02 02:30:39.625027+08:00
122,2024-03-02 08:00:00+08:00,151.927,158.252,144.391,149.696,1143,HSI,^HSI,8456590243441143879,2025-06-02 02:30:39.625027+08:00
123,2024-03-03 08:00:00+08:00,132.952,139.05,132.341,133.296,9932,HSI,^HSI,11962766970822383706,2025-06-02 02:30:39.625027+08:00
124,2024-03-04 08:00:00+08:00,105.388,111.561,95.4483,105.715,8215,HSI,^HSI,18076437684193639773,2025-06-02 02:30:39.625027+08:00
125,2024-03-05 08:00:00+08:00,135.847,138.533,129.779,136.376,9996,HSI,^HSI,10908713065973469852,2025-06-02 02:30:39.625027+08:00
126,2024-03-06 08:00:00+08:00,187.565,189.32,181.73,182.599,7725,HSI,^HSI,14901693666689305591,2025-06-02 02:30:39.625027+08:00
127,2024-03-07 08:00:00+08:00,150.047,154.424,149.135,151.218,1068,HSI,^HSI,4327252441513626107,2025-06-02 02:30:39.625027+08:00
128,2024-03-08 08:00:00+08:00,164.033,164.613,161.416,161.925,4557,HSI,^HSI,12836327036460719014,2025-06-02 02:30:39.625027+08:00
129,2024-03-09 08:00:00+08:00,199.939,205.271,197.718,199.935,5576,HSI,^HSI,15861693573773019959,2025-06-02 02:30:39.625027+08:00
130,2024-03-10 08:00:00+08:00,166.279,172.618,163.144,164.424,3530,HSI,^HSI,12402254139208993496,2025-06-02 02:30:39.625027+08:00
131,2024-03-11 08:00:00+08:00,137.78,147.082,130.436,133.531,4676,HSI,^HSI,3479154612244466914,2025-06-02 02:30:39.625027+08:00
132,2024-03-12 08:00:00+08:00,175.625,182.847,166.712,177.483,5598,HSI,^HSI,10203777879975526381,2025-06-02 02:30:39.625027+08:00
133,2024-03-13 08:00:00+08:00,116.777,122.028,109.988,119.88,8069,HSI,^HSI,12925693773332672878,2025-06-02 02:30:39.625027+08:00
134,2024-03-14 08:00:00+08:00,103.258,112.765,99.9943,108.978,3602,HSI,^HSI,10843331379525264635,2025-06-02 02:30:39.625027+08:00
135,2024-03-15 08:00:00+08:00,117.437,122.921,114.775,118.112,4940,HSI,^HSI,4971885506393461913,2025-06-02 02:30:39.625027+08:00
136,2024-03-16 08:00:00+08:00,189.159,195.806,189.133,189.27,6357,HSI,^HSI,3512736197988513437,2025-06-02 02:30:39.625027+08:00
137,2024-03-17 08:00:00+08:00,155.099,161.518,150.365,157.797,2357,HSI,^HSI,702025469337380656,2025-06-02 02:30:39.625027+08:00
138,2024-03-18 08:00:00+08:00,196.24,201.864,186.856,192.452,8697,HSI,^HSI,11060818982318681162,2025-06-02 02:30:39.625027+08:00
139,2024-03-19 08:00:00+08:00,165.709,166.66,158.36,161.508,9732,HSI,^HSI,17850505052733342000,2025-06-02 02:30:39.625027+08:00
140,2024-03-20 08:00:00+08:00,157.36,159.142,155.893,159.136,9837,HSI,^HSI,10033088194600472534,2025-06-02 02:30:39.625027+08:00
141,2024-03-21 08:00:00+08:00,138.97,139.731,134.472,138.169,5686,HSI,^HSI,5772629347710891194,2025-06-02 02:30:39.625027+08:00
142,2024-03-22 08:00:00+08:00,113.729,120.484,111.818,113.964,1756,HSI,^HSI,7712472845374025933,2025-06-02 02:30:39.625027+08:00
143,2024-03-23 08:00:00+08:00,103.888,109.77,101.055,106.987,6529,HSI,^HSI,11189798631138249835,2025-06-02 02:30:39.625027+08:00
144,2024-03-24 08:00:00+08:00,168.398,174.542,168.323,173.518,3194,HSI,^HSI,7031785852665160461,2025-06-02 02:30:39.625027+08:00
145,2024-03-25 08:00:00+08:00,135.02,142.867,126.773,133.65,1182,HSI,^HSI,5227904065304384423,2025-06-02 02:30:39.625027+08:00
146,2024-03-26 08:00:00+08:00,186.13,190.357,177.61,184.693,8658,HSI,^HSI,8829323859797836099,2025-06-02 02:30:39.625027+08:00
147,2024-03-27 08:00:00+08:00,125.652,134.887,125.116,132.445,7540,HSI,^HSI,6989923602343368821,2025-06-02 02:30:39.625027+08:00
148,2024-03-28 08:00:00+08:00,105.447,114.667,97.3921,99.9422,3202,HSI,^HSI,17853152499995797910,2025-06-02 02:30:39.625027+08:00
149,2024-03-29 08:00:00+08:00,131.271,131.895,123.6,131.652,2515,HSI,^HSI,9478845182398526196,2025-06-02 02:30:39.625027+08:00
150,2024-03-30 08:00:00+08:00,184.951,185.519,179.652,183.195,8754,HSI,^HSI,17846159594169674185,2025-06-02 02:30:39.625027+08:00
151,2024-03-31 08:00:00+08:00,196.408,201.121,186.711,188.221,2604,HSI,^HSI,14457588238735335032,2025-06-02 02:30:39.625027+08:00
152,2024-04-01 08:00:00+08:00,103.426,105.153,99.8845,100.247,3902,HSI,^HSI,15840299725502311532,2025-06-02 02:30:39.625027+08:00
153,2024-04-02 08:00:00+08:00,193.413,202.325,190.278,200.446,6555,HSI,^HSI,8993488100397047799,2025-06-02 02:30:39.625027+08:00
154,2024-04-03 08:00:00+08:00,145.048,150.245,138.229,142.691,6935,HSI,^HSI,9528122741467563904,2025-06-02 02:30:39.625027+08:00
155,2024-04-04 08:00:00+08:00,139.802,142.55,135.516,138.338,5854,HSI,^HSI,15863566412894955736,2025-06-02 02:30:39.625027+08:00
156,2024-04-05 08:00:00+08:00,145.515,151.652,141.14,144.299,5718,HSI,^HSI,8773453512474227419,2025-06-02 02:30:39.625027+08:00
157,2024-04-06 08:00:00+08:00,147.668,151.283,145.11,148.868,3872,HSI,^HSI,11440829081662191663,2025-06-02 02:30:39.625027+08:00
158,2024-04-07 08:00:00+08:00,105.264,105.482,103.571,103.867,8902,HSI,^HSI,2913955678338073670,2025-06-02 02:30:39.625027+08:00
159,2024-04-08 08:00:00+08:00,197.584,202.391,195.647,199.512,7482,HSI,^HSI,4529539343602131550,2025-06-02 02:30:39.625027+08:00
160,2024-04-09 08:00:00+08:00,123.27,131.649,117.999,118.453,8367,HSI,^HSI,17719394651821271597,2025-06-02 02:30:39.625027+08:00
161,2024-04-10 08:00:00+08:00,145.793,146.38,142.601,146.088,6600,HSI,^HSI,1131359977467147387,2025-06-02 02:30:39.625027+08:00
162,2024-04-11 08:00:00+08:00,113.212,120.664,107.636,114.705,1559,HSI,^HSI,15097505042118684510,2025-06-02 02:30:39.625027+08:00
163,2024-04-12 08:00:00+08:00,130.764,140.018,129.43,134.742,9018,HSI,^HSI,6102712453046607893,2025-06-02 02:30:39.625027+08:00
164,2024-04-13 08:00:00+08:00,187.268,188.873,177.374,188.765,4467,HSI,^HSI,8812956316360099672,2025-06-02 02:30:39.625027+08:00
165,2024-04-14 08:00:00+08:00,102.784,112.498,102.248,108.265,1074,HSI,^HSI,2392442418623237843,2025-06-02 02:30:39.625027+08:00
166,2024-04-15 08:00:00+08:00,143.245,146.582,138.57,145.47,2335,HSI,^HSI,6752645352530542742,2025-06-02 02:30:39.625027+08:00
167,2024-04-16 08:00:00+08:00,139.543,145.587,138.708,141.101,5209,HSI,^HSI,12182160667454537260,2025-06-02 02:30:39.625027+08:00
168,2024-04-17 08:00:00+08:00,126.078,133.206,124.913,132.516,4782,HSI,^HSI,3416902125979683002,2025-06-02 02:30:39.625027+08:00
169,2024-04-18 08:00:00+08:00,160.686,167.79,155.113,159.24,6004,HSI,^HSI,6906849116089663728,2025-06-02 02:30:39.625027+08:00
170,2024-04-19 08:00:00+08:00,167.105,168.859,161.646,168.719,3805,HSI,^HSI,8885522176795823765,2025-06-02 02:30:39.625027+08:00
171,2024-04-20 08:00:00+08:00,102.535,104.747,101.585,104.414,9386,HSI,^HSI,196795237932940570,2025-06-02 02:30:39.625027+08:00
172,2024-04-21 08:00:00+08:00,103.057,112.904,93.2042,100.908,8374,HSI,^HSI,5736757416771876285,2025-06-02 02:30:39.625027+08:00
173,2024-04-22 08:00:00+08:00,128.127,135.476,121.132,123.261,4695,HSI,^HSI,8954900346441683760,2025-06-02 02:30:39.625027+08:00
174,2024-04-23 08:00:00+08:00,116.83,121.15,110.078,111.29,7327,HSI,^HSI,10575963515463343915,2025-06-02 02:30:39.625027+08:00
175,2024-04-24 08:00:00+08:00,113.33,121.915,106.79,107.347,6329,HSI,^HSI,3644528780540374552,2025-06-02 02:30:39.625027+08:00
176,2024-04-25 08:00:00+08:00,167.516,170.319,159.313,160.32,3691,HSI,^HSI,5522106468540011148,2025-06-02 02:30:39.625027+08:00
177,2024-04-26 08:00:00+08:00,144.05,144.918,135.709,143.569,5261,HSI,^HSI,7512612122765374531,2025-06-02 02:30:39.625027+08:00
178,2024-04-27 08:00:00+08:00,185.147,194.167,183.8,189.858,4095,HSI,^HSI,13526416274913717202,2025-06-02 02:30:39.625027+08:00
179,2024-04-28 08:00:00+08:00,160.067,168.71,158.752,168.681,4690,HSI,^HSI,2078937931999523357,2025-06-02 02:30:39.625027+08:00
180,2024-04-29 08:00:00+08:00,111.19,118.012,105.272,117.178,3329,HSI,^HSI,6819060975645523552,2025-06-02 02:30:39.625027+08:00
181,2024-04-30 08:00:00+08:00,136.838,144.729,131.137,141.664,3149,HSI,^HSI,4525551997817038086,2025-06-02 02:30:39.625027+08:00
182,2024-05-01 08:00:00+08:00,129.93,129.954,123.293,128.469,5737,HSI,^HSI,16465343229711189922,2025-06-02 02:30:39.625027+08:00
183,2024-05-02 08:00:00+08:00,124.416,129.051,121.631,128.66,2673,HSI,^HSI,16308649872963317414,2025-06-02 02:30:39.625027+08:00
184,2024-05-03 08:00:00+08:00,126.223,131.081,118.362,126.828,4215,HSI,^HSI,1849067595665130082,2025-06-02 02:30:39.625027+08:00
185,2024-05-04 08:00:00+08:00,191.845,196.288,190.209,191.598,2610,HSI,^HSI,11526194430081325444,2025-06-02 02:30:39.625027+08:00
186,2024-05-05 08:00:00+08:00,181.76,187.706,174.948,183.329,4526,HSI,^HSI,16826865648119209419,2025-06-02 02:30:39.625027+08:00
187,2024-05-06 08:00:00+08:00,153.706,158.933,153.483,155.758,6638,HSI,^HSI,16100653912352918825,2025-06-02 02:30:39.625027+08:00
188,2024-05-07 08:00:00+08:00,106.912,115.381,99.5704,102.201,3538,HSI,^HSI,14710098133946041059,2025-06-02 02:30:39.625027+08:00
189,2024-05-08 08:00:00+08:00,145.669,145.752,144.164,144.645,5609,HSI,^HSI,17342353602916720613,2025-06-02 02:30:39.625027+08:00
190,2024-05-09 08:00:00+08:00,144.903,153.665,141.016,145.057,7893,HSI,^HSI,17893523536769528117,2025-06-02 02:30:39.625027+08:00
191,2024-05-10 08:00:00+08:00,166.667,167.309,166.411,167.107,3446,HSI,^HSI,3467871926760911530,2025-06-02 02:30:39.625027+08:00
192,2024-05-11 08:00:00+08:00,110.158,116.979,104.914,116.272,7729,HSI,^HSI,6108006298577929926,2025-06-02 02:30:39.625027+08:00
193,2024-05-12 08:00:00+08:00,102.447,108.665,102.309,104.865,8186,HSI,^HSI,1860820847771601942,2025-06-02 02:30:39.625027+08:00
194,2024-05-13 08:00:00+08:00,101.786,105.183,98.283,101.294,2543,HSI,^HSI,15931456889734410481,2025-06-02 02:30:39.625027+08:00
195,2024-05-14 08:00:00+08:00,175.042,182.612,170.43,180.127,5517,HSI,^HSI,7057303338907394990,2025-06-02 02:30:39.625027+08:00
196,2024-05-15 08:00:00+08:00,144.754,154.307,139.701,150.648,9575,HSI,^HSI,3068034670052648307,2025-06-02 02:30:39.625027+08:00
197,2024-05-16 08:00:00+08:00,141.1,150.554,140.982,145.621,8544,HSI,^HSI,8414607890934873620,2025-06-02 02:30:39.625027+08:00
198,2024-05-17 08:00:00+08:00,112.012,115.248,107.52,113.691,6096,HSI,^HSI,68330735014324588,2025-06-02 02:30:39.625027+08:00
199,2024-05-18 08:00:00+08:00,109.076,110.964,99.316,108.468,8452,HSI,^HSI,1559410999829184948,2025-06-02 02:30:39.625027+08:00
200,2024-05-19 08:00:00+08:00,176.233,183.572,170.056,175.928,3300,HSI,^HSI,4813658829320222315,2025-06-02 02:30:39.625027+08:00
201,2024-05-20 08:00:00+08:00,129.378,132.933,123.96,127.882,9579,HSI,^HSI,17571204817783725201,2025-06-02 02:30:39.625027+08:00
202,2024-05-21 08:00:00+08:00,138.995,140.114,130.711,132.37,4756,HSI,^HSI,6183901521224862367,2025-06-02 02:30:39.625027+08:00
203,2024-05-22 08:00:00+08:00,185.031,185.473,183.305,184.564,3218,HSI,^HSI,13640709402444650331,2025-06-02 02:30:39.625027+08:00
204,2024-05-23 08:00:00+08:00,192.209,194.934,183.185,184.046,7308,HSI,^HSI,8681025354130655553,2025-06-02 02:30:39.625027+08:00
205,2024-05-24 08:00:00+08:00,183.725,190.548,183.514,184.703,6403,HSI,^HSI,1057787595000781399,2025-06-02 02:30:39.625027+08:00
206,2024-05-25 08:00:00+08:00,174.764,181.504,171.679,174.246,5814,HSI,^HSI,16855310771696489421,2025-06-02 02:30:39.625027+08:00
207,2024-05-26 08:00:00+08:00,158.658,168.348,153.547,161.529,7288,HSI,^HSI,11159073409660361511,2025-06-02 02:30:39.625027+08:00
208,2024-05-27 08:00:00+08:00,128.409,130.831,120.271,121.232,3180,HSI,^HSI,11377485920054317515,2025-06-02 02:30:39.625027+08:00
209,2024-05-28 08:00:00+08:00,171.22,178.557,161.622,169.571,9440,HSI,^HSI,6438777028178016080,2025-06-02 02:30:39.625027+08:00
210,2024-05-29 08:00:00+08:00,153.365,157.182,148.894,154.315,8379,HSI,^HSI,4724506612968299057,2025-06-02 02:30:39.625027+08:00
211,2024-05-30 08:00:00+08:00,139.596,147.089,131.932,135.75,7441,HSI,^HSI,10983731746397601075,2025-06-02 02:30:39.625027+08:00
212,2024-05-31 08:00:00+08:00,185.205,194.089,184.819,189.322,4354,HSI,^HSI,8539394181072772799,2025-06-02 02:30:39.625027+08:00
213,2024-06-01 08:00:00+08:00,168.306,174.893,159.419,161.606,6405,HSI,^HSI,1002778789328202573,2025-06-02 02:30:39.625027+08:00
214,2024-06-02 08:00:00+08:00,117.148,120.368,111.849,116.917,2068,HSI,^HSI,7693377569572814169,2025-06-02 02:30:39.625027+08:00
215,2024-06-03 08:00:00+08:00,112.73,119.026,108.419,112.176,5696,HSI,^HSI,5696828626246984964,2025-06-02 02:30:39.625027+08:00
216,2024-06-04 08:00:00+08:00,129.069,137.75,128.803,134.009,9220,HSI,^HSI,13659392684058255026,2025-06-02 02:30:39.625027+08:00
217,2024-06-05 08:00:00+08:00,130.413,133.999,129.321,132.049,1318,HSI,^HSI,17671387936431890244,2025-06-02 02:30:39.625027+08:00
218,2024-06-06 08:00:00+08:00,160.469,166.24,156.9,164.353,1856,HSI,^HSI,864166790269396036,2025-06-02 02:30:39.625027+08:00
219,2024-06-07 08:00:00+08:00,129.042,132.637,124.228,130.653,6874,HSI,^HSI,1396155191489409964,2025-06-02 02:30:39.625027+08:00
220,2024-06-08 08:00:00+08:00,139.235,140.702,129.689,138.241,3340,HSI,^HSI,5131881463283102284,2025-06-02 02:30:39.625027+08:00
221,2024-06-09 08:00:00+08:00,114.449,118.767,112.61,116.082,2592,HSI,^HSI,13066501376831453812,2025-06-02 02:30:39.625027+08:00
222,2024-06-10 08:00:00+08:00,155.984,163.048,148.76,160.601,5406,HSI,^HSI,11602693044709729624,2025-06-02 02:30:39.625027+08:00
223,2024-06-11 08:00:00+08:00,155.153,155.295,146.977,153.728,5766,HSI,^HSI,9634970343244440293,2025-06-02 02:30:39.625027+08:00
224,2024-06-12 08:00:00+08:00,188.019,194.83,183.293,194.533,5746,HSI,^HSI,13409229934095916004,2025-06-02 02:30:39.625027+08:00
225,2024-06-13 08:00:00+08:00,140.569,148.385,132.619,135.797,9069,HSI,^HSI,620797517247891766,2025-06-02 02:30:39.625027+08:00
226,2024-06-14 08:00:00+08:00,162.051,164.494,159.922,164.476,7057,HSI,^HSI,8611999905788564429,2025-06-02 02:30:39.625027+08:00
227,2024-06-15 08:00:00+08:00,176.1,179.649,169.979,173.147,3507,HSI,^HSI,9772795559254539930,2025-06-02 02:30:39.625027+08:00
228,2024-06-16 08:00:00+08:00,161.987,165.692,157.932,161.711,4776,HSI,^HSI,7810574938609901544,2025-06-02 02:30:39.625027+08:00
229,2024-06-17 08:00:00+08:00,153.295,155.477,144.76,153.972,7962,HSI,^HSI,7039346463613890374,2025-06-02 02:30:39.625027+08:00
230,2024-06-18 08:00:00+08:00,128.837,131.367,123.945,129.913,3363,HSI,^HSI,13023319250700208328,2025-06-02 02:30:39.625027+08:00
231,2024-06-19 08:00:00+08:00,176.467,178.004,169.06,170.931,2576,HSI,^HSI,15813154943915408898,2025-06-02 02:30:39.625027+08:00
232,2024-06-20 08:00:00+08:00,199.134,206.931,190.216,201.481,4419,HSI,^HSI,5899022029737809794,2025-06-02 02:30:39.625027+08:00
233,2024-06-21 08:00:00+08:00,185.038,194.314,180.462,184.764,4758,HSI,^HSI,11975651349732851756,2025-06-02 02:30:39.625027+08:00
234,2024-06-22 08:00:00+08:00,113.889,121.759,110.541,112.794,6516,HSI,^HSI,7708371579110602281,2025-06-02 02:30:39.625027+08:00
235,2024-06-23 08:00:00+08:00,136.035,139.515,135.623,137.441,2264,HSI,^HSI,9690636540157327850,2025-06-02 02:30:39.625027+08:00
236,2024-06-24 08:00:00+08:00,124.235,129.519,123.58,127.137,9928,HSI,^HSI,3711053772673823845,2025-06-02 02:30:39.625027+08:00
237,2024-06-25 08:00:00+08:00,166.683,175.245,166.533,175.17,2420,HSI,^HSI,14109659799406338816,2025-06-02 02:30:39.625027+08:00
238,2024-06-26 08:00:00+08:00,121.833,124.629,121.539,122.645,8917,HSI,^HSI,510582064554693333,2025-06-02 02:30:39.625027+08:00
239,2024-06-27 08:00:00+08:00,141.835,146.517,133.584,143.505,8589,HSI,^HSI,10253204938834969752,2025-06-02 02:30:39.625027+08:00
240,2024-06-28 08:00:00+08:00,112.573,122.236,110.305,112.672,2403,HSI,^HSI,7646831394343367862,2025-06-02 02:30:39.625027+08:00
241,2024-06-29 08:00:00+08:00,143.047,149.462,137.946,138.543,6799,HSI,^HSI,8215171199971329772,2025-06-02 02:30:39.625027+08:00
242,2024-06-30 08:00:00+08:00,174.526,179.293,168.051,175.812,4852,HSI,^HSI,16836254338949889895,2025-06-02 02:30:39.625027+08:00
243,2024-07-01 08:00:00+08:00,169.224,177.238,167.952,169.267,2624,HSI,^HSI,4384593322411781520,2025-06-02 02:30:39.625027+08:00
244,2024-07-02 08:00:00+08:00,106.639,115.105,99.0415,109.763,5119,HSI,^HSI,2687418387553381438,2025-06-02 02:30:39.625027+08:00
245,2024-07-03 08:00:00+08:00,159.755,167.417,158.157,163.829,5562,HSI,^HSI,10953755386789390309,2025-06-02 02:30:39.625027+08:00
246,2024-07-04 08:00:00+08:00,175.941,183.733,166.938,167.242,7052,HSI,^HSI,17796799783951936555,2025-06-02 02:30:39.625027+08:00
247,2024-07-05 08:00:00+08:00,166.178,174.031,166.037,170.382,1663,HSI,^HSI,15511403587596566818,2025-06-02 02:30:39.625027+08:00
248,2024-07-06 08:00:00+08:00,167.029,169.305,157.638,166.705,7339,HSI,^HSI,14169424726786371530,2025-06-02 02:30:39.625027+08:00
249,2024-07-07 08:00:00+08:00,151.374,155.159,142.924,143.91,4067,HSI,^HSI,7456795210079498200,2025-06-02 02:30:39.625027+08:00
250,2024-07-08 08:00:00+08:00,143.004,150.937,138.796,143.547,4000,HSI,^HSI,8285320386565364810,2025-06-02 02:30:39.625027+08:00
251,2024-07-09 08:00:00+08:00,109.325,110.292,101.402,106.291,3634,HSI,^HSI,12542210484771971802,2025-06-02 02:30:39.625027+08:00
252,2024-07-10 08:00:00+08:00,157.551,166.059,152.479,165.933,5579,HSI,^HSI,7338057076929071776,2025-06-02 02:30:39.625027+08:00
253,2024-07-11 08:00:00+08:00,149.611,158.709,140.08,147.682,8066,HSI,^HSI,3483652109910773684,2025-06-02 02:30:39.625027+08:00
254,2024-07-12 08:00:00+08:00,138.658,140.175,138.161,140.065,5023,HSI,^HSI,8009072397784600884,2025-06-02 02:30:39.625027+08:00
255,2024-07-13 08:00:00+08:00,197.543,203.47,191.615,199.371,9429,HSI,^HSI,16385768775268624670,2025-06-02 02:30:39.625027+08:00
256,2024-07-14 08:00:00+08:00,164.253,170.569,159.569,166.265,4355,HSI,^HSI,12686905383632731947,2025-06-02 02:30:39.625027+08:00
257,2024-07-15 08:00:00+08:00,193.988,197.661,187.958,196.951,1837,HSI,^HSI,14790218956771348854,2025-06-02 02:30:39.625027+08:00
258,2024-07-16 08:00:00+08:00,180.751,181.48,176.63,179.27,9603,HSI,^HSI,4494019700933650634,2025-06-02 02:30:39.625027+08:00
259,2024-07-17 08:00:00+08:00,112.972,120.949,105.663,105.725,5618,HSI,^HSI,12538413923715276375,2025-06-02 02:30:39.625027+08:00
260,2024-07-18 08:00:00+08:00,191.907,193.864,184.087,193.717,7657,HSI,^HSI,17337343363767160962,2025-06-02 02:30:39.625027+08:00
261,2024-07-19 08:00:00+08:00,116.915,119.359,116.678,118.069,7653,HSI,^HSI,4649589635373861208,2025-06-02 02:30:39.625027+08:00
262,2024-07-20 08:00:00+08:00,195.92,202.589,191.18,194.867,4172,HSI,^HSI,4858445537328508,2025-06-02 02:30:39.625027+08:00
263,2024-07-21 08:00:00+08:00,105.095,107.718,103.528,103.879,6137,HSI,^HSI,3240137184133170594,2025-06-02 02:30:39.625027+08:00
264,2024-07-22 08:00:00+08:00,113.082,119.594,104.524,115.047,3985,HSI,^HSI,4324252148744835719,2025-06-02 02:30:39.625027+08:00
265,2024-07-23 08:00:00+08:00,164.172,169.545,163.9,163.917,2426,HSI,^HSI,12556907487366419825,2025-06-02 02:30:39.625027+08:00
266,2024-07-24 08:00:00+08:00,154.88,157.738,150.097,156.324,1932,HSI,^HSI,6487600254680773785,2025-06-02 02:30:39.625027+08:00
267,2024-07-25 08:00:00+08:00,171.021,176.265,170.009,172.415,9487,HSI,^HSI,15881889584782211213,2025-06-02 02:30:39.625027+08:00
268,2024-07-26 08:00:00+08:00,162.538,172.294,157.333,166.906,8554,HSI,^HSI,12735943748873871414,2025-06-02 02:30:39.625027+08:00
269,2024-07-27 08:00:00+08:00,130.531,136.677,127.856,133.279,3377,HSI,^HSI,11537267883458585298,2025-06-02 02:30:39.625027+08:00
270,2024-07-28 08:00:00+08:00,169.793,172.83,167.713,168.05,9762,HSI,^HSI,17162437718407542394,2025-06-02 02:30:39.625027+08:00
271,2024-07-29 08:00:00+08:00,158.714,160.43,148.722,159.293,3180,HSI,^HSI,12199007814754311452,2025-06-02 02:30:39.625027+08:00
272,2024-07-30 08:00:00+08:00,123.125,133.039,117.964,128.925,2465,HSI,^HSI,14093204946262801910,2025-06-02 02:30:39.625027+08:00
273,2024-07-31 08:00:00+08:00,176.493,177.101,174.869,175.6,3078,HSI,^HSI,2759725175298071422,2025-06-02 02:30:39.625027+08:00
274,2024-08-01 08:00:00+08:00,124.271,128.437,115.842,116.98,3595,HSI,^HSI,7018613428401833155,2025-06-02 02:30:39.625027+08:00
275,2024-08-02 08:00:00+08:00,131.885,140.011,130.988,131.03,8940,HSI,^HSI,17657785289709629208,2025-06-02 02:30:39.625027+08:00
276,2024-08-03 08:00:00+08:00,156.313,162.929,147.899,162.264,1643,HSI,^HSI,1464421328590570780,2025-06-02 02:30:39.625027+08:00
277,2024-08-04 08:00:00+08:00,155.614,161.617,154.111,157.486,5088,HSI,^HSI,14923943176905451187,2025-06-02 02:30:39.625027+08:00
278,2024-08-05 08:00:00+08:00,178.868,184.317,175.912,180.87,1932,HSI,^HSI,642115112114971727,2025-06-02 02:30:39.625027+08:00
279,2024-08-06 08:00:00+08:00,146.364,147.373,138.057,140.256,2768,HSI,^HSI,9052289707221914988,2025-06-02 02:30:39.625027+08:00
280,2024-08-07 08:00:00+08:00,118.605,119.503,110.238,114.694,2742,HSI,^HSI,15669971145861292209,2025-06-02 02:30:39.625027+08:00
281,2024-08-08 08:00:00+08:00,128.988,136.217,126.019,133.135,7579,HSI,^HSI,2771346295292999658,2025-06-02 02:30:39.625027+08:00
282,2024-08-09 08:00:00+08:00,137.927,145.372,137.322,142.39,7915,HSI,^HSI,13635284082692080063,2025-06-02 02:30:39.625027+08:00
283,2024-08-10 08:00:00+08:00,119.45,120.785,113.128,117.709,4524,HSI,^HSI,12148304890616013709,2025-06-02 02:30:39.625027+08:00
284,2024-08-11 08:00:00+08:00,182.593,190.689,176.808,177.545,9850,HSI,^HSI,5298487340030031597,2025-06-02 02:30:39.625027+08:00
285,2024-08-12 08:00:00+08:00,186.208,191.019,176.381,189.035,2508,HSI,^HSI,10379577680086392419,2025-06-02 02:30:39.625027+08:00
286,2024-08-13 08:00:00+08:00,127.09,131.126,123.296,130.752,5542,HSI,^HSI,15974539681273918861,2025-06-02 02:30:39.625027+08:00
287,2024-08-14 08:00:00+08:00,131.524,135.139,126.608,128.06,4476,HSI,^HSI,14628402094619086564,2025-06-02 02:30:39.625027+08:00
288,2024-08-15 08:00:00+08:00,116.799,120.657,112.476,119.351,6625,HSI,^HSI,10001547251318464527,2025-06-02 02:30:39.625027+08:00
289,2024-08-16 08:00:00+08:00,115.552,119.664,113.534,118.188,9291,HSI,^HSI,11434294005647469694,2025-06-02 02:30:39.625027+08:00
290,2024-08-17 08:00:00+08:00,134.681,138.134,133.568,137.897,9980,HSI,^HSI,8759761672739393234,2025-06-02 02:30:39.625027+08:00
291,2024-08-18 08:00:00+08:00,141.849,148.183,135.73,137.239,2481,HSI,^HSI,12963925727803466305,2025-06-02 02:30:39.625027+08:00
292,2024-08-19 08:00:00+08:00,196.653,205.124,195.891,197.228,9557,HSI,^HSI,11594996973081366252,2025-06-02 02:30:39.625027+08:00
293,2024-08-20 08:00:00+08:00,151.482,158.097,143.159,155.467,4060,HSI,^HSI,15832565801550648021,2025-06-02 02:30:39.625027+08:00
294,2024-08-21 08:00:00+08:00,106.717,108.537,100.4,107.938,6080,HSI,^HSI,9527982127884774282,2025-06-02 02:30:39.625027+08:00
295,2024-08-22 08:00:00+08:00,119.037,128.848,117.421,122.192,3970,HSI,^HSI,12823393196280245686,2025-06-02 02:30:39.625027+08:00
296,2024-08-23 08:00:00+08:00,188.913,198.306,187.515,190.859,3882,HSI,^HSI,13710952054672360572,2025-06-02 02:30:39.625027+08:00
297,2024-08-24 08:00:00+08:00,107.509,113.402,103.384,110.217,5186,HSI,^HSI,16286755502981600466,2025-06-02 02:30:39.625027+08:00
298,2024-08-25 08:00:00+08:00,183.538,186.706,175.286,186.589,6035,HSI,^HSI,3024601015174586651,2025-06-02 02:30:39.625027+08:00
299,2024-08-26 08:00:00+08:00,181.497,188.507,179.434,182.683,8969,HSI,^HSI,9677558641775736855,2025-06-02 02:30:39.625027+08:00
300,2024-08-27 08:00:00+08:00,198.11,202.3,191.815,197.59,3477,HSI,^HSI,3306495927193834069,2025-06-02 02:30:39.625027+08:00
301,2024-08-28 08:00:00+08:00,168.504,175.485,159.12,175.4,5383,HSI,^HSI,14312270917136866444,2025-06-02 02:30:39.625027+08:00
302,2024-08-29 08:00:00+08:00,142.162,148.389,132.93,146.678,3155,HSI,^HSI,1227946160906695648,2025-06-02 02:30:39.625027+08:00
303,2024-08-30 08:00:00+08:00,171.656,177.733,163.708,177.122,7151,HSI,^HSI,3981785095781226554,2025-06-02 02:30:39.625027+08:00
304,2024-08-31 08:00:00+08:00,133.986,142.042,128.157,130.684,9079,HSI,^HSI,8248026995777376546,2025-06-02 02:30:39.625027+08:00
305,2024-09-01 08:00:00+08:00,107.841,114.317,105.692,109.639,8438,HSI,^HSI,10050776822901501863,2025-06-02 02:30:39.625027+08:00
306,2024-09-02 08:00:00+08:00,165.627,169.602,160.223,168.381,3616,HSI,^HSI,1432438800732732490,2025-06-02 02:30:39.625027+08:00
307,2024-09-03 08:00:00+08:00,188.649,194.508,179.124,190.057,6892,HSI,^HSI,2535625943651952254,2025-06-02 02:30:39.625027+08:00
308,2024-09-04 08:00:00+08:00,165.018,167.285,160.008,165.112,4350,HSI,^HSI,14848309876088782035,2025-06-02 02:30:39.625027+08:00
309,2024-09-05 08:00:00+08:00,151.057,153.136,142.911,145.43,6601,HSI,^HSI,11081219550854862146,2025-06-02 02:30:39.625027+08:00
310,2024-09-06 08:00:00+08:00,175.922,181.775,170.273,175.235,9971,HSI,^HSI,716743373226869833,2025-06-02 02:30:39.625027+08:00
311,2024-09-07 08:00:00+08:00,185.059,185.158,175.503,180.291,9234,HSI,^HSI,5018856947322015523,2025-06-02 02:30:39.625027+08:00
312,2024-09-08 08:00:00+08:00,128.281,135.952,127.245,133.44,3463,HSI,^HSI,17730767679172841141,2025-06-02 02:30:39.625027+08:00
313,2024-09-09 08:00:00+08:00,114.089,123.806,111.156,114.305,9849,HSI,^HSI,5756333112796124300,2025-06-02 02:30:39.625027+08:00
314,2024-09-10 08:00:00+08:00,165.295,173.219,157.435,169.063,9807,HSI,^HSI,6499431962115106827,2025-06-02 02:30:39.625027+08:00
315,2024-09-11 08:00:00+08:00,158.813,166.746,148.908,166.384,6048,HSI,^HSI,2077753984124605714,2025-06-02 02:30:39.625027+08:00
316,2024-09-12 08:00:00+08:00,146.852,156.825,137.432,139.363,7263,HSI,^HSI,17580236689614912324,2025-06-02 02:30:39.625027+08:00
317,2024-09-13 08:00:00+08:00,145.383,145.513,141.559,142.448,1845,HSI,^HSI,16400491650072609871,2025-06-02 02:30:39.625027+08:00
318,2024-09-14 08:00:00+08:00,155.795,159.37,151.342,153.516,9115,HSI,^HSI,9317440034822930351,2025-06-02 02:30:39.625027+08:00
319,2024-09-15 08:00:00+08:00,169.307,175.637,160.231,161.55,1742,HSI,^HSI,367068610945724140,2025-06-02 02:30:39.625027+08:00
320,2024-09-16 08:00:00+08:00,158.381,165.012,150.883,163.087,6697,HSI,^HSI,1003719036650873824,2025-06-02 02:30:39.625027+08:00
321,2024-09-17 08:00:00+08:00,141.265,141.955,139.936,141.661,7811,HSI,^HSI,12650584548269673189,2025-06-02 02:30:39.625027+08:00
322,2024-09-18 08:00:00+08:00,108.734,108.976,104.643,106.778,8331,HSI,^HSI,16817690275500335042,2025-06-02 02:30:39.625027+08:00
323,2024-09-19 08:00:00+08:00,131.875,132.728,129.666,130.992,4091,HSI,^HSI,1608394686879968423,2025-06-02 02:30:39.625027+08:00
324,2024-09-20 08:00:00+08:00,181.015,189.867,178.098,180.641,7809,HSI,^HSI,3929608883815270169,2025-06-02 02:30:39.625027+08:00
325,2024-09-21 08:00:00+08:00,186.098,193.671,180.286,192.729,5634,HSI,^HSI,13321059562472004182,2025-06-02 02:30:39.625027+08:00
326,2024-09-22 08:00:00+08:00,156.933,157.142,150.48,153.822,3242,HSI,^HSI,17808711393207103700,2025-06-02 02:30:39.625027+08:00
327,2024-09-23 08:00:00+08:00,113.371,119.068,107.227,108.313,9367,HSI,^HSI,13422999913808427179,2025-06-02 02:30:39.625027+08:00
328,2024-09-24 08:00:00+08:00,135.288,139.314,126.943,137.604,4562,HSI,^HSI,7325023259382587298,2025-06-02 02:30:39.625027+08:00
329,2024-09-25 08:00:00+08:00,196.202,198.671,187.381,189.67,7078,HSI,^HSI,11397595238223774641,2025-06-02 02:30:39.625027+08:00
330,2024-09-26 08:00:00+08:00,124.55,131.881,119.996,125.132,4094,HSI,^HSI,9455885013318503656,2025-06-02 02:30:39.625027+08:00
331,2024-09-27 08:00:00+08:00,173.28,176.968,172.753,173.18,9467,HSI,^HSI,10479431568615474896,2025-06-02 02:30:39.625027+08:00
332,2024-09-28 08:00:00+08:00,110.505,118.437,102.619,113.509,9837,HSI,^HSI,10882651532028139201,2025-06-02 02:30:39.625027+08:00
333,2024-09-29 08:00:00+08:00,175.706,182.156,170.592,181.977,5225,HSI,^HSI,6527325428220258941,2025-06-02 02:30:39.625027+08:00
334,2024-09-30 08:00:00+08:00,160.658,160.881,159.772,160.311,3170,HSI,^HSI,17129928253692193028,2025-06-02 02:30:39.625027+08:00
335,2024-10-01 08:00:00+08:00,157.371,159.586,153.267,155.409,5217,HSI,^HSI,8838639502570085922,2025-06-02 02:30:39.625027+08:00
336,2024-10-02 08:00:00+08:00,194.003,203.506,193.382,195.241,9737,HSI,^HSI,9112959996747780180,2025-06-02 02:30:39.625027+08:00
337,2024-10-03 08:00:00+08:00,147.557,148.43,147.326,147.564,4382,HSI,^HSI,8594487532316597324,2025-06-02 02:30:39.625027+08:00
338,2024-10-04 08:00:00+08:00,161.376,163.646,157.498,162.672,3085,HSI,^HSI,14495879169574393668,2025-06-02 02:30:39.625027+08:00
339,2024-10-05 08:00:00+08:00,187.257,193.629,179.422,181.433,3031,HSI,^HSI,1290976374353133515,2025-06-02 02:30:39.625027+08:00
340,2024-10-06 08:00:00+08:00,196.93,197.603,190.265,190.83,9541,HSI,^HSI,9643743736052885044,2025-06-02 02:30:39.625027+08:00
341,2024-10-07 08:00:00+08:00,197.68,207.041,190.753,203.537,4398,HSI,^HSI,15477095115353629741,2025-06-02 02:30:39.625027+08:00
342,2024-10-08 08:00:00+08:00,190.685,191.65,190.094,190.603,8460,HSI,^HSI,8559926611078932358,2025-06-02 02:30:39.625027+08:00
343,2024-10-09 08:00:00+08:00,121.414,126.978,111.796,118.834,8789,HSI,^HSI,1286978616171392967,2025-06-02 02:30:39.625027+08:00
344,2024-10-10 08:00:00+08:00,131.933,136.234,128.429,128.653,2425,HSI,^HSI,8511860531917504490,2025-06-02 02:30:39.625027+08:00
345,2024-10-11 08:00:00+08:00,174.086,183.686,167.515,176.728,4294,HSI,^HSI,6382433930609002333,2025-06-02 02:30:39.625027+08:00
346,2024-10-12 08:00:00+08:00,117.21,123.111,116.909,122.074,8127,HSI,^HSI,5787334429823288622,2025-06-02 02:30:39.625027+08:00
347,2024-10-13 08:00:00+08:00,180.809,188.818,173.572,182.734,5638,HSI,^HSI,12558436353251422900,2025-06-02 02:30:39.625027+08:00
348,2024-10-14 08:00:00+08:00,137.415,144.67,132.07,136.68,7423,HSI,^HSI,1413663666928712041,2025-06-02 02:30:39.625027+08:00
349,2024-10-15 08:00:00+08:00,164.816,172.534,160.335,162.002,6304,HSI,^HSI,5976436758242863689,2025-06-02 02:30:39.625027+08:00
350,2024-10-16 08:00:00+08:00,120.51,122.948,118.597,120.936,6422,HSI,^HSI,7231254062501141348,2025-06-02 02:30:39.625027+08:00
351,2024-10-17 08:00:00+08:00,100.206,105.035,92.3766,97.404,7770,HSI,^HSI,16289063753129011358,2025-06-02 02:30:39.625027+08:00
352,2024-10-18 08:00:00+08:00,190.666,194.849,183.368,184.762,2257,HSI,^HSI,11355602650158374994,2025-06-02 02:30:39.625027+08:00
353,2024-10-19 08:00:00+08:00,135.536,137.395,128.085,136.3,7145,HSI,^HSI,4074875184423129853,2025-06-02 02:30:39.625027+08:00
354,2024-10-20 08:00:00+08:00,152.455,155.343,144.945,152.877,5357,HSI,^HSI,17722251366733952400,2025-06-02 02:30:39.625027+08:00
355,2024-10-21 08:00:00+08:00,141.986,147.223,141.284,145.811,8667,HSI,^HSI,13198537080208430419,2025-06-02 02:30:39.625027+08:00
356,2024-10-22 08:00:00+08:00,165.677,167.189,160.833,166.99,5369,HSI,^HSI,2077084713268159266,2025-06-02 02:30:39.625027+08:00
357,2024-10-23 08:00:00+08:00,169.173,176.131,167.435,169.726,2544,HSI,^HSI,4048806402650324293,2025-06-02 02:30:39.625027+08:00
358,2024-10-24 08:00:00+08:00,161.991,169.513,160.209,169.105,2443,HSI,^HSI,2664742549549838506,2025-06-02 02:30:39.625027+08:00
359,2024-10-25 08:00:00+08:00,159.462,168.26,152.335,152.847,4926,HSI,^HSI,14456630109552440407,2025-06-02 02:30:39.625027+08:00
360,2024-10-26 08:00:00+08:00,153.507,153.535,149.924,152.698,1313,HSI,^HSI,16368533294303017806,2025-06-02 02:30:39.625027+08:00
361,2024-10-27 08:00:00+08:00,116.655,124.259,113.738,114.457,7378,HSI,^HSI,6615233025810386960,2025-06-02 02:30:39.625027+08:00
362,2024-10-28 08:00:00+08:00,130.396,136.022,122.365,126.79,5114,HSI,^HSI,3633254391470498926,2025-06-02 02:30:39.625027+08:00
363,2024-10-29 08:00:00+08:00,180.388,189.955,177.309,189.159,6033,HSI,^HSI,18168971495651230116,2025-06-02 02:30:39.625027+08:00
364,2024-10-30 08:00:00+08:00,199.81,209.148,195.328,201.992,1356,HSI,^HSI,7991834228647430959,2025-06-02 02:30:39.625027+08:00
365,2024-10-31 08:00:00+08:00,141.043,144.946,131.175,142.101,3189,HSI,^HSI,9998148837769931149,2025-06-02 02:30:39.625027+08:00
366,2024-11-01 08:00:00+08:00,186.474,187.85,183.314,187.386,5865,HSI,^HSI,10226384871701913291,2025-06-02 02:30:39.625027+08:00
367,2024-11-02 08:00:00+08:00,159.173,167.399,154.564,164.133,1664,HSI,^HSI,510152384950133881,2025-06-02 02:30:39.625027+08:00
368,2024-11-03 08:00:00+08:00,121.05,128.691,118.888,125.308,9308,HSI,^HSI,11531261204273307828,2025-06-02 02:30:39.625027+08:00
369,2024-11-04 08:00:00+08:00,196.719,197.805,187.662,196.064,3920,HSI,^HSI,1452336234813601216,2025-06-02 02:30:39.625027+08:00
370,2024-11-05 08:00:00+08:00,173.888,176.713,166.944,168.161,3500,HSI,^HSI,17077484194375686612,2025-06-02 02:30:39.625027+08:00
371,2024-11-06 08:00:00+08:00,156.888,159.381,153.015,157.871,4745,HSI,^HSI,11595893017183178049,2025-06-02 02:30:39.625027+08:00
372,2024-11-07 08:00:00+08:00,168.862,172.508,168.771,170.712,4799,HSI,^HSI,1842059482463669592,2025-06-02 02:30:39.625027+08:00
373,2024-11-08 08:00:00+08:00,136.625,140.722,135.464,139.64,8551,HSI,^HSI,5290296670039702850,2025-06-02 02:30:39.625027+08:00
374,2024-11-09 08:00:00+08:00,117.797,122.637,117.487,122.303,1276,HSI,^HSI,17397365510941378950,2025-06-02 02:30:39.625027+08:00
375,2024-11-10 08:00:00+08:00,134.027,137.943,127.324,134.413,6923,HSI,^HSI,8462034873996768490,2025-06-02 02:30:39.625027+08:00
376,2024-11-11 08:00:00+08:00,117.836,119.756,113.833,115.223,5946,HSI,^HSI,8618580480014324394,2025-06-02 02:30:39.625027+08:00
377,2024-11-12 08:00:00+08:00,178.838,185.402,170.004,184.34,8144,HSI,^HSI,14438334362669174560,2025-06-02 02:30:39.625027+08:00
378,2024-11-13 08:00:00+08:00,112.788,121.998,109.348,117.009,7176,HSI,^HSI,10734095702949134602,2025-06-02 02:30:39.625027+08:00
379,2024-11-14 08:00:00+08:00,158.684,159.582,153.12,156.89,8336,HSI,^HSI,14386025513329150388,2025-06-02 02:30:39.625027+08:00
380,2024-11-15 08:00:00+08:00,189.101,198.588,187.307,196.886,8471,HSI,^HSI,8711417768036448915,2025-06-02 02:30:39.625027+08:00
381,2024-11-16 08:00:00+08:00,143.821,151.308,143.719,145.611,5671,HSI,^HSI,5413064254371586751,2025-06-02 02:30:39.625027+08:00
382,2024-11-17 08:00:00+08:00,180.106,186.008,179.479,182.197,5120,HSI,^HSI,14337168857509814530,2025-06-02 02:30:39.625027+08:00
383,2024-11-18 08:00:00+08:00,144.076,148.436,134.81,136.966,5148,HSI,^HSI,11403346120940581367,2025-06-02 02:30:39.625027+08:00
384,2024-11-19 08:00:00+08:00,152.749,157.982,146.372,153.079,3665,HSI,^HSI,12700222807722501071,2025-06-02 02:30:39.625027+08:00
385,2024-11-20 08:00:00+08:00,125.688,131.166,121.254,126.206,8221,HSI,^HSI,13439099369656134783,2025-06-02 02:30:39.625027+08:00
386,2024-11-21 08:00:00+08:00,193.712,198.914,190.72,194.629,6410,HSI,^HSI,3310685370519656981,2025-06-02 02:30:39.625027+08:00
387,2024-11-22 08:00:00+08:00,117.101,123.861,109.722,111.006,4072,HSI,^HSI,11301497553329369508,2025-06-02 02:30:39.625027+08:00
388,2024-11-23 08:00:00+08:00,173.639,180.722,167.808,171.113,2759,HSI,^HSI,8916918757480384980,2025-06-02 02:30:39.625027+08:00
389,2024-11-24 08:00:00+08:00,194.675,199.86,186.699,192.598,4042,HSI,^HSI,13214948526332250516,2025-06-02 02:30:39.625027+08:00
390,2024-11-25 08:00:00+08:00,131.722,139.855,123.972,129.107,9395,HSI,^HSI,1424977907190949601,2025-06-02 02:30:39.625027+08:00
391,2024-11-26 08:00:00+08:00,106.301,113.074,98.2833,108.432,1677,HSI,^HSI,4813671819422928132,2025-06-02 02:30:39.625027+08:00
392,2024-11-27 08:00:00+08:00,162.713,172.168,152.755,156.919,8611,HSI,^HSI,9252928038957565434,2025-06-02 02:30:39.625027+08:00
393,2024-11-28 08:00:00+08:00,186.04,188.482,184.955,188.257,7628,HSI,^HSI,2323898629062848517,2025-06-02 02:30:39.625027+08:00
394,2024-11-29 08:00:00+08:00,100.424,106.099,98.6711,100.465,1279,HSI,^HSI,4366284732479568064,2025-06-02 02:30:39.625027+08:00
395,2024-11-30 08:00:00+08:00,112.396,113.796,107.202,109.806,9945,HSI,^HSI,203337826126902322,2025-06-02 02:30:39.625027+08:00
396,2024-12-01 08:00:00+08:00,181.483,185.145,173.003,181.756,8090,HSI,^HSI,17456991245577838436,2025-06-02 02:30:39.625027+08:00
397,2024-12-02 08:00:00+08:00,165.082,170.625,161.684,170.291,3482,HSI,^HSI,12588226964436032448,2025-06-02 02:30:39.625027+08:00
398,2024-12-03 08:00:00+08:00,189.4,196.35,182.224,196.282,9730,HSI,^HSI,10222215984214242068,2025-06-02 02:30:39.625027+08:00
399,2024-12-04 08:00:00+08:00,163.494,167.275,156.039,156.706,3663,HSI,^HSI,12371313481975458991,2025-06-02 02:30:39.625027+08:00
400,2024-12-05 08:00:00+08:00,175.595,176.424,168.682,175.983,4535,HSI,^HSI,9467855551022890591,2025-06-02 02:30:39.625027+08:00
401,2024-12-06 08:00:00+08:00,148.005,157.101,145.325,150.51,8103,HSI,^HSI,1679097525919005694,2025-06-02 02:30:39.625027+08:00
402,2024-12-07 08:00:00+08:00,166.385,168.554,158.2,162.202,4425,HSI,^HSI,14903441016257117488,2025-06-02 02:30:39.625027+08:00
403,2024-12-08 08:00:00+08:00,112.051,115.464,105.292,113.681,2570,HSI,^HSI,4904066393552188449,2025-06-02 02:30:39.625027+08:00
404,2024-12-09 08:00:00+08:00,185.116,189.849,178.725,181.774,3129,HSI,^HSI,15489448862119568755,2025-06-02 02:30:39.625027+08:00
405,2024-12-10 08:00:00+08:00,193.428,199.228,192.952,197.414,2661,HSI,^HSI,4286789432518026,2025-06-02 02:30:39.625027+08:00
406,2024-12-11 08:00:00+08:00,185.19,188.319,177.128,179.509,8909,HSI,^HSI,9599565742186459605,2025-06-02 02:30:39.625027+08:00
407,2024-12-12 08:00:00+08:00,127.684,136.682,126.564,135.146,4193,HSI,^HSI,9936834999660388016,2025-06-02 02:30:39.625027+08:00
408,2024-12-13 08:00:00+08:00,124.37,124.383,119.674,123.665,6341,HSI,^HSI,8452683952963037854,2025-06-02 02:30:39.625027+08:00
409,2024-12-14 08:00:00+08:00,156.992,160.759,152.706,153.187,4123,HSI,^HSI,10867508574786019504,2025-06-02 02:30:39.625027+08:00
410,2024-12-15 08:00:00+08:00,167.972,176.05,167.126,175.084,1290,HSI,^HSI,11977160424846483868,2025-06-02 02:30:39.625027+08:00
411,2024-12-16 08:00:00+08:00,134.942,142.829,128.723,133.498,4296,HSI,^HSI,1442430107749924250,2025-06-02 02:30:39.625027+08:00
412,2024-12-17 08:00:00+08:00,156.6,158.602,152.048,155.683,5513,HSI,^HSI,16932674351277837254,2025-06-02 02:30:39.625027+08:00
413,2024-12-18 08:00:00+08:00,108.451,113.623,99.5413,110.133,4613,HSI,^HSI,15725272386418646207,2025-06-02 02:30:39.625027+08:00
414,2024-12-19 08:00:00+08:00,155.557,156.775,153.876,155.129,4654,HSI,^HSI,16738578183145786036,2025-06-02 02:30:39.625027+08:00
415,2024-12-20 08:00:00+08:00,136.674,142.949,131.846,132.582,7386,HSI,^HSI,6704567723987460032,2025-06-02 02:30:39.625027+08:00
416,2024-12-21 08:00:00+08:00,132.949,138.395,124.82,131.153,5124,HSI,^HSI,1394412841411353639,2025-06-02 02:30:39.625027+08:00
417,2024-12-22 08:00:00+08:00,149.087,151.416,143.296,146.338,4382,HSI,^HSI,17015008650555450665,2025-06-02 02:30:39.625027+08:00
418,2024-12-23 08:00:00+08:00,170.766,174.553,161.101,171.687,3475,HSI,^HSI,611783886835041544,2025-06-02 02:30:39.625027+08:00
419,2024-12-24 08:00:00+08:00,121.142,121.508,116.727,120.221,6735,HSI,^HSI,12426178659187049678,2025-06-02 02:30:39.625027+08:00
420,2024-12-25 08:00:00+08:00,188.019,197.286,178.297,191.437,5978,HSI,^HSI,4838445651442313175,2025-06-02 02:30:39.625027+08:00
421,2024-12-26 08:00:00+08:00,191.775,194.994,184.063,190.173,4715,HSI,^HSI,11262001669901892052,2025-06-02 02:30:39.625027+08:00
422,2024-12-27 08:00:00+08:00,102.889,107.939,98.7045,102.054,5640,HSI,^HSI,16078881746028554796,2025-06-02 02:30:39.625027+08:00
423,2024-12-28 08:00:00+08:00,153.921,155.564,151.837,153.261,3858,HSI,^HSI,5849384068833365620,2025-06-02 02:30:39.625027+08:00
424,2024-12-29 08:00:00+08:00,174.65,178.169,169.198,173.509,8862,HSI,^HSI,16213350873458777110,2025-06-02 02:30:39.625027+08:00
425,2024-12-30 08:00:00+08:00,140.67,143.378,131.789,138.088,9826,HSI,^HSI,11747824087946339017,2025-06-02 02:30:39.625027+08:00
426,2024-12-31 08:00:00+08:00,142.203,145.851,132.548,140.661,7158,HSI,^HSI,15300401284607357641,2025-06-02 02:30:39.625027+08:00
