,Open_x,High_x,Low_x,Close_x,Volume_x,current_hour_pillar,current_day_pillar,current_day_pillar_minus,current_hour_pillar_minus,current_month_pillar,current_year_pillar,current_year_pillar_minus,current_month_pillar_minus,current_wuxi_hour,current_wuxi_day,current_wuxi_month,current_wuxi_year,base_year_pillar,base_month_pillar,base_day_pillar,base_hour_pillar,base_month_pillar_minus,base_hour_pillar_minus,base_year_pillar_minus,base_day_pillar_minus,year,month,day,hour,dayofweek,quarter,dayofyear,weekofyear,current_hour_pillar_heavenly,current_hour_pillar_earthly,current_hour_pillar_heavenly_sin,current_hour_pillar_heavenly_cos,current_hour_pillar_earthly_sin,current_hour_pillar_earthly_cos,current_day_pillar_heavenly,current_day_pillar_earthly,current_day_pillar_heavenly_sin,current_day_pillar_heavenly_cos,current_day_pillar_earthly_sin,current_day_pillar_earthly_cos,current_day_pillar_minus_heavenly,current_day_pillar_minus_earthly,current_day_pillar_minus_heavenly_sin,current_day_pillar_minus_heavenly_cos,current_day_pillar_minus_earthly_sin,current_day_pillar_minus_earthly_cos,current_hour_pillar_minus_heavenly,current_hour_pillar_minus_earthly,current_hour_pillar_minus_heavenly_sin,current_hour_pillar_minus_heavenly_cos,current_hour_pillar_minus_earthly_sin,current_hour_pillar_minus_earthly_cos,current_month_pillar_heavenly,current_month_pillar_earthly,current_month_pillar_heavenly_sin,current_month_pillar_heavenly_cos,current_month_pillar_earthly_sin,current_month_pillar_earthly_cos,current_year_pillar_heavenly,current_year_pillar_earthly,current_year_pillar_heavenly_sin,current_year_pillar_heavenly_cos,current_year_pillar_earthly_sin,current_year_pillar_earthly_cos,current_year_pillar_minus_heavenly,current_year_pillar_minus_earthly,current_year_pillar_minus_heavenly_sin,current_year_pillar_minus_heavenly_cos,current_year_pillar_minus_earthly_sin,current_year_pillar_minus_earthly_cos,current_month_pillar_minus_heavenly,current_month_pillar_minus_earthly,current_month_pillar_minus_heavenly_sin,current_month_pillar_minus_heavenly_cos,current_month_pillar_minus_earthly_sin,current_month_pillar_minus_earthly_cos,base_year_pillar_heavenly,base_year_pillar_earthly,base_year_pillar_heavenly_sin,base_year_pillar_heavenly_cos,base_year_pillar_earthly_sin,base_year_pillar_earthly_cos,base_month_pillar_heavenly,base_month_pillar_earthly,base_month_pillar_heavenly_sin,base_month_pillar_heavenly_cos,base_month_pillar_earthly_sin,base_month_pillar_earthly_cos,base_day_pillar_heavenly,base_day_pillar_earthly,base_day_pillar_heavenly_sin,base_day_pillar_heavenly_cos,base_day_pillar_earthly_sin,base_day_pillar_earthly_cos,base_hour_pillar_heavenly,base_hour_pillar_earthly,base_hour_pillar_heavenly_sin,base_hour_pillar_heavenly_cos,base_hour_pillar_earthly_sin,base_hour_pillar_earthly_cos,base_month_pillar_minus_heavenly,base_month_pillar_minus_earthly,base_month_pillar_minus_heavenly_sin,base_month_pillar_minus_heavenly_cos,base_month_pillar_minus_earthly_sin,base_month_pillar_minus_earthly_cos,base_hour_pillar_minus_heavenly,base_hour_pillar_minus_earthly,base_hour_pillar_minus_heavenly_sin,base_hour_pillar_minus_heavenly_cos,base_hour_pillar_minus_earthly_sin,base_hour_pillar_minus_earthly_cos,base_year_pillar_minus_heavenly,base_year_pillar_minus_earthly,base_year_pillar_minus_heavenly_sin,base_year_pillar_minus_heavenly_cos,base_year_pillar_minus_earthly_sin,base_year_pillar_minus_earthly_cos,base_day_pillar_minus_heavenly,base_day_pillar_minus_earthly,base_day_pillar_minus_heavenly_sin,base_day_pillar_minus_heavenly_cos,base_day_pillar_minus_earthly_sin,base_day_pillar_minus_earthly_cos,cs_base_hour_current_hour,cs_base_hour_current_day,cs_base_hour_current_hour_minus,cs_base_hour_current_month,cs_base_hour_current_year,cs_base_hour_current_month_minus,cs_base_day_current_hour,cs_base_day_current_day,cs_base_day_current_hour_minus,cs_base_day_current_month,cs_base_day_current_year,cs_base_day_current_month_minus,cs_base_hour_minus_current_hour,cs_base_hour_minus_current_day,cs_base_hour_minus_current_hour_minus,cs_base_hour_minus_current_month,cs_base_hour_minus_current_year,cs_base_hour_minus_current_month_minus,cs_base_month_current_hour,cs_base_month_current_day,cs_base_month_current_hour_minus,cs_base_month_current_month,cs_base_month_current_year,cs_base_month_current_month_minus,cs_base_year_current_hour,cs_base_year_current_day,cs_base_year_current_hour_minus,cs_base_year_current_month,cs_base_year_current_year,cs_base_year_current_month_minus,cs_base_month_minus_current_hour,cs_base_month_minus_current_day,cs_base_month_minus_current_hour_minus,cs_base_month_minus_current_month,cs_base_month_minus_current_year,cs_base_month_minus_current_month_minus
0,0,0,0,0,0,36,47,29,25,7,0,2,26,56,87,61,2,0,0,0,0,0,0,0,0,2025,6,4,0,2,2,155,23,7,3,0,1,0,1,7,10,0,1,0.866025,-0.5,4,11,1.22465e-16,-1,-1,-1.83697e-16,4,6,1.22465e-16,-1,0.5,-0.866025,1,9,0.951057,0.309017,-0.866025,-0.5,0,2,0.587785,0.809017,0.5,-0.866025,2,2,-0.587785,-0.809017,0,1,9,3,-0.951057,-0.309017,1,6.12323e-17,0,0,1.22465e-16,-1,-1,-1.83697e-16,0,0,0.587785,0.809017,-0.5,0.866025,0,0,-0.587785,0.809017,1,6.12323e-17,0,0,-0.951057,-0.309017,-1,-1.83697e-16,0,0,-0.587785,-0.809017,1.22465e-16,-1,0,0,0.951057,0.309017,0.866025,0.5,0,0,0,1,0.866025,-0.5,0,0,0.587785,-0.809017,-0.866025,-0.5,8,1,3,2,2,6,8,11,6,3,3,10,5,0,7,5,4,4,4,0,4,7,1,8,5,9,2,4,1,5,3,11,9,8,4,7
1,0,0,0,0,0,6,15,33,53,7,0,2,26,50,34,61,2,0,0,0,0,0,0,0,0,2025,6,5,0,3,2,156,23,1,3,0.951057,0.309017,0,1,2,6,0.587785,0.809017,0.5,-0.866025,5,7,-0.587785,-0.809017,-0.866025,0.5,9,6,-0.951057,-0.309017,0.5,-0.866025,1,9,0.951057,0.309017,-0.866025,-0.5,0,2,0.587785,0.809017,0.5,-0.866025,2,2,-0.587785,-0.809017,0,1,9,3,-0.951057,-0.309017,1,6.12323e-17,0,0,1.22465e-16,-1,-1,-1.83697e-16,0,0,0.587785,0.809017,-0.5,0.866025,0,0,-0.587785,0.809017,1,6.12323e-17,0,0,-0.951057,-0.309017,-1,-1.83697e-16,0,0,-0.587785,-0.809017,1.22465e-16,-1,0,0,0.951057,0.309017,0.866025,0.5,0,0,0,1,0.866025,-0.5,0,0,0.587785,-0.809017,-0.866025,-0.5,8,3,3,2,2,6,8,7,6,3,3,10,5,8,7,5,4,4,4,4,4,7,1,8,5,2,2,4,1,5,3,10,9,8,4,7
2,0,0,0,0,0,31,6,54,49,12,2,0,0,14,18,35,2,0,0,0,0,0,0,0,0,2025,6,6,0,4,2,157,23,6,3,0.587785,-0.809017,0,1,1,2,0.951057,0.309017,1.22465e-16,-1,9,0,-0.951057,-0.309017,0.5,0.866025,8,8,-0.587785,0.809017,-0.5,-0.866025,3,2,-0.951057,0.309017,1.22465e-16,-1,2,4,-0.587785,-0.809017,-0.866025,-0.5,0,0,0.587785,0.809017,0.5,0.866025,0,1,0.951057,-0.309017,-0.5,0.866025,0,0,1.22465e-16,-1,-1,-1.83697e-16,0,0,0.587785,0.809017,-0.5,0.866025,0,0,-0.587785,0.809017,1,6.12323e-17,0,0,-0.951057,-0.309017,-1,-1.83697e-16,0,0,-0.587785,-0.809017,1.22465e-16,-1,0,0,0.951057,0.309017,0.866025,0.5,0,0,0,1,0.866025,-0.5,0,0,0.587785,-0.809017,-0.866025,-0.5,8,5,8,5,1,4,8,6,1,6,1,2,5,2,8,2,3,6,4,10,10,10,2,3,5,8,0,8,2,7,3,4,0,4,3,5
3,0,0,0,0,0,36,29,47,26,12,2,0,0,56,57,2,2,0,0,0,0,0,0,0,0,2025,6,9,0,0,2,160,24,7,3,0,1,0,1,4,11,1.22465e-16,-1,-1,-1.83697e-16,7,10,0,1,0.866025,-0.5,4,8,1.22465e-16,-1,-0.5,-0.866025,3,2,-0.951057,0.309017,1.22465e-16,-1,2,4,-0.587785,-0.809017,-0.866025,-0.5,0,0,0.587785,0.809017,0.5,0.866025,0,1,0.951057,-0.309017,-0.5,0.866025,0,0,1.22465e-16,-1,-1,-1.83697e-16,0,0,0.587785,0.809017,-0.5,0.866025,0,0,-0.587785,0.809017,1,6.12323e-17,0,0,-0.951057,-0.309017,-1,-1.83697e-16,0,0,-0.587785,-0.809017,1.22465e-16,-1,0,0,0.951057,0.309017,0.866025,0.5,0,0,0,1,0.866025,-0.5,0,0,0.587785,-0.809017,-0.866025,-0.5,8,8,8,5,1,4,8,5,1,6,1,2,5,3,8,2,3,6,4,6,10,10,2,3,5,10,0,8,2,7,3,2,0,4,3,5
4,0,0,0,0,0,6,33,15,54,12,2,0,0,50,71,2,2,0,0,0,0,0,0,0,0,2025,6,10,0,1,2,161,24,1,3,0.951057,0.309017,0,1,5,7,-0.587785,-0.809017,-0.866025,0.5,2,6,0.587785,0.809017,0.5,-0.866025,9,8,-0.951057,-0.309017,-0.5,-0.866025,3,2,-0.951057,0.309017,1.22465e-16,-1,2,4,-0.587785,-0.809017,-0.866025,-0.5,0,0,0.587785,0.809017,0.5,0.866025,0,1,0.951057,-0.309017,-0.5,0.866025,0,0,1.22465e-16,-1,-1,-1.83697e-16,0,0,0.587785,0.809017,-0.5,0.866025,0,0,-0.587785,0.809017,1,6.12323e-17,0,0,-0.951057,-0.309017,-1,-1.83697e-16,0,0,-0.587785,-0.809017,1.22465e-16,-1,0,0,0.951057,0.309017,0.866025,0.5,0,0,0,1,0.866025,-0.5,0,0,0.587785,-0.809017,-0.866025,-0.5,8,0,8,5,1,4,8,9,1,6,1,2,5,1,8,2,3,6,4,1,10,10,2,3,5,11,0,8,2,7,3,9,0,4,3,5
5,0,0,0,0,0,31,55,6,49,12,2,0,0,14,115,2,2,0,0,0,0,0,0,0,0,2025,6,11,0,2,2,162,24,6,3,0.587785,-0.809017,0,1,9,1,-0.951057,-0.309017,-0.5,0.866025,1,2,0.951057,0.309017,1.22465e-16,-1,8,8,-0.587785,0.809017,-0.5,-0.866025,3,2,-0.951057,0.309017,1.22465e-16,-1,2,4,-0.587785,-0.809017,-0.866025,-0.5,0,0,0.587785,0.809017,0.5,0.866025,0,1,0.951057,-0.309017,-0.5,0.866025,0,0,1.22465e-16,-1,-1,-1.83697e-16,0,0,0.587785,0.809017,-0.5,0.866025,0,0,-0.587785,0.809017,1,6.12323e-17,0,0,-0.951057,-0.309017,-1,-1.83697e-16,0,0,-0.587785,-0.809017,1.22465e-16,-1,0,0,0.951057,0.309017,0.866025,0.5,0,0,0,1,0.866025,-0.5,0,0,0.587785,-0.809017,-0.866025,-0.5,8,4,8,5,1,4,8,2,1,6,1,2,5,6,8,2,3,6,4,3,10,10,2,3,5,7,0,8,2,7,3,5,0,4,3,5
6,0,0,0,0,0,26,19,4,15,12,2,0,0,2,37,66,2,0,0,0,0,0,0,0,0,2025,6,12,0,3,2,163,24,5,3,-0.587785,-0.809017,0,1,3,4,-0.951057,0.309017,0,1,0,8,0.951057,-0.309017,-0.5,-0.866025,2,8,0.587785,0.809017,-0.5,-0.866025,3,2,-0.951057,0.309017,1.22465e-16,-1,2,4,-0.587785,-0.809017,-0.866025,-0.5,0,0,0.587785,0.809017,0.5,0.866025,0,1,0.951057,-0.309017,-0.5,0.866025,0,0,1.22465e-16,-1,-1,-1.83697e-16,0,0,0.587785,0.809017,-0.5,0.866025,0,0,-0.587785,0.809017,1,6.12323e-17,0,0,-0.951057,-0.309017,-1,-1.83697e-16,0,0,-0.587785,-0.809017,1.22465e-16,-1,0,0,0.951057,0.309017,0.866025,0.5,0,0,0,1,0.866025,-0.5,0,0,0.587785,-0.809017,-0.866025,-0.5,8,10,8,5,1,4,8,8,1,6,1,2,5,7,8,2,3,6,4,5,10,10,2,3,5,6,0,8,2,7,3,3,0,4,3,5
7,0,0,0,0,0,16,48,40,4,12,2,0,0,26,100,66,2,0,0,0,0,0,0,0,0,2025,6,13,0,4,2,164,24,3,3,-0.951057,0.309017,0,1,8,0,-0.587785,0.809017,0.5,0.866025,6,9,0.587785,-0.809017,-0.866025,-0.5,0,8,0.951057,-0.309017,-0.5,-0.866025,3,2,-0.951057,0.309017,1.22465e-16,-1,2,4,-0.587785,-0.809017,-0.866025,-0.5,0,0,0.587785,0.809017,0.5,0.866025,0,1,0.951057,-0.309017,-0.5,0.866025,0,0,1.22465e-16,-1,-1,-1.83697e-16,0,0,0.587785,0.809017,-0.5,0.866025,0,0,-0.587785,0.809017,1,6.12323e-17,0,0,-0.951057,-0.309017,-1,-1.83697e-16,0,0,-0.587785,-0.809017,1.22465e-16,-1,0,0,0.951057,0.309017,0.866025,0.5,0,0,0,1,0.866025,-0.5,0,0,0.587785,-0.809017,-0.866025,-0.5,8,11,8,5,1,4,8,0,1,6,1,2,5,11,8,2,3,6,4,9,10,10,2,3,5,1,0,8,2,7,3,1,0,4,3,5
8,0,0,0,0,0,31,11,55,49,12,2,0,0,14,15,88,2,0,0,0,0,0,0,0,0,2025,6,16,0,0,2,167,25,6,3,0.587785,-0.809017,0,1,1,10,0.951057,0.309017,0.866025,-0.5,9,1,-0.951057,-0.309017,-0.5,0.866025,8,8,-0.587785,0.809017,-0.5,-0.866025,3,2,-0.951057,0.309017,1.22465e-16,-1,2,4,-0.587785,-0.809017,-0.866025,-0.5,0,0,0.587785,0.809017,0.5,0.866025,0,1,0.951057,-0.309017,-0.5,0.866025,0,0,1.22465e-16,-1,-1,-1.83697e-16,0,0,0.587785,0.809017,-0.5,0.866025,0,0,-0.587785,0.809017,1,6.12323e-17,0,0,-0.951057,-0.309017,-1,-1.83697e-16,0,0,-0.587785,-0.809017,1.22465e-16,-1,0,0,0.951057,0.309017,0.866025,0.5,0,0,0,1,0.866025,-0.5,0,0,0.587785,-0.809017,-0.866025,-0.5,8,1,8,5,1,4,8,11,1,6,1,2,5,0,8,2,3,6,4,0,10,10,2,3,5,9,0,8,2,7,3,11,0,4,3,5
9,0,0,0,0,0,26,3,19,15,12,2,0,0,2,10,88,2,0,0,0,0,0,0,0,0,2025,6,17,0,1,2,168,25,5,3,-0.587785,-0.809017,0,1,0,6,0.951057,-0.309017,0.5,-0.866025,3,4,-0.951057,0.309017,0,1,2,8,0.587785,0.809017,-0.5,-0.866025,3,2,-0.951057,0.309017,1.22465e-16,-1,2,4,-0.587785,-0.809017,-0.866025,-0.5,0,0,0.587785,0.809017,0.5,0.866025,0,1,0.951057,-0.309017,-0.5,0.866025,0,0,1.22465e-16,-1,-1,-1.83697e-16,0,0,0.587785,0.809017,-0.5,0.866025,0,0,-0.587785,0.809017,1,6.12323e-17,0,0,-0.951057,-0.309017,-1,-1.83697e-16,0,0,-0.587785,-0.809017,1.22465e-16,-1,0,0,0.951057,0.309017,0.866025,0.5,0,0,0,1,0.866025,-0.5,0,0,0.587785,-0.809017,-0.866025,-0.5,8,3,8,5,1,4,8,7,1,6,1,2,5,8,8,2,3,6,4,4,10,10,2,3,5,2,0,8,2,7,3,10,0,4,3,5
10,0,0,0,0,0,16,36,48,4,12,2,0,0,26,78,88,2,0,0,0,0,0,0,0,0,2025,6,18,0,2,2,169,25,3,3,-0.951057,0.309017,0,1,6,2,0.587785,-0.809017,1.22465e-16,-1,8,0,-0.587785,0.809017,0.5,0.866025,0,8,0.951057,-0.309017,-0.5,-0.866025,3,2,-0.951057,0.309017,1.22465e-16,-1,2,4,-0.587785,-0.809017,-0.866025,-0.5,0,0,0.587785,0.809017,0.5,0.866025,0,1,0.951057,-0.309017,-0.5,0.866025,0,0,1.22465e-16,-1,-1,-1.83697e-16,0,0,0.587785,0.809017,-0.5,0.866025,0,0,-0.587785,0.809017,1,6.12323e-17,0,0,-0.951057,-0.309017,-1,-1.83697e-16,0,0,-0.587785,-0.809017,1.22465e-16,-1,0,0,0.951057,0.309017,0.866025,0.5,0,0,0,1,0.866025,-0.5,0,0,0.587785,-0.809017,-0.866025,-0.5,8,5,8,5,1,4,8,6,1,6,1,2,5,2,8,2,3,6,4,10,10,10,2,3,5,8,0,8,2,7,3,4,0,4,3,5
11,0,0,0,0,0,36,28,44,26,12,2,0,0,56,50,76,2,0,0,0,0,0,0,0,0,2025,6,19,0,3,2,170,25,7,3,0,1,0,1,4,8,1.22465e-16,-1,-0.5,-0.866025,7,5,0,1,0.866025,0.5,4,8,1.22465e-16,-1,-0.5,-0.866025,3,2,-0.951057,0.309017,1.22465e-16,-1,2,4,-0.587785,-0.809017,-0.866025,-0.5,0,0,0.587785,0.809017,0.5,0.866025,0,1,0.951057,-0.309017,-0.5,0.866025,0,0,1.22465e-16,-1,-1,-1.83697e-16,0,0,0.587785,0.809017,-0.5,0.866025,0,0,-0.587785,0.809017,1,6.12323e-17,0,0,-0.951057,-0.309017,-1,-1.83697e-16,0,0,-0.587785,-0.809017,1.22465e-16,-1,0,0,0.951057,0.309017,0.866025,0.5,0,0,0,1,0.866025,-0.5,0,0,0.587785,-0.809017,-0.866025,-0.5,8,9,8,5,1,4,8,1,1,6,1,2,5,9,8,2,3,6,4,11,10,10,2,3,5,0,0,8,2,7,3,0,0,4,3,5
12,0,0,0,0,0,6,34,14,54,12,2,0,0,50,68,76,2,0,0,0,0,0,0,0,0,2025,6,20,0,4,2,171,25,1,3,0.951057,0.309017,0,1,5,9,-0.587785,-0.809017,-0.866025,-0.5,2,3,0.587785,0.809017,1,6.12323e-17,9,8,-0.951057,-0.309017,-0.5,-0.866025,3,2,-0.951057,0.309017,1.22465e-16,-1,2,4,-0.587785,-0.809017,-0.866025,-0.5,0,0,0.587785,0.809017,0.5,0.866025,0,1,0.951057,-0.309017,-0.5,0.866025,0,0,1.22465e-16,-1,-1,-1.83697e-16,0,0,0.587785,0.809017,-0.5,0.866025,0,0,-0.587785,0.809017,1,6.12323e-17,0,0,-0.951057,-0.309017,-1,-1.83697e-16,0,0,-0.587785,-0.809017,1.22465e-16,-1,0,0,0.951057,0.309017,0.866025,0.5,0,0,0,1,0.866025,-0.5,0,0,0.587785,-0.809017,-0.866025,-0.5,8,2,8,5,1,4,8,3,1,6,1,2,5,5,8,2,3,6,4,7,10,10,2,3,5,4,0,8,2,7,3,8,0,4,3,5
13,0,0,0,0,0,16,49,36,4,3,2,0,10,26,103,53,2,0,0,0,0,0,0,0,0,2025,6,23,0,0,2,174,26,3,3,-0.951057,0.309017,0,1,8,1,-0.587785,0.809017,-0.5,0.866025,6,2,0.587785,-0.809017,1.22465e-16,-1,0,8,0.951057,-0.309017,-0.5,-0.866025,0,11,0.951057,-0.309017,-1,-1.83697e-16,2,4,-0.587785,-0.809017,-0.866025,-0.5,0,0,0.587785,0.809017,0.5,0.866025,3,5,-0.951057,0.309017,0.866025,0.5,0,0,1.22465e-16,-1,-1,-1.83697e-16,0,0,0.587785,0.809017,-0.5,0.866025,0,0,-0.587785,0.809017,1,6.12323e-17,0,0,-0.951057,-0.309017,-1,-1.83697e-16,0,0,-0.587785,-0.809017,1.22465e-16,-1,0,0,0.951057,0.309017,0.866025,0.5,0,0,0,1,0.866025,-0.5,0,0,0.587785,-0.809017,-0.866025,-0.5,8,4,8,8,1,7,8,2,1,5,1,4,5,6,8,3,3,10,4,3,10,6,2,2,5,7,0,10,2,3,3,5,0,2,3,6
14,0,0,0,0,0,36,43,28,26,3,2,0,10,56,85,53,2,0,0,0,0,0,0,0,0,2025,6,24,0,1,2,175,26,7,3,0,1,0,1,7,4,0,1,0,1,4,8,1.22465e-16,-1,-0.5,-0.866025,4,8,1.22465e-16,-1,-0.5,-0.866025,0,11,0.951057,-0.309017,-1,-1.83697e-16,2,4,-0.587785,-0.809017,-0.866025,-0.5,0,0,0.587785,0.809017,0.5,0.866025,3,5,-0.951057,0.309017,0.866025,0.5,0,0,1.22465e-16,-1,-1,-1.83697e-16,0,0,0.587785,0.809017,-0.5,0.866025,0,0,-0.587785,0.809017,1,6.12323e-17,0,0,-0.951057,-0.309017,-1,-1.83697e-16,0,0,-0.587785,-0.809017,1.22465e-16,-1,0,0,0.951057,0.309017,0.866025,0.5,0,0,0,1,0.866025,-0.5,0,0,0.587785,-0.809017,-0.866025,-0.5,8,10,8,8,1,7,8,8,1,5,1,4,5,7,8,3,3,10,4,5,10,6,2,2,5,6,0,10,2,3,3,3,0,2,3,6
15,0,0,0,0,0,6,12,34,54,3,2,0,10,50,28,63,2,0,0,0,0,0,0,0,0,2025,6,25,0,2,2,176,26,1,3,0.951057,0.309017,0,1,2,0,0.587785,0.809017,0.5,0.866025,5,9,-0.587785,-0.809017,-0.866025,-0.5,9,8,-0.951057,-0.309017,-0.5,-0.866025,0,11,0.951057,-0.309017,-1,-1.83697e-16,2,4,-0.587785,-0.809017,-0.866025,-0.5,0,0,0.587785,0.809017,0.5,0.866025,3,5,-0.951057,0.309017,0.866025,0.5,0,0,1.22465e-16,-1,-1,-1.83697e-16,0,0,0.587785,0.809017,-0.5,0.866025,0,0,-0.587785,0.809017,1,6.12323e-17,0,0,-0.951057,-0.309017,-1,-1.83697e-16,0,0,-0.587785,-0.809017,1.22465e-16,-1,0,0,0.951057,0.309017,0.866025,0.5,0,0,0,1,0.866025,-0.5,0,0,0.587785,-0.809017,-0.866025,-0.5,8,11,8,8,1,7,8,0,1,5,1,4,5,11,8,3,3,10,4,9,10,6,2,2,5,1,0,10,2,3,3,1,0,2,3,6
16,0,0,0,0,0,31,8,59,49,3,2,0,10,14,12,63,2,0,0,0,0,0,0,0,0,2025,6,26,0,3,2,177,26,6,3,0.587785,-0.809017,0,1,1,5,0.951057,0.309017,0.866025,0.5,9,11,-0.951057,-0.309017,-1,-1.83697e-16,8,8,-0.587785,0.809017,-0.5,-0.866025,0,11,0.951057,-0.309017,-1,-1.83697e-16,2,4,-0.587785,-0.809017,-0.866025,-0.5,0,0,0.587785,0.809017,0.5,0.866025,3,5,-0.951057,0.309017,0.866025,0.5,0,0,1.22465e-16,-1,-1,-1.83697e-16,0,0,0.587785,0.809017,-0.5,0.866025,0,0,-0.587785,0.809017,1,6.12323e-17,0,0,-0.951057,-0.309017,-1,-1.83697e-16,0,0,-0.587785,-0.809017,1.22465e-16,-1,0,0,0.951057,0.309017,0.866025,0.5,0,0,0,1,0.866025,-0.5,0,0,0.587785,-0.809017,-0.866025,-0.5,8,7,8,8,1,7,8,4,1,5,1,4,5,10,8,3,3,10,4,2,10,6,2,2,5,3,0,10,2,3,3,6,0,2,3,6
17,0,0,0,0,0,26,2,21,15,3,2,0,10,2,5,63,2,0,0,0,0,0,0,0,0,2025,6,27,0,4,2,178,26,5,3,-0.587785,-0.809017,0,1,0,3,0.951057,-0.309017,1,6.12323e-17,3,7,-0.951057,0.309017,-0.866025,0.5,2,8,0.587785,0.809017,-0.5,-0.866025,0,11,0.951057,-0.309017,-1,-1.83697e-16,2,4,-0.587785,-0.809017,-0.866025,-0.5,0,0,0.587785,0.809017,0.5,0.866025,3,5,-0.951057,0.309017,0.866025,0.5,0,0,1.22465e-16,-1,-1,-1.83697e-16,0,0,0.587785,0.809017,-0.5,0.866025,0,0,-0.587785,0.809017,1,6.12323e-17,0,0,-0.951057,-0.309017,-1,-1.83697e-16,0,0,-0.587785,-0.809017,1.22465e-16,-1,0,0,0.951057,0.309017,0.866025,0.5,0,0,0,1,0.866025,-0.5,0,0,0.587785,-0.809017,-0.866025,-0.5,8,6,8,8,1,7,8,10,1,5,1,4,5,4,8,3,3,10,4,8,10,6,2,2,5,5,0,10,2,3,3,7,0,2,3,6
18,0,0,0,0,0,6,30,12,54,3,2,0,10,50,66,32,2,0,0,0,0,0,0,0,0,2025,6,30,0,0,2,181,27,1,3,0.951057,0.309017,0,1,5,2,-0.587785,-0.809017,1.22465e-16,-1,2,0,0.587785,0.809017,0.5,0.866025,9,8,-0.951057,-0.309017,-0.5,-0.866025,0,11,0.951057,-0.309017,-1,-1.83697e-16,2,4,-0.587785,-0.809017,-0.866025,-0.5,0,0,0.587785,0.809017,0.5,0.866025,3,5,-0.951057,0.309017,0.866025,0.5,0,0,1.22465e-16,-1,-1,-1.83697e-16,0,0,0.587785,0.809017,-0.5,0.866025,0,0,-0.587785,0.809017,1,6.12323e-17,0,0,-0.951057,-0.309017,-1,-1.83697e-16,0,0,-0.587785,-0.809017,1.22465e-16,-1,0,0,0.951057,0.309017,0.866025,0.5,0,0,0,1,0.866025,-0.5,0,0,0.587785,-0.809017,-0.866025,-0.5,8,5,8,8,1,7,8,6,1,5,1,4,5,2,8,3,3,10,4,10,10,6,2,2,5,8,0,10,2,3,3,4,0,2,3,6
19,0,0,0,0,0,31,58,8,49,3,2,0,10,14,110,21,2,0,0,0,0,0,0,0,0,2025,7,1,0,1,3,182,27,6,3,0.587785,-0.809017,0,1,9,8,-0.951057,-0.309017,-0.5,-0.866025,1,5,0.951057,0.309017,0.866025,0.5,8,8,-0.587785,0.809017,-0.5,-0.866025,0,11,0.951057,-0.309017,-1,-1.83697e-16,2,4,-0.587785,-0.809017,-0.866025,-0.5,0,0,0.587785,0.809017,0.5,0.866025,3,5,-0.951057,0.309017,0.866025,0.5,0,0,1.22465e-16,-1,-1,-1.83697e-16,0,0,0.587785,0.809017,-0.5,0.866025,0,0,-0.587785,0.809017,1,6.12323e-17,0,0,-0.951057,-0.309017,-1,-1.83697e-16,0,0,-0.587785,-0.809017,1.22465e-16,-1,0,0,0.951057,0.309017,0.866025,0.5,0,0,0,1,0.866025,-0.5,0,0,0.587785,-0.809017,-0.866025,-0.5,8,9,8,8,1,7,8,1,1,5,1,4,5,9,8,3,3,10,4,11,10,6,2,2,5,0,0,10,2,3,3,0,0,2,3,6
20,0,0,0,0,0,26,22,2,15,3,2,0,10,2,44,21,2,0,0,0,0,0,0,0,0,2025,7,2,0,2,3,183,27,5,3,-0.587785,-0.809017,0,1,3,9,-0.951057,0.309017,-0.866025,-0.5,0,3,0.951057,-0.309017,1,6.12323e-17,2,8,0.587785,0.809017,-0.5,-0.866025,0,11,0.951057,-0.309017,-1,-1.83697e-16,2,4,-0.587785,-0.809017,-0.866025,-0.5,0,0,0.587785,0.809017,0.5,0.866025,3,5,-0.951057,0.309017,0.866025,0.5,0,0,1.22465e-16,-1,-1,-1.83697e-16,0,0,0.587785,0.809017,-0.5,0.866025,0,0,-0.587785,0.809017,1,6.12323e-17,0,0,-0.951057,-0.309017,-1,-1.83697e-16,0,0,-0.587785,-0.809017,1.22465e-16,-1,0,0,0.951057,0.309017,0.866025,0.5,0,0,0,1,0.866025,-0.5,0,0,0.587785,-0.809017,-0.866025,-0.5,8,2,8,8,1,7,8,3,1,5,1,4,5,5,8,3,3,10,4,7,10,6,2,2,5,4,0,10,2,3,3,8,0,2,3,6
21,0,0,0,0,0,16,53,41,4,3,2,0,10,26,105,21,2,0,0,0,0,0,0,0,0,2025,7,3,0,3,3,184,27,3,3,-0.951057,0.309017,0,1,8,11,-0.587785,0.809017,-1,-1.83697e-16,6,10,0.587785,-0.809017,0.866025,-0.5,0,8,0.951057,-0.309017,-0.5,-0.866025,0,11,0.951057,-0.309017,-1,-1.83697e-16,2,4,-0.587785,-0.809017,-0.866025,-0.5,0,0,0.587785,0.809017,0.5,0.866025,3,5,-0.951057,0.309017,0.866025,0.5,0,0,1.22465e-16,-1,-1,-1.83697e-16,0,0,0.587785,0.809017,-0.5,0.866025,0,0,-0.587785,0.809017,1,6.12323e-17,0,0,-0.951057,-0.309017,-1,-1.83697e-16,0,0,-0.587785,-0.809017,1.22465e-16,-1,0,0,0.951057,0.309017,0.866025,0.5,0,0,0,1,0.866025,-0.5,0,0,0.587785,-0.809017,-0.866025,-0.5,8,8,8,8,1,7,8,5,1,5,1,4,5,3,8,3,3,10,4,6,10,6,2,2,5,10,0,10,2,3,3,2,0,2,3,6
22,0,0,0,0,0,36,45,27,26,3,2,0,10,56,95,21,2,0,0,0,0,0,0,0,0,2025,7,4,0,4,3,185,27,7,3,0,1,0,1,7,7,0,1,-0.866025,0.5,4,6,1.22465e-16,-1,0.5,-0.866025,4,8,1.22465e-16,-1,-0.5,-0.866025,0,11,0.951057,-0.309017,-1,-1.83697e-16,2,4,-0.587785,-0.809017,-0.866025,-0.5,0,0,0.587785,0.809017,0.5,0.866025,3,5,-0.951057,0.309017,0.866025,0.5,0,0,1.22465e-16,-1,-1,-1.83697e-16,0,0,0.587785,0.809017,-0.5,0.866025,0,0,-0.587785,0.809017,1,6.12323e-17,0,0,-0.951057,-0.309017,-1,-1.83697e-16,0,0,-0.587785,-0.809017,1.22465e-16,-1,0,0,0.951057,0.309017,0.866025,0.5,0,0,0,1,0.866025,-0.5,0,0,0.587785,-0.809017,-0.866025,-0.5,8,0,8,8,1,7,8,9,1,5,1,4,5,1,8,3,3,10,4,1,10,6,2,2,5,11,0,10,2,3,3,9,0,2,3,6
23,0,0,0,0,0,26,0,22,15,3,2,0,10,2,4,106,2,0,0,0,0,0,0,0,0,2025,7,7,0,0,3,188,28,5,3,-0.587785,-0.809017,0,1,0,0,0.951057,-0.309017,0.5,0.866025,3,9,-0.951057,0.309017,-0.866025,-0.5,2,8,0.587785,0.809017,-0.5,-0.866025,0,11,0.951057,-0.309017,-1,-1.83697e-16,2,4,-0.587785,-0.809017,-0.866025,-0.5,0,0,0.587785,0.809017,0.5,0.866025,3,5,-0.951057,0.309017,0.866025,0.5,0,0,1.22465e-16,-1,-1,-1.83697e-16,0,0,0.587785,0.809017,-0.5,0.866025,0,0,-0.587785,0.809017,1,6.12323e-17,0,0,-0.951057,-0.309017,-1,-1.83697e-16,0,0,-0.587785,-0.809017,1.22465e-16,-1,0,0,0.951057,0.309017,0.866025,0.5,0,0,0,1,0.866025,-0.5,0,0,0.587785,-0.809017,-0.866025,-0.5,8,11,8,8,1,7,8,0,1,5,1,4,5,11,8,3,3,10,4,9,10,6,2,2,5,1,0,10,2,3,3,1,0,2,3,6
24,0,0,0,0,0,16,38,53,4,33,2,0,18,26,72,92,2,0,0,0,0,0,0,0,0,2025,7,8,0,1,3,189,28,3,3,-0.951057,0.309017,0,1,6,5,0.587785,-0.809017,0.866025,0.5,8,11,-0.587785,0.809017,-1,-1.83697e-16,0,8,0.951057,-0.309017,-0.5,-0.866025,8,8,-0.587785,0.809017,-0.5,-0.866025,2,4,-0.587785,-0.809017,-0.866025,-0.5,0,0,0.587785,0.809017,0.5,0.866025,6,4,0.587785,-0.809017,0,1,0,0,1.22465e-16,-1,-1,-1.83697e-16,0,0,0.587785,0.809017,-0.5,0.866025,0,0,-0.587785,0.809017,1,6.12323e-17,0,0,-0.951057,-0.309017,-1,-1.83697e-16,0,0,-0.587785,-0.809017,1.22465e-16,-1,0,0,0.951057,0.309017,0.866025,0.5,0,0,0,1,0.866025,-0.5,0,0,0.587785,-0.809017,-0.866025,-0.5,8,7,8,9,1,10,8,4,1,1,1,8,5,10,8,9,3,7,4,2,10,11,2,5,5,3,0,0,2,6,3,6,0,0,3,3
25,0,0,0,0,0,36,26,45,26,33,2,0,18,56,53,92,2,0,0,0,0,0,0,0,0,2025,7,9,0,2,3,190,28,7,3,0,1,0,1,4,3,1.22465e-16,-1,1,6.12323e-17,7,7,0,1,-0.866025,0.5,4,8,1.22465e-16,-1,-0.5,-0.866025,8,8,-0.587785,0.809017,-0.5,-0.866025,2,4,-0.587785,-0.809017,-0.866025,-0.5,0,0,0.587785,0.809017,0.5,0.866025,6,4,0.587785,-0.809017,0,1,0,0,1.22465e-16,-1,-1,-1.83697e-16,0,0,0.587785,0.809017,-0.5,0.866025,0,0,-0.587785,0.809017,1,6.12323e-17,0,0,-0.951057,-0.309017,-1,-1.83697e-16,0,0,-0.587785,-0.809017,1.22465e-16,-1,0,0,0.951057,0.309017,0.866025,0.5,0,0,0,1,0.866025,-0.5,0,0,0.587785,-0.809017,-0.866025,-0.5,8,6,8,9,1,10,8,10,1,1,1,8,5,4,8,9,3,7,4,8,10,11,2,5,5,5,0,0,2,6,3,7,0,0,3,3
26,0,0,0,0,0,6,35,13,54,33,2,0,18,50,63,92,2,0,0,0,0,0,0,0,0,2025,7,10,0,3,3,191,28,1,3,0.951057,0.309017,0,1,5,10,-0.587785,-0.809017,0.866025,-0.5,2,1,0.587785,0.809017,-0.5,0.866025,9,8,-0.951057,-0.309017,-0.5,-0.866025,8,8,-0.587785,0.809017,-0.5,-0.866025,2,4,-0.587785,-0.809017,-0.866025,-0.5,0,0,0.587785,0.809017,0.5,0.866025,6,4,0.587785,-0.809017,0,1,0,0,1.22465e-16,-1,-1,-1.83697e-16,0,0,0.587785,0.809017,-0.5,0.866025,0,0,-0.587785,0.809017,1,6.12323e-17,0,0,-0.951057,-0.309017,-1,-1.83697e-16,0,0,-0.587785,-0.809017,1.22465e-16,-1,0,0,0.951057,0.309017,0.866025,0.5,0,0,0,1,0.866025,-0.5,0,0,0.587785,-0.809017,-0.866025,-0.5,8,1,8,9,1,10,8,11,1,1,1,8,5,0,8,9,3,7,4,0,10,11,2,5,5,9,0,0,2,6,3,11,0,0,3,3
27,0,0,0,0,0,31,57,7,49,33,2,0,18,14,118,71,2,0,0,0,0,0,0,0,0,2025,7,11,0,4,3,192,28,6,3,0.587785,-0.809017,0,1,9,6,-0.951057,-0.309017,0.5,-0.866025,1,4,0.951057,0.309017,0,1,8,8,-0.587785,0.809017,-0.5,-0.866025,8,8,-0.587785,0.809017,-0.5,-0.866025,2,4,-0.587785,-0.809017,-0.866025,-0.5,0,0,0.587785,0.809017,0.5,0.866025,6,4,0.587785,-0.809017,0,1,0,0,1.22465e-16,-1,-1,-1.83697e-16,0,0,0.587785,0.809017,-0.5,0.866025,0,0,-0.587785,0.809017,1,6.12323e-17,0,0,-0.951057,-0.309017,-1,-1.83697e-16,0,0,-0.587785,-0.809017,1.22465e-16,-1,0,0,0.951057,0.309017,0.866025,0.5,0,0,0,1,0.866025,-0.5,0,0,0.587785,-0.809017,-0.866025,-0.5,8,3,8,9,1,10,8,7,1,1,1,8,5,8,8,9,3,7,4,4,10,11,2,5,5,2,0,0,2,6,3,10,0,0,3,3
28,0,0,0,0,0,36,46,26,26,33,2,0,18,56,92,50,2,0,0,0,0,0,0,0,0,2025,7,14,0,0,3,195,29,7,3,0,1,0,1,7,9,0,1,-0.866025,-0.5,4,3,1.22465e-16,-1,1,6.12323e-17,4,8,1.22465e-16,-1,-0.5,-0.866025,8,8,-0.587785,0.809017,-0.5,-0.866025,2,4,-0.587785,-0.809017,-0.866025,-0.5,0,0,0.587785,0.809017,0.5,0.866025,6,4,0.587785,-0.809017,0,1,0,0,1.22465e-16,-1,-1,-1.83697e-16,0,0,0.587785,0.809017,-0.5,0.866025,0,0,-0.587785,0.809017,1,6.12323e-17,0,0,-0.951057,-0.309017,-1,-1.83697e-16,0,0,-0.587785,-0.809017,1.22465e-16,-1,0,0,0.951057,0.309017,0.866025,0.5,0,0,0,1,0.866025,-0.5,0,0,0.587785,-0.809017,-0.866025,-0.5,8,2,8,9,1,10,8,3,1,1,1,8,5,5,8,9,3,7,4,7,10,11,2,5,5,4,0,0,2,6,3,8,0,0,3,3
29,0,0,0,0,0,6,17,35,54,33,2,0,18,50,33,50,2,0,0,0,0,0,0,0,0,2025,7,15,0,1,3,196,29,1,3,0.951057,0.309017,0,1,2,11,0.587785,0.809017,-1,-1.83697e-16,5,10,-0.587785,-0.809017,0.866025,-0.5,9,8,-0.951057,-0.309017,-0.5,-0.866025,8,8,-0.587785,0.809017,-0.5,-0.866025,2,4,-0.587785,-0.809017,-0.866025,-0.5,0,0,0.587785,0.809017,0.5,0.866025,6,4,0.587785,-0.809017,0,1,0,0,1.22465e-16,-1,-1,-1.83697e-16,0,0,0.587785,0.809017,-0.5,0.866025,0,0,-0.587785,0.809017,1,6.12323e-17,0,0,-0.951057,-0.309017,-1,-1.83697e-16,0,0,-0.587785,-0.809017,1.22465e-16,-1,0,0,0.951057,0.309017,0.866025,0.5,0,0,0,1,0.866025,-0.5,0,0,0.587785,-0.809017,-0.866025,-0.5,8,8,8,9,1,10,8,5,1,1,1,8,5,3,8,9,3,7,4,6,10,11,2,5,5,10,0,0,2,6,3,2,0,0,3,3
30,0,0,0,0,0,31,9,57,49,33,2,0,18,14,23,50,2,0,0,0,0,0,0,0,0,2025,7,16,0,2,3,197,29,6,3,0.587785,-0.809017,0,1,1,7,0.951057,0.309017,-0.866025,0.5,9,6,-0.951057,-0.309017,0.5,-0.866025,8,8,-0.587785,0.809017,-0.5,-0.866025,8,8,-0.587785,0.809017,-0.5,-0.866025,2,4,-0.587785,-0.809017,-0.866025,-0.5,0,0,0.587785,0.809017,0.5,0.866025,6,4,0.587785,-0.809017,0,1,0,0,1.22465e-16,-1,-1,-1.83697e-16,0,0,0.587785,0.809017,-0.5,0.866025,0,0,-0.587785,0.809017,1,6.12323e-17,0,0,-0.951057,-0.309017,-1,-1.83697e-16,0,0,-0.587785,-0.809017,1.22465e-16,-1,0,0,0.951057,0.309017,0.866025,0.5,0,0,0,1,0.866025,-0.5,0,0,0.587785,-0.809017,-0.866025,-0.5,8,0,8,9,1,10,8,9,1,1,1,8,5,1,8,9,3,7,4,1,10,11,2,5,5,11,0,0,2,6,3,9,0,0,3,3
31,0,0,0,0,0,26,1,18,15,33,2,0,18,2,7,82,2,0,0,0,0,0,0,0,0,2025,7,17,0,3,3,198,29,5,3,-0.587785,-0.809017,0,1,0,1,0.951057,-0.309017,-0.5,0.866025,3,2,-0.951057,0.309017,1.22465e-16,-1,2,8,0.587785,0.809017,-0.5,-0.866025,8,8,-0.587785,0.809017,-0.5,-0.866025,2,4,-0.587785,-0.809017,-0.866025,-0.5,0,0,0.587785,0.809017,0.5,0.866025,6,4,0.587785,-0.809017,0,1,0,0,1.22465e-16,-1,-1,-1.83697e-16,0,0,0.587785,0.809017,-0.5,0.866025,0,0,-0.587785,0.809017,1,6.12323e-17,0,0,-0.951057,-0.309017,-1,-1.83697e-16,0,0,-0.587785,-0.809017,1.22465e-16,-1,0,0,0.951057,0.309017,0.866025,0.5,0,0,0,1,0.866025,-0.5,0,0,0.587785,-0.809017,-0.866025,-0.5,8,4,8,9,1,10,8,2,1,1,1,8,5,6,8,9,3,7,4,3,10,11,2,5,5,7,0,0,2,6,3,5,0,0,3,3
32,0,0,0,0,0,16,37,52,4,33,2,0,18,26,73,82,2,0,0,0,0,0,0,0,0,2025,7,18,0,4,3,199,29,3,3,-0.951057,0.309017,0,1,6,4,0.587785,-0.809017,0,1,8,8,-0.587785,0.809017,-0.5,-0.866025,0,8,0.951057,-0.309017,-0.5,-0.866025,8,8,-0.587785,0.809017,-0.5,-0.866025,2,4,-0.587785,-0.809017,-0.866025,-0.5,0,0,0.587785,0.809017,0.5,0.866025,6,4,0.587785,-0.809017,0,1,0,0,1.22465e-16,-1,-1,-1.83697e-16,0,0,0.587785,0.809017,-0.5,0.866025,0,0,-0.587785,0.809017,1,6.12323e-17,0,0,-0.951057,-0.309017,-1,-1.83697e-16,0,0,-0.587785,-0.809017,1.22465e-16,-1,0,0,0.951057,0.309017,0.866025,0.5,0,0,0,1,0.866025,-0.5,0,0,0.587785,-0.809017,-0.866025,-0.5,8,10,8,9,1,10,8,8,1,1,1,8,5,7,8,9,3,7,4,5,10,11,2,5,5,6,0,0,2,6,3,3,0,0,3,3
33,0,0,0,0,0,31,56,9,49,33,2,0,18,14,113,29,2,0,0,0,0,0,0,0,0,2025,7,21,0,0,3,202,30,6,3,0.587785,-0.809017,0,1,9,3,-0.951057,-0.309017,1,6.12323e-17,1,7,0.951057,0.309017,-0.866025,0.5,8,8,-0.587785,0.809017,-0.5,-0.866025,8,8,-0.587785,0.809017,-0.5,-0.866025,2,4,-0.587785,-0.809017,-0.866025,-0.5,0,0,0.587785,0.809017,0.5,0.866025,6,4,0.587785,-0.809017,0,1,0,0,1.22465e-16,-1,-1,-1.83697e-16,0,0,0.587785,0.809017,-0.5,0.866025,0,0,-0.587785,0.809017,1,6.12323e-17,0,0,-0.951057,-0.309017,-1,-1.83697e-16,0,0,-0.587785,-0.809017,1.22465e-16,-1,0,0,0.951057,0.309017,0.866025,0.5,0,0,0,1,0.866025,-0.5,0,0,0.587785,-0.809017,-0.866025,-0.5,8,6,8,9,1,10,8,10,1,1,1,8,5,4,8,9,3,7,4,8,10,11,2,5,5,5,0,0,2,6,3,7,0,0,3,3
34,0,0,0,0,0,26,23,1,15,33,2,0,18,2,39,29,2,0,0,0,0,0,0,0,0,2025,7,22,0,1,3,203,30,5,3,-0.587785,-0.809017,0,1,3,10,-0.951057,0.309017,0.866025,-0.5,0,1,0.951057,-0.309017,-0.5,0.866025,2,8,0.587785,0.809017,-0.5,-0.866025,8,8,-0.587785,0.809017,-0.5,-0.866025,2,4,-0.587785,-0.809017,-0.866025,-0.5,0,0,0.587785,0.809017,0.5,0.866025,6,4,0.587785,-0.809017,0,1,0,0,1.22465e-16,-1,-1,-1.83697e-16,0,0,0.587785,0.809017,-0.5,0.866025,0,0,-0.587785,0.809017,1,6.12323e-17,0,0,-0.951057,-0.309017,-1,-1.83697e-16,0,0,-0.587785,-0.809017,1.22465e-16,-1,0,0,0.951057,0.309017,0.866025,0.5,0,0,0,1,0.866025,-0.5,0,0,0.587785,-0.809017,-0.866025,-0.5,8,1,8,9,1,10,8,11,1,1,1,8,5,0,8,9,3,7,4,0,10,11,2,5,5,9,0,0,2,6,3,11,0,0,3,3
35,0,0,0,0,0,16,51,37,4,24,2,0,23,26,106,60,2,0,0,0,0,0,0,0,0,2025,7,23,0,2,3,204,30,3,3,-0.951057,0.309017,0,1,8,6,-0.587785,0.809017,0.5,-0.866025,6,4,0.587785,-0.809017,0,1,0,8,0.951057,-0.309017,-0.5,-0.866025,6,7,0.587785,-0.809017,-0.866025,0.5,2,4,-0.587785,-0.809017,-0.866025,-0.5,0,0,0.587785,0.809017,0.5,0.866025,8,3,-0.587785,0.809017,1,6.12323e-17,0,0,1.22465e-16,-1,-1,-1.83697e-16,0,0,0.587785,0.809017,-0.5,0.866025,0,0,-0.587785,0.809017,1,6.12323e-17,0,0,-0.951057,-0.309017,-1,-1.83697e-16,0,0,-0.587785,-0.809017,1.22465e-16,-1,0,0,0.951057,0.309017,0.866025,0.5,0,0,0,1,0.866025,-0.5,0,0,0.587785,-0.809017,-0.866025,-0.5,8,3,8,0,1,6,8,7,1,9,1,10,5,8,8,1,3,4,4,4,10,1,2,8,5,2,0,11,2,5,3,10,0,9,3,7
36,0,0,0,0,0,36,42,24,26,24,2,0,23,56,90,60,2,0,0,0,0,0,0,0,0,2025,7,24,0,3,3,205,30,7,3,0,1,0,1,7,2,0,1,1.22465e-16,-1,4,0,1.22465e-16,-1,0.5,0.866025,4,8,1.22465e-16,-1,-0.5,-0.866025,6,7,0.587785,-0.809017,-0.866025,0.5,2,4,-0.587785,-0.809017,-0.866025,-0.5,0,0,0.587785,0.809017,0.5,0.866025,8,3,-0.587785,0.809017,1,6.12323e-17,0,0,1.22465e-16,-1,-1,-1.83697e-16,0,0,0.587785,0.809017,-0.5,0.866025,0,0,-0.587785,0.809017,1,6.12323e-17,0,0,-0.951057,-0.309017,-1,-1.83697e-16,0,0,-0.587785,-0.809017,1.22465e-16,-1,0,0,0.951057,0.309017,0.866025,0.5,0,0,0,1,0.866025,-0.5,0,0,0.587785,-0.809017,-0.866025,-0.5,8,5,8,0,1,6,8,6,1,9,1,10,5,2,8,1,3,4,4,10,10,1,2,8,5,8,0,11,2,5,3,4,0,9,3,7
37,0,0,0,0,0,6,16,32,54,24,2,0,23,50,26,60,2,0,0,0,0,0,0,0,0,2025,7,25,0,4,3,206,30,1,3,0.951057,0.309017,0,1,2,8,0.587785,0.809017,-0.5,-0.866025,5,5,-0.587785,-0.809017,0.866025,0.5,9,8,-0.951057,-0.309017,-0.5,-0.866025,6,7,0.587785,-0.809017,-0.866025,0.5,2,4,-0.587785,-0.809017,-0.866025,-0.5,0,0,0.587785,0.809017,0.5,0.866025,8,3,-0.587785,0.809017,1,6.12323e-17,0,0,1.22465e-16,-1,-1,-1.83697e-16,0,0,0.587785,0.809017,-0.5,0.866025,0,0,-0.587785,0.809017,1,6.12323e-17,0,0,-0.951057,-0.309017,-1,-1.83697e-16,0,0,-0.587785,-0.809017,1.22465e-16,-1,0,0,0.951057,0.309017,0.866025,0.5,0,0,0,1,0.866025,-0.5,0,0,0.587785,-0.809017,-0.866025,-0.5,8,9,8,0,1,6,8,1,1,9,1,10,5,9,8,1,3,4,4,11,10,1,2,8,5,0,0,11,2,5,3,0,0,9,3,7
38,0,0,0,0,0,16,39,51,4,24,2,0,23,26,83,103,2,0,0,0,0,0,0,0,0,2025,7,28,0,0,3,209,31,3,3,-0.951057,0.309017,0,1,6,7,0.587785,-0.809017,-0.866025,0.5,8,6,-0.587785,0.809017,0.5,-0.866025,0,8,0.951057,-0.309017,-0.5,-0.866025,6,7,0.587785,-0.809017,-0.866025,0.5,2,4,-0.587785,-0.809017,-0.866025,-0.5,0,0,0.587785,0.809017,0.5,0.866025,8,3,-0.587785,0.809017,1,6.12323e-17,0,0,1.22465e-16,-1,-1,-1.83697e-16,0,0,0.587785,0.809017,-0.5,0.866025,0,0,-0.587785,0.809017,1,6.12323e-17,0,0,-0.951057,-0.309017,-1,-1.83697e-16,0,0,-0.587785,-0.809017,1.22465e-16,-1,0,0,0.951057,0.309017,0.866025,0.5,0,0,0,1,0.866025,-0.5,0,0,0.587785,-0.809017,-0.866025,-0.5,8,0,8,0,1,6,8,9,1,9,1,10,5,1,8,1,3,4,4,1,10,1,2,8,5,11,0,11,2,5,3,9,0,9,3,7
39,0,0,0,0,0,36,25,42,26,24,2,0,23,56,55,103,2,0,0,0,0,0,0,0,0,2025,7,29,0,1,3,210,31,7,3,0,1,0,1,4,1,1.22465e-16,-1,-0.5,0.866025,7,2,0,1,1.22465e-16,-1,4,8,1.22465e-16,-1,-0.5,-0.866025,6,7,0.587785,-0.809017,-0.866025,0.5,2,4,-0.587785,-0.809017,-0.866025,-0.5,0,0,0.587785,0.809017,0.5,0.866025,8,3,-0.587785,0.809017,1,6.12323e-17,0,0,1.22465e-16,-1,-1,-1.83697e-16,0,0,0.587785,0.809017,-0.5,0.866025,0,0,-0.587785,0.809017,1,6.12323e-17,0,0,-0.951057,-0.309017,-1,-1.83697e-16,0,0,-0.587785,-0.809017,1.22465e-16,-1,0,0,0.951057,0.309017,0.866025,0.5,0,0,0,1,0.866025,-0.5,0,0,0.587785,-0.809017,-0.866025,-0.5,8,4,8,0,1,6,8,2,1,9,1,10,5,6,8,1,3,4,4,3,10,1,2,8,5,7,0,11,2,5,3,5,0,9,3,7
40,0,0,0,0,0,6,31,16,54,24,2,0,23,50,61,17,2,0,0,0,0,0,0,0,0,2025,7,30,0,2,3,211,31,1,3,0.951057,0.309017,0,1,5,4,-0.587785,-0.809017,0,1,2,8,0.587785,0.809017,-0.5,-0.866025,9,8,-0.951057,-0.309017,-0.5,-0.866025,6,7,0.587785,-0.809017,-0.866025,0.5,2,4,-0.587785,-0.809017,-0.866025,-0.5,0,0,0.587785,0.809017,0.5,0.866025,8,3,-0.587785,0.809017,1,6.12323e-17,0,0,1.22465e-16,-1,-1,-1.83697e-16,0,0,0.587785,0.809017,-0.5,0.866025,0,0,-0.587785,0.809017,1,6.12323e-17,0,0,-0.951057,-0.309017,-1,-1.83697e-16,0,0,-0.587785,-0.809017,1.22465e-16,-1,0,0,0.951057,0.309017,0.866025,0.5,0,0,0,1,0.866025,-0.5,0,0,0.587785,-0.809017,-0.866025,-0.5,8,10,8,0,1,6,8,8,1,9,1,10,5,7,8,1,3,4,4,5,10,1,2,8,5,6,0,11,2,5,3,3,0,9,3,7
41,0,0,0,0,0,31,54,10,49,24,2,0,23,14,112,17,2,0,0,0,0,0,0,0,0,2025,7,31,0,3,3,212,31,6,3,0.587785,-0.809017,0,1,9,0,-0.951057,-0.309017,0.5,0.866025,1,9,0.951057,0.309017,-0.866025,-0.5,8,8,-0.587785,0.809017,-0.5,-0.866025,6,7,0.587785,-0.809017,-0.866025,0.5,2,4,-0.587785,-0.809017,-0.866025,-0.5,0,0,0.587785,0.809017,0.5,0.866025,8,3,-0.587785,0.809017,1,6.12323e-17,0,0,1.22465e-16,-1,-1,-1.83697e-16,0,0,0.587785,0.809017,-0.5,0.866025,0,0,-0.587785,0.809017,1,6.12323e-17,0,0,-0.951057,-0.309017,-1,-1.83697e-16,0,0,-0.587785,-0.809017,1.22465e-16,-1,0,0,0.951057,0.309017,0.866025,0.5,0,0,0,1,0.866025,-0.5,0,0,0.587785,-0.809017,-0.866025,-0.5,8,11,8,0,1,6,8,0,1,9,1,10,5,11,8,1,3,4,4,9,10,1,2,8,5,1,0,11,2,5,3,1,0,9,3,7
42,0,0,0,0,0,26,20,5,15,24,2,0,23,2,36,17,2,0,0,0,0,0,0,0,0,2025,8,1,0,4,3,213,31,5,3,-0.587785,-0.809017,0,1,3,5,-0.951057,0.309017,0.866025,0.5,0,11,0.951057,-0.309017,-1,-1.83697e-16,2,8,0.587785,0.809017,-0.5,-0.866025,6,7,0.587785,-0.809017,-0.866025,0.5,2,4,-0.587785,-0.809017,-0.866025,-0.5,0,0,0.587785,0.809017,0.5,0.866025,8,3,-0.587785,0.809017,1,6.12323e-17,0,0,1.22465e-16,-1,-1,-1.83697e-16,0,0,0.587785,0.809017,-0.5,0.866025,0,0,-0.587785,0.809017,1,6.12323e-17,0,0,-0.951057,-0.309017,-1,-1.83697e-16,0,0,-0.587785,-0.809017,1.22465e-16,-1,0,0,0.951057,0.309017,0.866025,0.5,0,0,0,1,0.866025,-0.5,0,0,0.587785,-0.809017,-0.866025,-0.5,8,7,8,0,1,6,8,4,1,9,1,10,5,10,8,1,3,4,4,2,10,1,2,8,5,3,0,11,2,5,3,6,0,9,3,7
43,0,0,0,0,0,6,15,31,54,24,2,0,23,50,34,7,2,0,0,0,0,0,0,0,0,2025,8,4,0,0,3,216,32,1,3,0.951057,0.309017,0,1,2,6,0.587785,0.809017,0.5,-0.866025,5,4,-0.587785,-0.809017,0,1,9,8,-0.951057,-0.309017,-0.5,-0.866025,6,7,0.587785,-0.809017,-0.866025,0.5,2,4,-0.587785,-0.809017,-0.866025,-0.5,0,0,0.587785,0.809017,0.5,0.866025,8,3,-0.587785,0.809017,1,6.12323e-17,0,0,1.22465e-16,-1,-1,-1.83697e-16,0,0,0.587785,0.809017,-0.5,0.866025,0,0,-0.587785,0.809017,1,6.12323e-17,0,0,-0.951057,-0.309017,-1,-1.83697e-16,0,0,-0.587785,-0.809017,1.22465e-16,-1,0,0,0.951057,0.309017,0.866025,0.5,0,0,0,1,0.866025,-0.5,0,0,0.587785,-0.809017,-0.866025,-0.5,8,3,8,0,1,6,8,7,1,9,1,10,5,8,8,1,3,4,4,4,10,1,2,8,5,2,0,11,2,5,3,10,0,9,3,7
44,0,0,0,0,0,31,6,54,49,24,2,0,23,14,18,40,2,0,0,0,0,0,0,0,0,2025,8,5,0,1,3,217,32,6,3,0.587785,-0.809017,0,1,1,2,0.951057,0.309017,1.22465e-16,-1,9,0,-0.951057,-0.309017,0.5,0.866025,8,8,-0.587785,0.809017,-0.5,-0.866025,6,7,0.587785,-0.809017,-0.866025,0.5,2,4,-0.587785,-0.809017,-0.866025,-0.5,0,0,0.587785,0.809017,0.5,0.866025,8,3,-0.587785,0.809017,1,6.12323e-17,0,0,1.22465e-16,-1,-1,-1.83697e-16,0,0,0.587785,0.809017,-0.5,0.866025,0,0,-0.587785,0.809017,1,6.12323e-17,0,0,-0.951057,-0.309017,-1,-1.83697e-16,0,0,-0.587785,-0.809017,1.22465e-16,-1,0,0,0.951057,0.309017,0.866025,0.5,0,0,0,1,0.866025,-0.5,0,0,0.587785,-0.809017,-0.866025,-0.5,8,5,8,0,1,6,8,6,1,9,1,10,5,2,8,1,3,4,4,10,10,1,2,8,5,8,0,11,2,5,3,4,0,9,3,7
45,0,0,0,0,0,26,4,20,15,24,2,0,23,2,2,40,2,0,0,0,0,0,0,0,0,2025,8,6,0,2,3,218,32,5,3,-0.587785,-0.809017,0,1,0,8,0.951057,-0.309017,-0.5,-0.866025,3,5,-0.951057,0.309017,0.866025,0.5,2,8,0.587785,0.809017,-0.5,-0.866025,6,7,0.587785,-0.809017,-0.866025,0.5,2,4,-0.587785,-0.809017,-0.866025,-0.5,0,0,0.587785,0.809017,0.5,0.866025,8,3,-0.587785,0.809017,1,6.12323e-17,0,0,1.22465e-16,-1,-1,-1.83697e-16,0,0,0.587785,0.809017,-0.5,0.866025,0,0,-0.587785,0.809017,1,6.12323e-17,0,0,-0.951057,-0.309017,-1,-1.83697e-16,0,0,-0.587785,-0.809017,1.22465e-16,-1,0,0,0.951057,0.309017,0.866025,0.5,0,0,0,1,0.866025,-0.5,0,0,0.587785,-0.809017,-0.866025,-0.5,8,9,8,0,1,6,8,1,1,9,1,10,5,9,8,1,3,4,4,11,10,1,2,8,5,0,0,11,2,5,3,0,0,9,3,7
46,0,0,0,0,0,16,40,50,4,24,2,0,23,26,80,40,2,0,0,0,0,0,0,0,0,2025,8,7,0,3,3,219,32,3,3,-0.951057,0.309017,0,1,6,9,0.587785,-0.809017,-0.866025,-0.5,8,3,-0.587785,0.809017,1,6.12323e-17,0,8,0.951057,-0.309017,-0.5,-0.866025,6,7,0.587785,-0.809017,-0.866025,0.5,2,4,-0.587785,-0.809017,-0.866025,-0.5,0,0,0.587785,0.809017,0.5,0.866025,8,3,-0.587785,0.809017,1,6.12323e-17,0,0,1.22465e-16,-1,-1,-1.83697e-16,0,0,0.587785,0.809017,-0.5,0.866025,0,0,-0.587785,0.809017,1,6.12323e-17,0,0,-0.951057,-0.309017,-1,-1.83697e-16,0,0,-0.587785,-0.809017,1.22465e-16,-1,0,0,0.951057,0.309017,0.866025,0.5,0,0,0,1,0.866025,-0.5,0,0,0.587785,-0.809017,-0.866025,-0.5,8,2,8,0,1,6,8,3,1,9,1,10,5,5,8,1,3,4,4,7,10,1,2,8,5,4,0,11,2,5,3,8,0,9,3,7
47,0,0,0,0,0,36,29,47,26,29,2,0,12,56,57,83,2,0,0,0,0,0,0,0,0,2025,8,8,0,4,3,220,32,7,3,0,1,0,1,4,11,1.22465e-16,-1,-1,-1.83697e-16,7,10,0,1,0.866025,-0.5,4,8,1.22465e-16,-1,-0.5,-0.866025,7,9,0,1,-0.866025,-0.5,2,4,-0.587785,-0.809017,-0.866025,-0.5,0,0,0.587785,0.809017,0.5,0.866025,4,0,1.22465e-16,-1,0.5,0.866025,0,0,1.22465e-16,-1,-1,-1.83697e-16,0,0,0.587785,0.809017,-0.5,0.866025,0,0,-0.587785,0.809017,1,6.12323e-17,0,0,-0.951057,-0.309017,-1,-1.83697e-16,0,0,-0.587785,-0.809017,1.22465e-16,-1,0,0,0.951057,0.309017,0.866025,0.5,0,0,0,1,0.866025,-0.5,0,0,0.587785,-0.809017,-0.866025,-0.5,8,8,8,2,1,11,8,5,1,3,1,0,5,3,8,5,3,11,4,6,10,7,2,9,5,10,0,4,2,1,3,2,0,8,3,1
48,0,0,0,0,0,26,19,4,15,29,2,0,12,2,37,51,2,0,0,0,0,0,0,0,0,2025,8,11,0,0,3,223,33,5,3,-0.587785,-0.809017,0,1,3,4,-0.951057,0.309017,0,1,0,8,0.951057,-0.309017,-0.5,-0.866025,2,8,0.587785,0.809017,-0.5,-0.866025,7,9,0,1,-0.866025,-0.5,2,4,-0.587785,-0.809017,-0.866025,-0.5,0,0,0.587785,0.809017,0.5,0.866025,4,0,1.22465e-16,-1,0.5,0.866025,0,0,1.22465e-16,-1,-1,-1.83697e-16,0,0,0.587785,0.809017,-0.5,0.866025,0,0,-0.587785,0.809017,1,6.12323e-17,0,0,-0.951057,-0.309017,-1,-1.83697e-16,0,0,-0.587785,-0.809017,1.22465e-16,-1,0,0,0.951057,0.309017,0.866025,0.5,0,0,0,1,0.866025,-0.5,0,0,0.587785,-0.809017,-0.866025,-0.5,8,10,8,2,1,11,8,8,1,3,1,0,5,7,8,5,3,11,4,5,10,7,2,9,5,6,0,4,2,1,3,3,0,8,3,1
49,0,0,0,0,0,16,48,40,4,29,2,0,12,26,100,51,2,0,0,0,0,0,0,0,0,2025,8,12,0,1,3,224,33,3,3,-0.951057,0.309017,0,1,8,0,-0.587785,0.809017,0.5,0.866025,6,9,0.587785,-0.809017,-0.866025,-0.5,0,8,0.951057,-0.309017,-0.5,-0.866025,7,9,0,1,-0.866025,-0.5,2,4,-0.587785,-0.809017,-0.866025,-0.5,0,0,0.587785,0.809017,0.5,0.866025,4,0,1.22465e-16,-1,0.5,0.866025,0,0,1.22465e-16,-1,-1,-1.83697e-16,0,0,0.587785,0.809017,-0.5,0.866025,0,0,-0.587785,0.809017,1,6.12323e-17,0,0,-0.951057,-0.309017,-1,-1.83697e-16,0,0,-0.587785,-0.809017,1.22465e-16,-1,0,0,0.951057,0.309017,0.866025,0.5,0,0,0,1,0.866025,-0.5,0,0,0.587785,-0.809017,-0.866025,-0.5,8,11,8,2,1,11,8,0,1,3,1,0,5,11,8,5,3,11,4,9,10,7,2,9,5,1,0,4,2,1,3,1,0,8,3,1
50,0,0,0,0,0,36,44,29,26,29,2,0,12,56,84,51,2,0,0,0,0,0,0,0,0,2025,8,13,0,2,3,225,33,7,3,0,1,0,1,7,5,0,1,0.866025,0.5,4,11,1.22465e-16,-1,-1,-1.83697e-16,4,8,1.22465e-16,-1,-0.5,-0.866025,7,9,0,1,-0.866025,-0.5,2,4,-0.587785,-0.809017,-0.866025,-0.5,0,0,0.587785,0.809017,0.5,0.866025,4,0,1.22465e-16,-1,0.5,0.866025,0,0,1.22465e-16,-1,-1,-1.83697e-16,0,0,0.587785,0.809017,-0.5,0.866025,0,0,-0.587785,0.809017,1,6.12323e-17,0,0,-0.951057,-0.309017,-1,-1.83697e-16,0,0,-0.587785,-0.809017,1.22465e-16,-1,0,0,0.951057,0.309017,0.866025,0.5,0,0,0,1,0.866025,-0.5,0,0,0.587785,-0.809017,-0.866025,-0.5,8,7,8,2,1,11,8,4,1,3,1,0,5,10,8,5,3,11,4,2,10,7,2,9,5,3,0,4,2,1,3,6,0,8,3,1
51,0,0,0,0,0,6,14,33,54,29,2,0,12,50,29,61,2,0,0,0,0,0,0,0,0,2025,8,14,0,3,3,226,33,1,3,0.951057,0.309017,0,1,2,3,0.587785,0.809017,1,6.12323e-17,5,7,-0.587785,-0.809017,-0.866025,0.5,9,8,-0.951057,-0.309017,-0.5,-0.866025,7,9,0,1,-0.866025,-0.5,2,4,-0.587785,-0.809017,-0.866025,-0.5,0,0,0.587785,0.809017,0.5,0.866025,4,0,1.22465e-16,-1,0.5,0.866025,0,0,1.22465e-16,-1,-1,-1.83697e-16,0,0,0.587785,0.809017,-0.5,0.866025,0,0,-0.587785,0.809017,1,6.12323e-17,0,0,-0.951057,-0.309017,-1,-1.83697e-16,0,0,-0.587785,-0.809017,1.22465e-16,-1,0,0,0.951057,0.309017,0.866025,0.5,0,0,0,1,0.866025,-0.5,0,0,0.587785,-0.809017,-0.866025,-0.5,8,6,8,2,1,11,8,10,1,3,1,0,5,4,8,5,3,11,4,8,10,7,2,9,5,5,0,4,2,1,3,7,0,8,3,1
52,0,0,0,0,0,31,11,55,49,29,2,0,12,14,15,61,2,0,0,0,0,0,0,0,0,2025,8,15,0,4,3,227,33,6,3,0.587785,-0.809017,0,1,1,10,0.951057,0.309017,0.866025,-0.5,9,1,-0.951057,-0.309017,-0.5,0.866025,8,8,-0.587785,0.809017,-0.5,-0.866025,7,9,0,1,-0.866025,-0.5,2,4,-0.587785,-0.809017,-0.866025,-0.5,0,0,0.587785,0.809017,0.5,0.866025,4,0,1.22465e-16,-1,0.5,0.866025,0,0,1.22465e-16,-1,-1,-1.83697e-16,0,0,0.587785,0.809017,-0.5,0.866025,0,0,-0.587785,0.809017,1,6.12323e-17,0,0,-0.951057,-0.309017,-1,-1.83697e-16,0,0,-0.587785,-0.809017,1.22465e-16,-1,0,0,0.951057,0.309017,0.866025,0.5,0,0,0,1,0.866025,-0.5,0,0,0.587785,-0.809017,-0.866025,-0.5,8,1,8,2,1,11,8,11,1,3,1,0,5,0,8,5,3,11,4,0,10,7,2,9,5,9,0,4,2,1,3,11,0,8,3,1
53,0,0,0,0,0,36,28,44,26,29,2,0,12,56,50,30,2,0,0,0,0,0,0,0,0,2025,8,18,0,0,3,230,34,7,3,0,1,0,1,4,8,1.22465e-16,-1,-0.5,-0.866025,7,5,0,1,0.866025,0.5,4,8,1.22465e-16,-1,-0.5,-0.866025,7,9,0,1,-0.866025,-0.5,2,4,-0.587785,-0.809017,-0.866025,-0.5,0,0,0.587785,0.809017,0.5,0.866025,4,0,1.22465e-16,-1,0.5,0.866025,0,0,1.22465e-16,-1,-1,-1.83697e-16,0,0,0.587785,0.809017,-0.5,0.866025,0,0,-0.587785,0.809017,1,6.12323e-17,0,0,-0.951057,-0.309017,-1,-1.83697e-16,0,0,-0.587785,-0.809017,1.22465e-16,-1,0,0,0.951057,0.309017,0.866025,0.5,0,0,0,1,0.866025,-0.5,0,0,0.587785,-0.809017,-0.866025,-0.5,8,9,8,2,1,11,8,1,1,3,1,0,5,9,8,5,3,11,4,11,10,7,2,9,5,0,0,4,2,1,3,0,0,8,3,1
54,0,0,0,0,0,6,34,14,54,29,2,0,12,50,68,30,2,0,0,0,0,0,0,0,0,2025,8,19,0,1,3,231,34,1,3,0.951057,0.309017,0,1,5,9,-0.587785,-0.809017,-0.866025,-0.5,2,3,0.587785,0.809017,1,6.12323e-17,9,8,-0.951057,-0.309017,-0.5,-0.866025,7,9,0,1,-0.866025,-0.5,2,4,-0.587785,-0.809017,-0.866025,-0.5,0,0,0.587785,0.809017,0.5,0.866025,4,0,1.22465e-16,-1,0.5,0.866025,0,0,1.22465e-16,-1,-1,-1.83697e-16,0,0,0.587785,0.809017,-0.5,0.866025,0,0,-0.587785,0.809017,1,6.12323e-17,0,0,-0.951057,-0.309017,-1,-1.83697e-16,0,0,-0.587785,-0.809017,1.22465e-16,-1,0,0,0.951057,0.309017,0.866025,0.5,0,0,0,1,0.866025,-0.5,0,0,0.587785,-0.809017,-0.866025,-0.5,8,2,8,2,1,11,8,3,1,3,1,0,5,5,8,5,3,11,4,7,10,7,2,9,5,4,0,4,2,1,3,8,0,8,3,1
55,0,0,0,0,0,31,59,11,49,29,2,0,12,14,117,30,2,0,0,0,0,0,0,0,0,2025,8,20,0,2,3,232,34,6,3,0.587785,-0.809017,0,1,9,11,-0.951057,-0.309017,-1,-1.83697e-16,1,10,0.951057,0.309017,0.866025,-0.5,8,8,-0.587785,0.809017,-0.5,-0.866025,7,9,0,1,-0.866025,-0.5,2,4,-0.587785,-0.809017,-0.866025,-0.5,0,0,0.587785,0.809017,0.5,0.866025,4,0,1.22465e-16,-1,0.5,0.866025,0,0,1.22465e-16,-1,-1,-1.83697e-16,0,0,0.587785,0.809017,-0.5,0.866025,0,0,-0.587785,0.809017,1,6.12323e-17,0,0,-0.951057,-0.309017,-1,-1.83697e-16,0,0,-0.587785,-0.809017,1.22465e-16,-1,0,0,0.951057,0.309017,0.866025,0.5,0,0,0,1,0.866025,-0.5,0,0,0.587785,-0.809017,-0.866025,-0.5,8,8,8,2,1,11,8,5,1,3,1,0,5,3,8,5,3,11,4,6,10,7,2,9,5,10,0,4,2,1,3,2,0,8,3,1
56,0,0,0,0,0,26,21,3,15,29,2,0,12,2,47,19,2,0,0,0,0,0,0,0,0,2025,8,21,0,3,3,233,34,5,3,-0.587785,-0.809017,0,1,3,7,-0.951057,0.309017,-0.866025,0.5,0,6,0.951057,-0.309017,0.5,-0.866025,2,8,0.587785,0.809017,-0.5,-0.866025,7,9,0,1,-0.866025,-0.5,2,4,-0.587785,-0.809017,-0.866025,-0.5,0,0,0.587785,0.809017,0.5,0.866025,4,0,1.22465e-16,-1,0.5,0.866025,0,0,1.22465e-16,-1,-1,-1.83697e-16,0,0,0.587785,0.809017,-0.5,0.866025,0,0,-0.587785,0.809017,1,6.12323e-17,0,0,-0.951057,-0.309017,-1,-1.83697e-16,0,0,-0.587785,-0.809017,1.22465e-16,-1,0,0,0.951057,0.309017,0.866025,0.5,0,0,0,1,0.866025,-0.5,0,0,0.587785,-0.809017,-0.866025,-0.5,8,0,8,2,1,11,8,9,1,3,1,0,5,1,8,5,3,11,4,1,10,7,2,9,5,11,0,4,2,1,3,9,0,8,3,1
57,0,0,0,0,0,16,49,36,4,29,2,0,12,26,103,19,2,0,0,0,0,0,0,0,0,2025,8,22,0,4,3,234,34,3,3,-0.951057,0.309017,0,1,8,1,-0.587785,0.809017,-0.5,0.866025,6,2,0.587785,-0.809017,1.22465e-16,-1,0,8,0.951057,-0.309017,-0.5,-0.866025,7,9,0,1,-0.866025,-0.5,2,4,-0.587785,-0.809017,-0.866025,-0.5,0,0,0.587785,0.809017,0.5,0.866025,4,0,1.22465e-16,-1,0.5,0.866025,0,0,1.22465e-16,-1,-1,-1.83697e-16,0,0,0.587785,0.809017,-0.5,0.866025,0,0,-0.587785,0.809017,1,6.12323e-17,0,0,-0.951057,-0.309017,-1,-1.83697e-16,0,0,-0.587785,-0.809017,1.22465e-16,-1,0,0,0.951057,0.309017,0.866025,0.5,0,0,0,1,0.866025,-0.5,0,0,0.587785,-0.809017,-0.866025,-0.5,8,4,8,2,1,11,8,2,1,3,1,0,5,6,8,5,3,11,4,3,10,7,2,9,5,7,0,4,2,1,3,5,0,8,3,1
58,0,0,0,0,0,31,8,59,49,16,2,0,22,14,12,97,6,0,0,0,0,0,0,0,0,2025,8,25,0,0,3,237,35,6,3,0.587785,-0.809017,0,1,1,5,0.951057,0.309017,0.866025,0.5,9,11,-0.951057,-0.309017,-1,-1.83697e-16,8,8,-0.587785,0.809017,-0.5,-0.866025,4,1,1.22465e-16,-1,-0.5,0.866025,2,4,-0.587785,-0.809017,-0.866025,-0.5,0,0,0.587785,0.809017,0.5,0.866025,7,10,0,1,0.866025,-0.5,0,0,1.22465e-16,-1,-1,-1.83697e-16,0,0,0.587785,0.809017,-0.5,0.866025,0,0,-0.587785,0.809017,1,6.12323e-17,0,0,-0.951057,-0.309017,-1,-1.83697e-16,0,0,-0.587785,-0.809017,1.22465e-16,-1,0,0,0.951057,0.309017,0.866025,0.5,0,0,0,1,0.866025,-0.5,0,0,0.587785,-0.809017,-0.866025,-0.5,8,7,8,4,1,1,8,4,1,2,1,11,5,10,8,6,3,0,4,2,10,3,2,0,5,3,0,7,2,9,3,6,0,5,3,11
59,0,0,0,0,0,26,2,21,15,16,2,0,22,2,5,97,6,0,0,0,0,0,0,0,0,2025,8,26,0,1,3,238,35,5,3,-0.587785,-0.809017,0,1,0,3,0.951057,-0.309017,1,6.12323e-17,3,7,-0.951057,0.309017,-0.866025,0.5,2,8,0.587785,0.809017,-0.5,-0.866025,4,1,1.22465e-16,-1,-0.5,0.866025,2,4,-0.587785,-0.809017,-0.866025,-0.5,0,0,0.587785,0.809017,0.5,0.866025,7,10,0,1,0.866025,-0.5,0,0,1.22465e-16,-1,-1,-1.83697e-16,0,0,0.587785,0.809017,-0.5,0.866025,0,0,-0.587785,0.809017,1,6.12323e-17,0,0,-0.951057,-0.309017,-1,-1.83697e-16,0,0,-0.587785,-0.809017,1.22465e-16,-1,0,0,0.951057,0.309017,0.866025,0.5,0,0,0,1,0.866025,-0.5,0,0,0.587785,-0.809017,-0.866025,-0.5,8,6,8,4,1,1,8,10,1,2,1,11,5,4,8,6,3,0,4,8,10,3,2,0,5,5,0,7,2,9,3,7,0,5,3,11
60,0,0,0,0,0,16,41,49,4,16,2,0,22,26,75,34,6,0,0,0,0,0,0,0,0,2025,8,27,0,2,3,239,35,3,3,-0.951057,0.309017,0,1,6,10,0.587785,-0.809017,0.866025,-0.5,8,1,-0.587785,0.809017,-0.5,0.866025,0,8,0.951057,-0.309017,-0.5,-0.866025,4,1,1.22465e-16,-1,-0.5,0.866025,2,4,-0.587785,-0.809017,-0.866025,-0.5,0,0,0.587785,0.809017,0.5,0.866025,7,10,0,1,0.866025,-0.5,0,0,1.22465e-16,-1,-1,-1.83697e-16,0,0,0.587785,0.809017,-0.5,0.866025,0,0,-0.587785,0.809017,1,6.12323e-17,0,0,-0.951057,-0.309017,-1,-1.83697e-16,0,0,-0.587785,-0.809017,1.22465e-16,-1,0,0,0.951057,0.309017,0.866025,0.5,0,0,0,1,0.866025,-0.5,0,0,0.587785,-0.809017,-0.866025,-0.5,8,1,8,4,1,1,8,11,1,2,1,11,5,0,8,6,3,0,4,0,10,3,2,0,5,9,0,7,2,9,3,11,0,5,3,11
61,0,0,0,0,0,36,27,43,26,16,2,0,22,56,58,34,6,0,0,0,0,0,0,0,0,2025,8,28,0,3,3,240,35,7,3,0,1,0,1,4,6,1.22465e-16,-1,0.5,-0.866025,7,4,0,1,0,1,4,8,1.22465e-16,-1,-0.5,-0.866025,4,1,1.22465e-16,-1,-0.5,0.866025,2,4,-0.587785,-0.809017,-0.866025,-0.5,0,0,0.587785,0.809017,0.5,0.866025,7,10,0,1,0.866025,-0.5,0,0,1.22465e-16,-1,-1,-1.83697e-16,0,0,0.587785,0.809017,-0.5,0.866025,0,0,-0.587785,0.809017,1,6.12323e-17,0,0,-0.951057,-0.309017,-1,-1.83697e-16,0,0,-0.587785,-0.809017,1.22465e-16,-1,0,0,0.951057,0.309017,0.866025,0.5,0,0,0,1,0.866025,-0.5,0,0,0.587785,-0.809017,-0.866025,-0.5,8,3,8,4,1,1,8,7,1,2,1,11,5,8,8,6,3,0,4,4,10,3,2,0,5,2,0,7,2,9,3,10,0,5,3,11
62,0,0,0,0,0,6,30,12,54,16,2,0,22,50,66,34,6,0,0,0,0,0,0,0,0,2025,8,29,0,4,3,241,35,1,3,0.951057,0.309017,0,1,5,2,-0.587785,-0.809017,1.22465e-16,-1,2,0,0.587785,0.809017,0.5,0.866025,9,8,-0.951057,-0.309017,-0.5,-0.866025,4,1,1.22465e-16,-1,-0.5,0.866025,2,4,-0.587785,-0.809017,-0.866025,-0.5,0,0,0.587785,0.809017,0.5,0.866025,7,10,0,1,0.866025,-0.5,0,0,1.22465e-16,-1,-1,-1.83697e-16,0,0,0.587785,0.809017,-0.5,0.866025,0,0,-0.587785,0.809017,1,6.12323e-17,0,0,-0.951057,-0.309017,-1,-1.83697e-16,0,0,-0.587785,-0.809017,1.22465e-16,-1,0,0,0.951057,0.309017,0.866025,0.5,0,0,0,1,0.866025,-0.5,0,0,0.587785,-0.809017,-0.866025,-0.5,8,5,8,4,1,1,8,6,1,2,1,11,5,2,8,6,3,0,4,10,10,3,2,0,5,8,0,7,2,9,3,4,0,5,3,11
63,0,0,0,0,0,16,53,41,4,16,2,0,22,26,105,1,6,0,0,0,0,0,0,0,0,2025,9,1,0,0,3,244,36,3,3,-0.951057,0.309017,0,1,8,11,-0.587785,0.809017,-1,-1.83697e-16,6,10,0.587785,-0.809017,0.866025,-0.5,0,8,0.951057,-0.309017,-0.5,-0.866025,4,1,1.22465e-16,-1,-0.5,0.866025,2,4,-0.587785,-0.809017,-0.866025,-0.5,0,0,0.587785,0.809017,0.5,0.866025,7,10,0,1,0.866025,-0.5,0,0,1.22465e-16,-1,-1,-1.83697e-16,0,0,0.587785,0.809017,-0.5,0.866025,0,0,-0.587785,0.809017,1,6.12323e-17,0,0,-0.951057,-0.309017,-1,-1.83697e-16,0,0,-0.587785,-0.809017,1.22465e-16,-1,0,0,0.951057,0.309017,0.866025,0.5,0,0,0,1,0.866025,-0.5,0,0,0.587785,-0.809017,-0.866025,-0.5,8,8,8,4,1,1,8,5,1,2,1,11,5,3,8,6,3,0,4,6,10,3,2,0,5,10,0,7,2,9,3,2,0,5,3,11
