,current_hour_pillar,current_day_pillar,current_day_pillar_minus,current_hour_pillar_minus,current_month_pillar,current_year_pillar,current_year_pillar_minus,current_month_pillar_minus,current_wuxi_hour,current_wuxi_day,current_wuxi_month,current_wuxi_year,base_year_pillar,base_month_pillar,base_day_pillar,base_hour_pillar,base_month_pillar_minus,base_hour_pillar_minus,base_year_pillar_minus,base_day_pillar_minus,year,month,day,hour,dayofweek,quarter,dayofyear,weekofyear,current_hour_pillar_heavenly,current_hour_pillar_earthly,current_hour_pillar_heavenly_sin,current_hour_pillar_heavenly_cos,current_hour_pillar_earthly_sin,current_hour_pillar_earthly_cos,current_day_pillar_heavenly,current_day_pillar_earthly,current_day_pillar_heavenly_sin,current_day_pillar_heavenly_cos,current_day_pillar_earthly_sin,current_day_pillar_earthly_cos,current_day_pillar_minus_heavenly,current_day_pillar_minus_earthly,current_day_pillar_minus_heavenly_sin,current_day_pillar_minus_heavenly_cos,current_day_pillar_minus_earthly_sin,current_day_pillar_minus_earthly_cos,current_hour_pillar_minus_heavenly,current_hour_pillar_minus_earthly,current_hour_pillar_minus_heavenly_sin,current_hour_pillar_minus_heavenly_cos,current_hour_pillar_minus_earthly_sin,current_hour_pillar_minus_earthly_cos,current_month_pillar_heavenly,current_month_pillar_earthly,current_month_pillar_heavenly_sin,current_month_pillar_heavenly_cos,current_month_pillar_earthly_sin,current_month_pillar_earthly_cos,current_year_pillar_heavenly,current_year_pillar_earthly,current_year_pillar_heavenly_sin,current_year_pillar_heavenly_cos,current_year_pillar_earthly_sin,current_year_pillar_earthly_cos,current_year_pillar_minus_heavenly,current_year_pillar_minus_earthly,current_year_pillar_minus_heavenly_sin,current_year_pillar_minus_heavenly_cos,current_year_pillar_minus_earthly_sin,current_year_pillar_minus_earthly_cos,current_month_pillar_minus_heavenly,current_month_pillar_minus_earthly,current_month_pillar_minus_heavenly_sin,current_month_pillar_minus_heavenly_cos,current_month_pillar_minus_earthly_sin,current_month_pillar_minus_earthly_cos,base_year_pillar_heavenly,base_year_pillar_earthly,base_year_pillar_heavenly_sin,base_year_pillar_heavenly_cos,base_year_pillar_earthly_sin,base_year_pillar_earthly_cos,base_month_pillar_heavenly,base_month_pillar_earthly,base_month_pillar_heavenly_sin,base_month_pillar_heavenly_cos,base_month_pillar_earthly_sin,base_month_pillar_earthly_cos,base_day_pillar_heavenly,base_day_pillar_earthly,base_day_pillar_heavenly_sin,base_day_pillar_heavenly_cos,base_day_pillar_earthly_sin,base_day_pillar_earthly_cos,base_hour_pillar_heavenly,base_hour_pillar_earthly,base_hour_pillar_heavenly_sin,base_hour_pillar_heavenly_cos,base_hour_pillar_earthly_sin,base_hour_pillar_earthly_cos,base_month_pillar_minus_heavenly,base_month_pillar_minus_earthly,base_month_pillar_minus_heavenly_sin,base_month_pillar_minus_heavenly_cos,base_month_pillar_minus_earthly_sin,base_month_pillar_minus_earthly_cos,base_hour_pillar_minus_heavenly,base_hour_pillar_minus_earthly,base_hour_pillar_minus_heavenly_sin,base_hour_pillar_minus_heavenly_cos,base_hour_pillar_minus_earthly_sin,base_hour_pillar_minus_earthly_cos,base_year_pillar_minus_heavenly,base_year_pillar_minus_earthly,base_year_pillar_minus_heavenly_sin,base_year_pillar_minus_heavenly_cos,base_year_pillar_minus_earthly_sin,base_year_pillar_minus_earthly_cos,base_day_pillar_minus_heavenly,base_day_pillar_minus_earthly,base_day_pillar_minus_heavenly_sin,base_day_pillar_minus_heavenly_cos,base_day_pillar_minus_earthly_sin,base_day_pillar_minus_earthly_cos,cs_base_hour_current_hour,cs_base_hour_current_day,cs_base_hour_current_hour_minus,cs_base_hour_current_month,cs_base_hour_current_year,cs_base_hour_current_month_minus,cs_base_day_current_hour,cs_base_day_current_day,cs_base_day_current_hour_minus,cs_base_day_current_month,cs_base_day_current_year,cs_base_day_current_month_minus,cs_base_hour_minus_current_hour,cs_base_hour_minus_current_day,cs_base_hour_minus_current_hour_minus,cs_base_hour_minus_current_month,cs_base_hour_minus_current_year,cs_base_hour_minus_current_month_minus,cs_base_month_current_hour,cs_base_month_current_day,cs_base_month_current_hour_minus,cs_base_month_current_month,cs_base_month_current_year,cs_base_month_current_month_minus,cs_base_year_current_hour,cs_base_year_current_day,cs_base_year_current_hour_minus,cs_base_year_current_month,cs_base_year_current_year,cs_base_year_current_month_minus,cs_base_month_minus_current_hour,cs_base_month_minus_current_day,cs_base_month_minus_current_hour_minus,cs_base_month_minus_current_month,cs_base_month_minus_current_year,cs_base_month_minus_current_month_minus
0,0,50,40,7,7,0,2,22,7,53,54,0,0,0,0,0,0,0,0,0,2025,6,3,10,1,2,154,23,0,0,0.951057,-0.309017,0.5,-0.866025,8,3,-0.587785,0.809017,1,6.12323e-17,6,9,0.587785,-0.809017,-0.866025,-0.5,3,2,-0.951057,0.309017,-0.866025,0.5,1,9,0.951057,0.309017,-0.866025,-0.5,0,2,0.587785,0.809017,0.5,-0.866025,2,2,-0.587785,-0.809017,0,1,9,3,-0.951057,-0.309017,1,6.12323e-17,0,0,1.22465e-16,-1,-1,-1.83697e-16,0,0,0.587785,0.809017,-0.5,0.866025,0,0,-0.587785,0.809017,1,6.12323e-17,0,0,-0.951057,-0.309017,-1,-1.83697e-16,0,0,-0.587785,-0.809017,1.22465e-16,-1,0,0,0.951057,0.309017,0.866025,0.5,0,0,0,1,0.866025,-0.5,0,0,0.587785,-0.809017,-0.866025,-0.5,1,6,0,2,2,6,0,10,3,3,3,10,1,4,0,5,4,4,1,8,0,7,1,8,0,5,3,4,1,5,0,7,3,8,4,7
1,4,47,29,13,7,0,2,22,1,45,54,0,0,0,0,0,0,0,0,0,2025,6,4,10,2,2,155,23,4,0,1.22465e-16,-1,0.5,-0.866025,7,10,0,1,0.866025,-0.5,4,11,1.22465e-16,-1,-1,-1.83697e-16,7,2,0,1,-0.866025,0.5,1,9,0.951057,0.309017,-0.866025,-0.5,0,2,0.587785,0.809017,0.5,-0.866025,2,2,-0.587785,-0.809017,0,1,9,3,-0.951057,-0.309017,1,6.12323e-17,0,0,1.22465e-16,-1,-1,-1.83697e-16,0,0,0.587785,0.809017,-0.5,0.866025,0,0,-0.587785,0.809017,1,6.12323e-17,0,0,-0.951057,-0.309017,-1,-1.83697e-16,0,0,-0.587785,-0.809017,1.22465e-16,-1,0,0,0.951057,0.309017,0.866025,0.5,0,0,0,1,0.866025,-0.5,0,0,0.587785,-0.809017,-0.866025,-0.5,1,1,0,2,2,6,0,11,3,3,3,10,1,0,0,5,4,4,1,0,0,7,1,8,0,9,3,4,1,5,0,11,3,8,4,7
2,9,15,33,3,7,0,2,22,6,12,54,0,0,0,0,0,0,0,0,0,2025,6,5,10,3,2,156,23,9,0,-0.951057,-0.309017,0.5,-0.866025,2,6,0.587785,0.809017,0.5,-0.866025,5,7,-0.587785,-0.809017,-0.866025,0.5,1,2,0.951057,0.309017,-0.866025,0.5,1,9,0.951057,0.309017,-0.866025,-0.5,0,2,0.587785,0.809017,0.5,-0.866025,2,2,-0.587785,-0.809017,0,1,9,3,-0.951057,-0.309017,1,6.12323e-17,0,0,1.22465e-16,-1,-1,-1.83697e-16,0,0,0.587785,0.809017,-0.5,0.866025,0,0,-0.587785,0.809017,1,6.12323e-17,0,0,-0.951057,-0.309017,-1,-1.83697e-16,0,0,-0.587785,-0.809017,1.22465e-16,-1,0,0,0.951057,0.309017,0.866025,0.5,0,0,0,1,0.866025,-0.5,0,0,0.587785,-0.809017,-0.866025,-0.5,1,3,0,2,2,6,0,7,3,3,3,10,1,8,0,5,4,4,1,4,0,7,1,8,0,2,3,4,1,5,0,10,3,8,4,7
3,8,6,54,11,11,2,0,0,5,10,30,0,0,0,0,0,0,0,0,0,2025,6,6,10,4,2,157,23,8,0,-0.587785,0.809017,0.5,-0.866025,1,2,0.951057,0.309017,1.22465e-16,-1,9,0,-0.951057,-0.309017,0.5,0.866025,6,1,0.587785,-0.809017,0,1,3,2,-0.951057,0.309017,1.22465e-16,-1,2,4,-0.587785,-0.809017,-0.866025,-0.5,0,0,0.587785,0.809017,0.5,0.866025,0,1,0.951057,-0.309017,-0.5,0.866025,0,0,1.22465e-16,-1,-1,-1.83697e-16,0,0,0.587785,0.809017,-0.5,0.866025,0,0,-0.587785,0.809017,1,6.12323e-17,0,0,-0.951057,-0.309017,-1,-1.83697e-16,0,0,-0.587785,-0.809017,1.22465e-16,-1,0,0,0.951057,0.309017,0.866025,0.5,0,0,0,1,0.866025,-0.5,0,0,0.587785,-0.809017,-0.866025,-0.5,1,5,3,5,1,4,0,6,2,6,1,2,1,2,3,2,3,6,1,10,2,10,2,3,0,8,0,8,2,7,0,4,1,4,3,5
4,4,29,47,12,11,2,0,0,1,27,2,0,0,0,0,0,0,0,0,0,2025,6,9,10,0,2,160,24,4,0,1.22465e-16,-1,0.5,-0.866025,4,11,1.22465e-16,-1,-1,-1.83697e-16,7,10,0,1,0.866025,-0.5,7,1,0,1,0,1,3,2,-0.951057,0.309017,1.22465e-16,-1,2,4,-0.587785,-0.809017,-0.866025,-0.5,0,0,0.587785,0.809017,0.5,0.866025,0,1,0.951057,-0.309017,-0.5,0.866025,0,0,1.22465e-16,-1,-1,-1.83697e-16,0,0,0.587785,0.809017,-0.5,0.866025,0,0,-0.587785,0.809017,1,6.12323e-17,0,0,-0.951057,-0.309017,-1,-1.83697e-16,0,0,-0.587785,-0.809017,1.22465e-16,-1,0,0,0.951057,0.309017,0.866025,0.5,0,0,0,1,0.866025,-0.5,0,0,0.587785,-0.809017,-0.866025,-0.5,1,8,3,5,1,4,0,5,2,6,1,2,1,3,3,2,3,6,1,6,2,10,2,3,0,10,0,8,2,7,0,2,1,4,3,5
5,9,33,15,2,11,2,0,0,6,31,2,0,0,0,0,0,0,0,0,0,2025,6,10,10,1,2,161,24,9,0,-0.951057,-0.309017,0.5,-0.866025,5,7,-0.587785,-0.809017,-0.866025,0.5,2,6,0.587785,0.809017,0.5,-0.866025,1,1,0.951057,0.309017,0,1,3,2,-0.951057,0.309017,1.22465e-16,-1,2,4,-0.587785,-0.809017,-0.866025,-0.5,0,0,0.587785,0.809017,0.5,0.866025,0,1,0.951057,-0.309017,-0.5,0.866025,0,0,1.22465e-16,-1,-1,-1.83697e-16,0,0,0.587785,0.809017,-0.5,0.866025,0,0,-0.587785,0.809017,1,6.12323e-17,0,0,-0.951057,-0.309017,-1,-1.83697e-16,0,0,-0.587785,-0.809017,1.22465e-16,-1,0,0,0.951057,0.309017,0.866025,0.5,0,0,0,1,0.866025,-0.5,0,0,0.587785,-0.809017,-0.866025,-0.5,1,0,3,5,1,4,0,9,2,6,1,2,1,1,3,2,3,6,1,1,2,10,2,3,0,11,0,8,2,7,0,9,1,4,3,5
6,8,55,6,11,11,2,0,0,5,55,2,0,0,0,0,0,0,0,0,0,2025,6,11,10,2,2,162,24,8,0,-0.587785,0.809017,0.5,-0.866025,9,1,-0.951057,-0.309017,-0.5,0.866025,1,2,0.951057,0.309017,1.22465e-16,-1,6,1,0.587785,-0.809017,0,1,3,2,-0.951057,0.309017,1.22465e-16,-1,2,4,-0.587785,-0.809017,-0.866025,-0.5,0,0,0.587785,0.809017,0.5,0.866025,0,1,0.951057,-0.309017,-0.5,0.866025,0,0,1.22465e-16,-1,-1,-1.83697e-16,0,0,0.587785,0.809017,-0.5,0.866025,0,0,-0.587785,0.809017,1,6.12323e-17,0,0,-0.951057,-0.309017,-1,-1.83697e-16,0,0,-0.587785,-0.809017,1.22465e-16,-1,0,0,0.951057,0.309017,0.866025,0.5,0,0,0,1,0.866025,-0.5,0,0,0.587785,-0.809017,-0.866025,-0.5,1,4,3,5,1,4,0,2,2,6,1,2,1,6,3,2,3,6,1,3,2,10,2,3,0,7,0,8,2,7,0,5,1,4,3,5
7,2,19,4,10,11,2,0,0,3,18,59,0,0,0,0,0,0,0,0,0,2025,6,12,10,3,2,163,24,2,0,0.587785,0.809017,0.5,-0.866025,3,4,-0.951057,0.309017,0,1,0,8,0.951057,-0.309017,-0.5,-0.866025,5,1,-0.587785,-0.809017,0,1,3,2,-0.951057,0.309017,1.22465e-16,-1,2,4,-0.587785,-0.809017,-0.866025,-0.5,0,0,0.587785,0.809017,0.5,0.866025,0,1,0.951057,-0.309017,-0.5,0.866025,0,0,1.22465e-16,-1,-1,-1.83697e-16,0,0,0.587785,0.809017,-0.5,0.866025,0,0,-0.587785,0.809017,1,6.12323e-17,0,0,-0.951057,-0.309017,-1,-1.83697e-16,0,0,-0.587785,-0.809017,1.22465e-16,-1,0,0,0.951057,0.309017,0.866025,0.5,0,0,0,1,0.866025,-0.5,0,0,0.587785,-0.809017,-0.866025,-0.5,1,10,3,5,1,4,0,8,2,6,1,2,1,7,3,2,3,6,1,5,2,10,2,3,0,6,0,8,2,7,0,3,1,4,3,5
8,0,48,40,6,11,2,0,0,7,50,59,0,0,0,0,0,0,0,0,0,2025,6,13,10,4,2,164,24,0,0,0.951057,-0.309017,0.5,-0.866025,8,0,-0.587785,0.809017,0.5,0.866025,6,9,0.587785,-0.809017,-0.866025,-0.5,3,1,-0.951057,0.309017,0,1,3,2,-0.951057,0.309017,1.22465e-16,-1,2,4,-0.587785,-0.809017,-0.866025,-0.5,0,0,0.587785,0.809017,0.5,0.866025,0,1,0.951057,-0.309017,-0.5,0.866025,0,0,1.22465e-16,-1,-1,-1.83697e-16,0,0,0.587785,0.809017,-0.5,0.866025,0,0,-0.587785,0.809017,1,6.12323e-17,0,0,-0.951057,-0.309017,-1,-1.83697e-16,0,0,-0.587785,-0.809017,1.22465e-16,-1,0,0,0.951057,0.309017,0.866025,0.5,0,0,0,1,0.866025,-0.5,0,0,0.587785,-0.809017,-0.866025,-0.5,1,11,3,5,1,4,0,0,2,6,1,2,1,11,3,2,3,6,1,9,2,10,2,3,0,1,0,8,2,7,0,1,1,4,3,5
9,8,11,55,11,11,2,0,0,5,9,81,0,0,0,0,0,0,0,0,0,2025,6,16,10,0,2,167,25,8,0,-0.587785,0.809017,0.5,-0.866025,1,10,0.951057,0.309017,0.866025,-0.5,9,1,-0.951057,-0.309017,-0.5,0.866025,6,1,0.587785,-0.809017,0,1,3,2,-0.951057,0.309017,1.22465e-16,-1,2,4,-0.587785,-0.809017,-0.866025,-0.5,0,0,0.587785,0.809017,0.5,0.866025,0,1,0.951057,-0.309017,-0.5,0.866025,0,0,1.22465e-16,-1,-1,-1.83697e-16,0,0,0.587785,0.809017,-0.5,0.866025,0,0,-0.587785,0.809017,1,6.12323e-17,0,0,-0.951057,-0.309017,-1,-1.83697e-16,0,0,-0.587785,-0.809017,1.22465e-16,-1,0,0,0.951057,0.309017,0.866025,0.5,0,0,0,1,0.866025,-0.5,0,0,0.587785,-0.809017,-0.866025,-0.5,1,1,3,5,1,4,0,11,2,6,1,2,1,0,3,2,3,6,1,0,2,10,2,3,0,9,0,8,2,7,0,11,1,4,3,5
10,2,3,19,10,11,2,0,0,3,0,81,0,0,0,0,0,0,0,0,0,2025,6,17,10,1,2,168,25,2,0,0.587785,0.809017,0.5,-0.866025,0,6,0.951057,-0.309017,0.5,-0.866025,3,4,-0.951057,0.309017,0,1,5,1,-0.587785,-0.809017,0,1,3,2,-0.951057,0.309017,1.22465e-16,-1,2,4,-0.587785,-0.809017,-0.866025,-0.5,0,0,0.587785,0.809017,0.5,0.866025,0,1,0.951057,-0.309017,-0.5,0.866025,0,0,1.22465e-16,-1,-1,-1.83697e-16,0,0,0.587785,0.809017,-0.5,0.866025,0,0,-0.587785,0.809017,1,6.12323e-17,0,0,-0.951057,-0.309017,-1,-1.83697e-16,0,0,-0.587785,-0.809017,1.22465e-16,-1,0,0,0.951057,0.309017,0.866025,0.5,0,0,0,1,0.866025,-0.5,0,0,0.587785,-0.809017,-0.866025,-0.5,1,3,3,5,1,4,0,7,2,6,1,2,1,8,3,2,3,6,1,4,2,10,2,3,0,2,0,8,2,7,0,10,1,4,3,5
11,0,36,48,6,11,2,0,0,7,40,69,0,0,0,0,0,0,0,0,0,2025,6,18,10,2,2,169,25,0,0,0.951057,-0.309017,0.5,-0.866025,6,2,0.587785,-0.809017,1.22465e-16,-1,8,0,-0.587785,0.809017,0.5,0.866025,3,1,-0.951057,0.309017,0,1,3,2,-0.951057,0.309017,1.22465e-16,-1,2,4,-0.587785,-0.809017,-0.866025,-0.5,0,0,0.587785,0.809017,0.5,0.866025,0,1,0.951057,-0.309017,-0.5,0.866025,0,0,1.22465e-16,-1,-1,-1.83697e-16,0,0,0.587785,0.809017,-0.5,0.866025,0,0,-0.587785,0.809017,1,6.12323e-17,0,0,-0.951057,-0.309017,-1,-1.83697e-16,0,0,-0.587785,-0.809017,1.22465e-16,-1,0,0,0.951057,0.309017,0.866025,0.5,0,0,0,1,0.866025,-0.5,0,0,0.587785,-0.809017,-0.866025,-0.5,1,5,3,5,1,4,0,6,2,6,1,2,1,2,3,2,3,6,1,10,2,10,2,3,0,8,0,8,2,7,0,4,1,4,3,5
12,4,28,44,12,11,2,0,0,1,28,69,0,0,0,0,0,0,0,0,0,2025,6,19,10,3,2,170,25,4,0,1.22465e-16,-1,0.5,-0.866025,4,8,1.22465e-16,-1,-0.5,-0.866025,7,5,0,1,0.866025,0.5,7,1,0,1,0,1,3,2,-0.951057,0.309017,1.22465e-16,-1,2,4,-0.587785,-0.809017,-0.866025,-0.5,0,0,0.587785,0.809017,0.5,0.866025,0,1,0.951057,-0.309017,-0.5,0.866025,0,0,1.22465e-16,-1,-1,-1.83697e-16,0,0,0.587785,0.809017,-0.5,0.866025,0,0,-0.587785,0.809017,1,6.12323e-17,0,0,-0.951057,-0.309017,-1,-1.83697e-16,0,0,-0.587785,-0.809017,1.22465e-16,-1,0,0,0.951057,0.309017,0.866025,0.5,0,0,0,1,0.866025,-0.5,0,0,0.587785,-0.809017,-0.866025,-0.5,1,9,3,5,1,4,0,1,2,6,1,2,1,9,3,2,3,6,1,11,2,10,2,3,0,0,0,8,2,7,0,0,1,4,3,5
13,9,34,14,2,11,2,0,0,6,35,69,0,0,0,0,0,0,0,0,0,2025,6,20,10,4,2,171,25,9,0,-0.951057,-0.309017,0.5,-0.866025,5,9,-0.587785,-0.809017,-0.866025,-0.5,2,3,0.587785,0.809017,1,6.12323e-17,1,1,0.951057,0.309017,0,1,3,2,-0.951057,0.309017,1.22465e-16,-1,2,4,-0.587785,-0.809017,-0.866025,-0.5,0,0,0.587785,0.809017,0.5,0.866025,0,1,0.951057,-0.309017,-0.5,0.866025,0,0,1.22465e-16,-1,-1,-1.83697e-16,0,0,0.587785,0.809017,-0.5,0.866025,0,0,-0.587785,0.809017,1,6.12323e-17,0,0,-0.951057,-0.309017,-1,-1.83697e-16,0,0,-0.587785,-0.809017,1.22465e-16,-1,0,0,0.951057,0.309017,0.866025,0.5,0,0,0,1,0.866025,-0.5,0,0,0.587785,-0.809017,-0.866025,-0.5,1,2,3,5,1,4,0,3,2,6,1,2,1,5,3,2,3,6,1,7,2,10,2,3,0,4,0,8,2,7,0,8,1,4,3,5
14,0,49,36,6,3,2,0,8,7,49,47,0,0,0,0,0,0,0,0,0,2025,6,23,10,0,2,174,26,0,0,0.951057,-0.309017,0.5,-0.866025,8,1,-0.587785,0.809017,-0.5,0.866025,6,2,0.587785,-0.809017,1.22465e-16,-1,3,1,-0.951057,0.309017,0,1,0,11,0.951057,-0.309017,-1,-1.83697e-16,2,4,-0.587785,-0.809017,-0.866025,-0.5,0,0,0.587785,0.809017,0.5,0.866025,3,5,-0.951057,0.309017,0.866025,0.5,0,0,1.22465e-16,-1,-1,-1.83697e-16,0,0,0.587785,0.809017,-0.5,0.866025,0,0,-0.587785,0.809017,1,6.12323e-17,0,0,-0.951057,-0.309017,-1,-1.83697e-16,0,0,-0.587785,-0.809017,1.22465e-16,-1,0,0,0.951057,0.309017,0.866025,0.5,0,0,0,1,0.866025,-0.5,0,0,0.587785,-0.809017,-0.866025,-0.5,1,4,3,8,1,7,0,2,2,5,1,4,1,6,3,3,3,10,1,3,2,6,2,2,0,7,0,10,2,3,0,5,1,2,3,6
15,4,43,28,12,3,2,0,8,1,42,47,0,0,0,0,0,0,0,0,0,2025,6,24,10,1,2,175,26,4,0,1.22465e-16,-1,0.5,-0.866025,7,4,0,1,0,1,4,8,1.22465e-16,-1,-0.5,-0.866025,7,1,0,1,0,1,0,11,0.951057,-0.309017,-1,-1.83697e-16,2,4,-0.587785,-0.809017,-0.866025,-0.5,0,0,0.587785,0.809017,0.5,0.866025,3,5,-0.951057,0.309017,0.866025,0.5,0,0,1.22465e-16,-1,-1,-1.83697e-16,0,0,0.587785,0.809017,-0.5,0.866025,0,0,-0.587785,0.809017,1,6.12323e-17,0,0,-0.951057,-0.309017,-1,-1.83697e-16,0,0,-0.587785,-0.809017,1.22465e-16,-1,0,0,0.951057,0.309017,0.866025,0.5,0,0,0,1,0.866025,-0.5,0,0,0.587785,-0.809017,-0.866025,-0.5,1,10,3,8,1,7,0,8,2,5,1,4,1,7,3,3,3,10,1,5,2,6,2,2,0,6,0,10,2,3,0,3,1,2,3,6
16,9,12,34,2,3,2,0,8,6,14,56,0,0,0,0,0,0,0,0,0,2025,6,25,10,2,2,176,26,9,0,-0.951057,-0.309017,0.5,-0.866025,2,0,0.587785,0.809017,0.5,0.866025,5,9,-0.587785,-0.809017,-0.866025,-0.5,1,1,0.951057,0.309017,0,1,0,11,0.951057,-0.309017,-1,-1.83697e-16,2,4,-0.587785,-0.809017,-0.866025,-0.5,0,0,0.587785,0.809017,0.5,0.866025,3,5,-0.951057,0.309017,0.866025,0.5,0,0,1.22465e-16,-1,-1,-1.83697e-16,0,0,0.587785,0.809017,-0.5,0.866025,0,0,-0.587785,0.809017,1,6.12323e-17,0,0,-0.951057,-0.309017,-1,-1.83697e-16,0,0,-0.587785,-0.809017,1.22465e-16,-1,0,0,0.951057,0.309017,0.866025,0.5,0,0,0,1,0.866025,-0.5,0,0,0.587785,-0.809017,-0.866025,-0.5,1,11,3,8,1,7,0,0,2,5,1,4,1,11,3,3,3,10,1,9,2,6,2,2,0,1,0,10,2,3,0,1,1,2,3,6
17,8,8,59,11,3,2,0,8,5,8,56,0,0,0,0,0,0,0,0,0,2025,6,26,10,3,2,177,26,8,0,-0.587785,0.809017,0.5,-0.866025,1,5,0.951057,0.309017,0.866025,0.5,9,11,-0.951057,-0.309017,-1,-1.83697e-16,6,1,0.587785,-0.809017,0,1,0,11,0.951057,-0.309017,-1,-1.83697e-16,2,4,-0.587785,-0.809017,-0.866025,-0.5,0,0,0.587785,0.809017,0.5,0.866025,3,5,-0.951057,0.309017,0.866025,0.5,0,0,1.22465e-16,-1,-1,-1.83697e-16,0,0,0.587785,0.809017,-0.5,0.866025,0,0,-0.587785,0.809017,1,6.12323e-17,0,0,-0.951057,-0.309017,-1,-1.83697e-16,0,0,-0.587785,-0.809017,1.22465e-16,-1,0,0,0.951057,0.309017,0.866025,0.5,0,0,0,1,0.866025,-0.5,0,0,0.587785,-0.809017,-0.866025,-0.5,1,7,3,8,1,7,0,4,2,5,1,4,1,10,3,3,3,10,1,2,2,6,2,2,0,3,0,10,2,3,0,6,1,2,3,6
18,2,2,21,10,3,2,0,8,3,5,56,0,0,0,0,0,0,0,0,0,2025,6,27,10,4,2,178,26,2,0,0.587785,0.809017,0.5,-0.866025,0,3,0.951057,-0.309017,1,6.12323e-17,3,7,-0.951057,0.309017,-0.866025,0.5,5,1,-0.587785,-0.809017,0,1,0,11,0.951057,-0.309017,-1,-1.83697e-16,2,4,-0.587785,-0.809017,-0.866025,-0.5,0,0,0.587785,0.809017,0.5,0.866025,3,5,-0.951057,0.309017,0.866025,0.5,0,0,1.22465e-16,-1,-1,-1.83697e-16,0,0,0.587785,0.809017,-0.5,0.866025,0,0,-0.587785,0.809017,1,6.12323e-17,0,0,-0.951057,-0.309017,-1,-1.83697e-16,0,0,-0.587785,-0.809017,1.22465e-16,-1,0,0,0.951057,0.309017,0.866025,0.5,0,0,0,1,0.866025,-0.5,0,0,0.587785,-0.809017,-0.866025,-0.5,1,6,3,8,1,7,0,10,2,5,1,4,1,4,3,3,3,10,1,8,2,6,2,2,0,5,0,10,2,3,0,7,1,2,3,6
19,9,30,12,2,3,2,0,8,6,34,27,0,0,0,0,0,0,0,0,0,2025,6,30,10,0,2,181,27,9,0,-0.951057,-0.309017,0.5,-0.866025,5,2,-0.587785,-0.809017,1.22465e-16,-1,2,0,0.587785,0.809017,0.5,0.866025,1,1,0.951057,0.309017,0,1,0,11,0.951057,-0.309017,-1,-1.83697e-16,2,4,-0.587785,-0.809017,-0.866025,-0.5,0,0,0.587785,0.809017,0.5,0.866025,3,5,-0.951057,0.309017,0.866025,0.5,0,0,1.22465e-16,-1,-1,-1.83697e-16,0,0,0.587785,0.809017,-0.5,0.866025,0,0,-0.587785,0.809017,1,6.12323e-17,0,0,-0.951057,-0.309017,-1,-1.83697e-16,0,0,-0.587785,-0.809017,1.22465e-16,-1,0,0,0.951057,0.309017,0.866025,0.5,0,0,0,1,0.866025,-0.5,0,0,0.587785,-0.809017,-0.866025,-0.5,1,5,3,8,1,7,0,6,2,5,1,4,1,2,3,3,3,10,1,10,2,6,2,2,0,8,0,10,2,3,0,4,1,2,3,6
20,8,58,8,11,3,2,0,8,5,58,18,0,0,0,0,0,0,0,0,0,2025,7,1,10,1,3,182,27,8,0,-0.587785,0.809017,0.5,-0.866025,9,8,-0.951057,-0.309017,-0.5,-0.866025,1,5,0.951057,0.309017,0.866025,0.5,6,1,0.587785,-0.809017,0,1,0,11,0.951057,-0.309017,-1,-1.83697e-16,2,4,-0.587785,-0.809017,-0.866025,-0.5,0,0,0.587785,0.809017,0.5,0.866025,3,5,-0.951057,0.309017,0.866025,0.5,0,0,1.22465e-16,-1,-1,-1.83697e-16,0,0,0.587785,0.809017,-0.5,0.866025,0,0,-0.587785,0.809017,1,6.12323e-17,0,0,-0.951057,-0.309017,-1,-1.83697e-16,0,0,-0.587785,-0.809017,1.22465e-16,-1,0,0,0.951057,0.309017,0.866025,0.5,0,0,0,1,0.866025,-0.5,0,0,0.587785,-0.809017,-0.866025,-0.5,1,9,3,8,1,7,0,1,2,5,1,4,1,9,3,3,3,10,1,11,2,6,2,2,0,0,0,10,2,3,0,0,1,2,3,6
21,2,22,2,10,3,2,0,8,3,23,18,0,0,0,0,0,0,0,0,0,2025,7,2,10,2,3,183,27,2,0,0.587785,0.809017,0.5,-0.866025,3,9,-0.951057,0.309017,-0.866025,-0.5,0,3,0.951057,-0.309017,1,6.12323e-17,5,1,-0.587785,-0.809017,0,1,0,11,0.951057,-0.309017,-1,-1.83697e-16,2,4,-0.587785,-0.809017,-0.866025,-0.5,0,0,0.587785,0.809017,0.5,0.866025,3,5,-0.951057,0.309017,0.866025,0.5,0,0,1.22465e-16,-1,-1,-1.83697e-16,0,0,0.587785,0.809017,-0.5,0.866025,0,0,-0.587785,0.809017,1,6.12323e-17,0,0,-0.951057,-0.309017,-1,-1.83697e-16,0,0,-0.587785,-0.809017,1.22465e-16,-1,0,0,0.951057,0.309017,0.866025,0.5,0,0,0,1,0.866025,-0.5,0,0,0.587785,-0.809017,-0.866025,-0.5,1,2,3,8,1,7,0,3,2,5,1,4,1,5,3,3,3,10,1,7,2,6,2,2,0,4,0,10,2,3,0,8,1,2,3,6
22,0,53,41,6,3,2,0,8,7,51,18,0,0,0,0,0,0,0,0,0,2025,7,3,10,3,3,184,27,0,0,0.951057,-0.309017,0.5,-0.866025,8,11,-0.587785,0.809017,-1,-1.83697e-16,6,10,0.587785,-0.809017,0.866025,-0.5,3,1,-0.951057,0.309017,0,1,0,11,0.951057,-0.309017,-1,-1.83697e-16,2,4,-0.587785,-0.809017,-0.866025,-0.5,0,0,0.587785,0.809017,0.5,0.866025,3,5,-0.951057,0.309017,0.866025,0.5,0,0,1.22465e-16,-1,-1,-1.83697e-16,0,0,0.587785,0.809017,-0.5,0.866025,0,0,-0.587785,0.809017,1,6.12323e-17,0,0,-0.951057,-0.309017,-1,-1.83697e-16,0,0,-0.587785,-0.809017,1.22465e-16,-1,0,0,0.951057,0.309017,0.866025,0.5,0,0,0,1,0.866025,-0.5,0,0,0.587785,-0.809017,-0.866025,-0.5,1,8,3,8,1,7,0,5,2,5,1,4,1,3,3,3,3,10,1,6,2,6,2,2,0,10,0,10,2,3,0,2,1,2,3,6
23,4,45,27,12,3,2,0,8,1,43,98,0,0,0,0,0,0,0,0,0,2025,7,4,10,4,3,185,27,4,0,1.22465e-16,-1,0.5,-0.866025,7,7,0,1,-0.866025,0.5,4,6,1.22465e-16,-1,0.5,-0.866025,7,1,0,1,0,1,0,11,0.951057,-0.309017,-1,-1.83697e-16,2,4,-0.587785,-0.809017,-0.866025,-0.5,0,0,0.587785,0.809017,0.5,0.866025,3,5,-0.951057,0.309017,0.866025,0.5,0,0,1.22465e-16,-1,-1,-1.83697e-16,0,0,0.587785,0.809017,-0.5,0.866025,0,0,-0.587785,0.809017,1,6.12323e-17,0,0,-0.951057,-0.309017,-1,-1.83697e-16,0,0,-0.587785,-0.809017,1.22465e-16,-1,0,0,0.951057,0.309017,0.866025,0.5,0,0,0,1,0.866025,-0.5,0,0,0.587785,-0.809017,-0.866025,-0.5,1,0,3,8,1,7,0,9,2,5,1,4,1,1,3,3,3,10,1,1,2,6,2,2,0,11,0,10,2,3,0,9,1,2,3,6
24,2,0,22,10,28,2,0,14,3,2,85,0,0,0,0,0,0,0,0,0,2025,7,7,10,0,3,188,28,2,0,0.587785,0.809017,0.5,-0.866025,0,0,0.951057,-0.309017,0.5,0.866025,3,9,-0.951057,0.309017,-0.866025,-0.5,5,1,-0.587785,-0.809017,0,1,8,8,-0.587785,0.809017,-0.5,-0.866025,2,4,-0.587785,-0.809017,-0.866025,-0.5,0,0,0.587785,0.809017,0.5,0.866025,6,4,0.587785,-0.809017,0,1,0,0,1.22465e-16,-1,-1,-1.83697e-16,0,0,0.587785,0.809017,-0.5,0.866025,0,0,-0.587785,0.809017,1,6.12323e-17,0,0,-0.951057,-0.309017,-1,-1.83697e-16,0,0,-0.587785,-0.809017,1.22465e-16,-1,0,0,0.951057,0.309017,0.866025,0.5,0,0,0,1,0.866025,-0.5,0,0,0.587785,-0.809017,-0.866025,-0.5,1,11,3,9,1,10,0,0,2,1,1,8,1,11,3,9,3,7,1,9,2,11,2,5,0,1,0,0,2,6,0,1,1,0,3,3
25,0,38,53,6,28,2,0,14,7,38,85,0,0,0,0,0,0,0,0,0,2025,7,8,10,1,3,189,28,0,0,0.951057,-0.309017,0.5,-0.866025,6,5,0.587785,-0.809017,0.866025,0.5,8,11,-0.587785,0.809017,-1,-1.83697e-16,3,1,-0.951057,0.309017,0,1,8,8,-0.587785,0.809017,-0.5,-0.866025,2,4,-0.587785,-0.809017,-0.866025,-0.5,0,0,0.587785,0.809017,0.5,0.866025,6,4,0.587785,-0.809017,0,1,0,0,1.22465e-16,-1,-1,-1.83697e-16,0,0,0.587785,0.809017,-0.5,0.866025,0,0,-0.587785,0.809017,1,6.12323e-17,0,0,-0.951057,-0.309017,-1,-1.83697e-16,0,0,-0.587785,-0.809017,1.22465e-16,-1,0,0,0.951057,0.309017,0.866025,0.5,0,0,0,1,0.866025,-0.5,0,0,0.587785,-0.809017,-0.866025,-0.5,1,7,3,9,1,10,0,4,2,1,1,8,1,10,3,9,3,7,1,2,2,11,2,5,0,3,0,0,2,6,0,6,1,0,3,3
26,4,26,45,12,28,2,0,14,1,29,85,0,0,0,0,0,0,0,0,0,2025,7,9,10,2,3,190,28,4,0,1.22465e-16,-1,0.5,-0.866025,4,3,1.22465e-16,-1,1,6.12323e-17,7,7,0,1,-0.866025,0.5,7,1,0,1,0,1,8,8,-0.587785,0.809017,-0.5,-0.866025,2,4,-0.587785,-0.809017,-0.866025,-0.5,0,0,0.587785,0.809017,0.5,0.866025,6,4,0.587785,-0.809017,0,1,0,0,1.22465e-16,-1,-1,-1.83697e-16,0,0,0.587785,0.809017,-0.5,0.866025,0,0,-0.587785,0.809017,1,6.12323e-17,0,0,-0.951057,-0.309017,-1,-1.83697e-16,0,0,-0.587785,-0.809017,1.22465e-16,-1,0,0,0.951057,0.309017,0.866025,0.5,0,0,0,1,0.866025,-0.5,0,0,0.587785,-0.809017,-0.866025,-0.5,1,6,3,9,1,10,0,10,2,1,1,8,1,4,3,9,3,7,1,8,2,11,2,5,0,5,0,0,2,6,0,7,1,0,3,3
27,9,35,13,2,28,2,0,14,6,33,64,0,0,0,0,0,0,0,0,0,2025,7,10,10,3,3,191,28,9,0,-0.951057,-0.309017,0.5,-0.866025,5,10,-0.587785,-0.809017,0.866025,-0.5,2,1,0.587785,0.809017,-0.5,0.866025,1,1,0.951057,0.309017,0,1,8,8,-0.587785,0.809017,-0.5,-0.866025,2,4,-0.587785,-0.809017,-0.866025,-0.5,0,0,0.587785,0.809017,0.5,0.866025,6,4,0.587785,-0.809017,0,1,0,0,1.22465e-16,-1,-1,-1.83697e-16,0,0,0.587785,0.809017,-0.5,0.866025,0,0,-0.587785,0.809017,1,6.12323e-17,0,0,-0.951057,-0.309017,-1,-1.83697e-16,0,0,-0.587785,-0.809017,1.22465e-16,-1,0,0,0.951057,0.309017,0.866025,0.5,0,0,0,1,0.866025,-0.5,0,0,0.587785,-0.809017,-0.866025,-0.5,1,1,3,9,1,10,0,11,2,1,1,8,1,0,3,9,3,7,1,0,2,11,2,5,0,9,0,0,2,6,0,11,1,0,3,3
28,8,57,7,11,28,2,0,14,5,54,64,0,0,0,0,0,0,0,0,0,2025,7,11,10,4,3,192,28,8,0,-0.587785,0.809017,0.5,-0.866025,9,6,-0.951057,-0.309017,0.5,-0.866025,1,4,0.951057,0.309017,0,1,6,1,0.587785,-0.809017,0,1,8,8,-0.587785,0.809017,-0.5,-0.866025,2,4,-0.587785,-0.809017,-0.866025,-0.5,0,0,0.587785,0.809017,0.5,0.866025,6,4,0.587785,-0.809017,0,1,0,0,1.22465e-16,-1,-1,-1.83697e-16,0,0,0.587785,0.809017,-0.5,0.866025,0,0,-0.587785,0.809017,1,6.12323e-17,0,0,-0.951057,-0.309017,-1,-1.83697e-16,0,0,-0.587785,-0.809017,1.22465e-16,-1,0,0,0.951057,0.309017,0.866025,0.5,0,0,0,1,0.866025,-0.5,0,0,0.587785,-0.809017,-0.866025,-0.5,1,3,3,9,1,10,0,7,2,1,1,8,1,8,3,9,3,7,1,4,2,11,2,5,0,2,0,0,2,6,0,10,1,0,3,3
29,4,46,26,12,28,2,0,14,1,47,44,0,0,0,0,0,0,0,0,0,2025,7,14,10,0,3,195,29,4,0,1.22465e-16,-1,0.5,-0.866025,7,9,0,1,-0.866025,-0.5,4,3,1.22465e-16,-1,1,6.12323e-17,7,1,0,1,0,1,8,8,-0.587785,0.809017,-0.5,-0.866025,2,4,-0.587785,-0.809017,-0.866025,-0.5,0,0,0.587785,0.809017,0.5,0.866025,6,4,0.587785,-0.809017,0,1,0,0,1.22465e-16,-1,-1,-1.83697e-16,0,0,0.587785,0.809017,-0.5,0.866025,0,0,-0.587785,0.809017,1,6.12323e-17,0,0,-0.951057,-0.309017,-1,-1.83697e-16,0,0,-0.587785,-0.809017,1.22465e-16,-1,0,0,0.951057,0.309017,0.866025,0.5,0,0,0,1,0.866025,-0.5,0,0,0.587785,-0.809017,-0.866025,-0.5,1,2,3,9,1,10,0,3,2,1,1,8,1,5,3,9,3,7,1,7,2,11,2,5,0,4,0,0,2,6,0,8,1,0,3,3
30,9,17,35,2,28,2,0,14,6,15,44,0,0,0,0,0,0,0,0,0,2025,7,15,10,1,3,196,29,9,0,-0.951057,-0.309017,0.5,-0.866025,2,11,0.587785,0.809017,-1,-1.83697e-16,5,10,-0.587785,-0.809017,0.866025,-0.5,1,1,0.951057,0.309017,0,1,8,8,-0.587785,0.809017,-0.5,-0.866025,2,4,-0.587785,-0.809017,-0.866025,-0.5,0,0,0.587785,0.809017,0.5,0.866025,6,4,0.587785,-0.809017,0,1,0,0,1.22465e-16,-1,-1,-1.83697e-16,0,0,0.587785,0.809017,-0.5,0.866025,0,0,-0.587785,0.809017,1,6.12323e-17,0,0,-0.951057,-0.309017,-1,-1.83697e-16,0,0,-0.587785,-0.809017,1.22465e-16,-1,0,0,0.951057,0.309017,0.866025,0.5,0,0,0,1,0.866025,-0.5,0,0,0.587785,-0.809017,-0.866025,-0.5,1,8,3,9,1,10,0,5,2,1,1,8,1,3,3,9,3,7,1,6,2,11,2,5,0,10,0,0,2,6,0,2,1,0,3,3
31,8,9,57,11,28,2,0,14,5,7,44,0,0,0,0,0,0,0,0,0,2025,7,16,10,2,3,197,29,8,0,-0.587785,0.809017,0.5,-0.866025,1,7,0.951057,0.309017,-0.866025,0.5,9,6,-0.951057,-0.309017,0.5,-0.866025,6,1,0.587785,-0.809017,0,1,8,8,-0.587785,0.809017,-0.5,-0.866025,2,4,-0.587785,-0.809017,-0.866025,-0.5,0,0,0.587785,0.809017,0.5,0.866025,6,4,0.587785,-0.809017,0,1,0,0,1.22465e-16,-1,-1,-1.83697e-16,0,0,0.587785,0.809017,-0.5,0.866025,0,0,-0.587785,0.809017,1,6.12323e-17,0,0,-0.951057,-0.309017,-1,-1.83697e-16,0,0,-0.587785,-0.809017,1.22465e-16,-1,0,0,0.951057,0.309017,0.866025,0.5,0,0,0,1,0.866025,-0.5,0,0,0.587785,-0.809017,-0.866025,-0.5,1,0,3,9,1,10,0,9,2,1,1,8,1,1,3,9,3,7,1,1,2,11,2,5,0,11,0,0,2,6,0,9,1,0,3,3
32,2,1,18,10,28,2,0,14,3,1,75,0,0,0,0,0,0,0,0,0,2025,7,17,10,3,3,198,29,2,0,0.587785,0.809017,0.5,-0.866025,0,1,0.951057,-0.309017,-0.5,0.866025,3,2,-0.951057,0.309017,1.22465e-16,-1,5,1,-0.587785,-0.809017,0,1,8,8,-0.587785,0.809017,-0.5,-0.866025,2,4,-0.587785,-0.809017,-0.866025,-0.5,0,0,0.587785,0.809017,0.5,0.866025,6,4,0.587785,-0.809017,0,1,0,0,1.22465e-16,-1,-1,-1.83697e-16,0,0,0.587785,0.809017,-0.5,0.866025,0,0,-0.587785,0.809017,1,6.12323e-17,0,0,-0.951057,-0.309017,-1,-1.83697e-16,0,0,-0.587785,-0.809017,1.22465e-16,-1,0,0,0.951057,0.309017,0.866025,0.5,0,0,0,1,0.866025,-0.5,0,0,0.587785,-0.809017,-0.866025,-0.5,1,4,3,9,1,10,0,2,2,1,1,8,1,6,3,9,3,7,1,3,2,11,2,5,0,7,0,0,2,6,0,5,1,0,3,3
33,0,37,52,6,28,2,0,14,7,36,75,0,0,0,0,0,0,0,0,0,2025,7,18,10,4,3,199,29,0,0,0.951057,-0.309017,0.5,-0.866025,6,4,0.587785,-0.809017,0,1,8,8,-0.587785,0.809017,-0.5,-0.866025,3,1,-0.951057,0.309017,0,1,8,8,-0.587785,0.809017,-0.5,-0.866025,2,4,-0.587785,-0.809017,-0.866025,-0.5,0,0,0.587785,0.809017,0.5,0.866025,6,4,0.587785,-0.809017,0,1,0,0,1.22465e-16,-1,-1,-1.83697e-16,0,0,0.587785,0.809017,-0.5,0.866025,0,0,-0.587785,0.809017,1,6.12323e-17,0,0,-0.951057,-0.309017,-1,-1.83697e-16,0,0,-0.587785,-0.809017,1.22465e-16,-1,0,0,0.951057,0.309017,0.866025,0.5,0,0,0,1,0.866025,-0.5,0,0,0.587785,-0.809017,-0.866025,-0.5,1,10,3,9,1,10,0,8,2,1,1,8,1,7,3,9,3,7,1,5,2,11,2,5,0,6,0,0,2,6,0,3,1,0,3,3
34,8,56,9,11,28,2,0,14,5,59,25,0,0,0,0,0,0,0,0,0,2025,7,21,10,0,3,202,30,8,0,-0.587785,0.809017,0.5,-0.866025,9,3,-0.951057,-0.309017,1,6.12323e-17,1,7,0.951057,0.309017,-0.866025,0.5,6,1,0.587785,-0.809017,0,1,8,8,-0.587785,0.809017,-0.5,-0.866025,2,4,-0.587785,-0.809017,-0.866025,-0.5,0,0,0.587785,0.809017,0.5,0.866025,6,4,0.587785,-0.809017,0,1,0,0,1.22465e-16,-1,-1,-1.83697e-16,0,0,0.587785,0.809017,-0.5,0.866025,0,0,-0.587785,0.809017,1,6.12323e-17,0,0,-0.951057,-0.309017,-1,-1.83697e-16,0,0,-0.587785,-0.809017,1.22465e-16,-1,0,0,0.951057,0.309017,0.866025,0.5,0,0,0,1,0.866025,-0.5,0,0,0.587785,-0.809017,-0.866025,-0.5,1,6,3,9,1,10,0,10,2,1,1,8,1,4,3,9,3,7,1,8,2,11,2,5,0,5,0,0,2,6,0,7,1,0,3,3
35,2,23,1,10,28,2,0,14,3,21,25,0,0,0,0,0,0,0,0,0,2025,7,22,10,1,3,203,30,2,0,0.587785,0.809017,0.5,-0.866025,3,10,-0.951057,0.309017,0.866025,-0.5,0,1,0.951057,-0.309017,-0.5,0.866025,5,1,-0.587785,-0.809017,0,1,8,8,-0.587785,0.809017,-0.5,-0.866025,2,4,-0.587785,-0.809017,-0.866025,-0.5,0,0,0.587785,0.809017,0.5,0.866025,6,4,0.587785,-0.809017,0,1,0,0,1.22465e-16,-1,-1,-1.83697e-16,0,0,0.587785,0.809017,-0.5,0.866025,0,0,-0.587785,0.809017,1,6.12323e-17,0,0,-0.951057,-0.309017,-1,-1.83697e-16,0,0,-0.587785,-0.809017,1.22465e-16,-1,0,0,0.951057,0.309017,0.866025,0.5,0,0,0,1,0.866025,-0.5,0,0,0.587785,-0.809017,-0.866025,-0.5,1,1,3,9,1,10,0,11,2,1,1,8,1,0,3,9,3,7,1,0,2,11,2,5,0,9,0,0,2,6,0,11,1,0,3,3
36,0,51,37,6,22,2,0,19,7,48,53,0,0,0,0,0,0,0,0,0,2025,7,23,10,2,3,204,30,0,0,0.951057,-0.309017,0.5,-0.866025,8,6,-0.587785,0.809017,0.5,-0.866025,6,4,0.587785,-0.809017,0,1,3,1,-0.951057,0.309017,0,1,6,7,0.587785,-0.809017,-0.866025,0.5,2,4,-0.587785,-0.809017,-0.866025,-0.5,0,0,0.587785,0.809017,0.5,0.866025,8,3,-0.587785,0.809017,1,6.12323e-17,0,0,1.22465e-16,-1,-1,-1.83697e-16,0,0,0.587785,0.809017,-0.5,0.866025,0,0,-0.587785,0.809017,1,6.12323e-17,0,0,-0.951057,-0.309017,-1,-1.83697e-16,0,0,-0.587785,-0.809017,1.22465e-16,-1,0,0,0.951057,0.309017,0.866025,0.5,0,0,0,1,0.866025,-0.5,0,0,0.587785,-0.809017,-0.866025,-0.5,1,3,3,0,1,6,0,7,2,9,1,10,1,8,3,1,3,4,1,4,2,1,2,8,0,2,0,11,2,5,0,10,1,9,3,7
37,4,42,24,12,22,2,0,19,1,46,53,0,0,0,0,0,0,0,0,0,2025,7,24,10,3,3,205,30,4,0,1.22465e-16,-1,0.5,-0.866025,7,2,0,1,1.22465e-16,-1,4,0,1.22465e-16,-1,0.5,0.866025,7,1,0,1,0,1,6,7,0.587785,-0.809017,-0.866025,0.5,2,4,-0.587785,-0.809017,-0.866025,-0.5,0,0,0.587785,0.809017,0.5,0.866025,8,3,-0.587785,0.809017,1,6.12323e-17,0,0,1.22465e-16,-1,-1,-1.83697e-16,0,0,0.587785,0.809017,-0.5,0.866025,0,0,-0.587785,0.809017,1,6.12323e-17,0,0,-0.951057,-0.309017,-1,-1.83697e-16,0,0,-0.587785,-0.809017,1.22465e-16,-1,0,0,0.951057,0.309017,0.866025,0.5,0,0,0,1,0.866025,-0.5,0,0,0.587785,-0.809017,-0.866025,-0.5,1,5,3,0,1,6,0,6,2,9,1,10,1,2,3,1,3,4,1,10,2,1,2,8,0,8,0,11,2,5,0,4,1,9,3,7
38,9,16,32,2,22,2,0,19,6,16,53,0,0,0,0,0,0,0,0,0,2025,7,25,10,4,3,206,30,9,0,-0.951057,-0.309017,0.5,-0.866025,2,8,0.587785,0.809017,-0.5,-0.866025,5,5,-0.587785,-0.809017,0.866025,0.5,1,1,0.951057,0.309017,0,1,6,7,0.587785,-0.809017,-0.866025,0.5,2,4,-0.587785,-0.809017,-0.866025,-0.5,0,0,0.587785,0.809017,0.5,0.866025,8,3,-0.587785,0.809017,1,6.12323e-17,0,0,1.22465e-16,-1,-1,-1.83697e-16,0,0,0.587785,0.809017,-0.5,0.866025,0,0,-0.587785,0.809017,1,6.12323e-17,0,0,-0.951057,-0.309017,-1,-1.83697e-16,0,0,-0.587785,-0.809017,1.22465e-16,-1,0,0,0.951057,0.309017,0.866025,0.5,0,0,0,1,0.866025,-0.5,0,0,0.587785,-0.809017,-0.866025,-0.5,1,9,3,0,1,6,0,1,2,9,1,10,1,9,3,1,3,4,1,11,2,1,2,8,0,0,0,11,2,5,0,0,1,9,3,7
39,0,39,51,6,22,2,0,19,7,37,96,0,0,0,0,0,0,0,0,0,2025,7,28,10,0,3,209,31,0,0,0.951057,-0.309017,0.5,-0.866025,6,7,0.587785,-0.809017,-0.866025,0.5,8,6,-0.587785,0.809017,0.5,-0.866025,3,1,-0.951057,0.309017,0,1,6,7,0.587785,-0.809017,-0.866025,0.5,2,4,-0.587785,-0.809017,-0.866025,-0.5,0,0,0.587785,0.809017,0.5,0.866025,8,3,-0.587785,0.809017,1,6.12323e-17,0,0,1.22465e-16,-1,-1,-1.83697e-16,0,0,0.587785,0.809017,-0.5,0.866025,0,0,-0.587785,0.809017,1,6.12323e-17,0,0,-0.951057,-0.309017,-1,-1.83697e-16,0,0,-0.587785,-0.809017,1.22465e-16,-1,0,0,0.951057,0.309017,0.866025,0.5,0,0,0,1,0.866025,-0.5,0,0,0.587785,-0.809017,-0.866025,-0.5,1,0,3,0,1,6,0,9,2,9,1,10,1,1,3,1,3,4,1,1,2,1,2,8,0,11,0,11,2,5,0,9,1,9,3,7
40,4,25,42,12,22,2,0,19,1,25,15,0,0,0,0,0,0,0,0,0,2025,7,29,10,1,3,210,31,4,0,1.22465e-16,-1,0.5,-0.866025,4,1,1.22465e-16,-1,-0.5,0.866025,7,2,0,1,1.22465e-16,-1,7,1,0,1,0,1,6,7,0.587785,-0.809017,-0.866025,0.5,2,4,-0.587785,-0.809017,-0.866025,-0.5,0,0,0.587785,0.809017,0.5,0.866025,8,3,-0.587785,0.809017,1,6.12323e-17,0,0,1.22465e-16,-1,-1,-1.83697e-16,0,0,0.587785,0.809017,-0.5,0.866025,0,0,-0.587785,0.809017,1,6.12323e-17,0,0,-0.951057,-0.309017,-1,-1.83697e-16,0,0,-0.587785,-0.809017,1.22465e-16,-1,0,0,0.951057,0.309017,0.866025,0.5,0,0,0,1,0.866025,-0.5,0,0,0.587785,-0.809017,-0.866025,-0.5,1,4,3,0,1,6,0,2,2,9,1,10,1,6,3,1,3,4,1,3,2,1,2,8,0,7,0,11,2,5,0,5,1,9,3,7
41,9,31,16,2,22,2,0,19,6,30,15,0,0,0,0,0,0,0,0,0,2025,7,30,10,2,3,211,31,9,0,-0.951057,-0.309017,0.5,-0.866025,5,4,-0.587785,-0.809017,0,1,2,8,0.587785,0.809017,-0.5,-0.866025,1,1,0.951057,0.309017,0,1,6,7,0.587785,-0.809017,-0.866025,0.5,2,4,-0.587785,-0.809017,-0.866025,-0.5,0,0,0.587785,0.809017,0.5,0.866025,8,3,-0.587785,0.809017,1,6.12323e-17,0,0,1.22465e-16,-1,-1,-1.83697e-16,0,0,0.587785,0.809017,-0.5,0.866025,0,0,-0.587785,0.809017,1,6.12323e-17,0,0,-0.951057,-0.309017,-1,-1.83697e-16,0,0,-0.587785,-0.809017,1.22465e-16,-1,0,0,0.951057,0.309017,0.866025,0.5,0,0,0,1,0.866025,-0.5,0,0,0.587785,-0.809017,-0.866025,-0.5,1,10,3,0,1,6,0,8,2,9,1,10,1,7,3,1,3,4,1,5,2,1,2,8,0,6,0,11,2,5,0,3,1,9,3,7
42,8,54,10,11,22,2,0,19,5,56,15,0,0,0,0,0,0,0,0,0,2025,7,31,10,3,3,212,31,8,0,-0.587785,0.809017,0.5,-0.866025,9,0,-0.951057,-0.309017,0.5,0.866025,1,9,0.951057,0.309017,-0.866025,-0.5,6,1,0.587785,-0.809017,0,1,6,7,0.587785,-0.809017,-0.866025,0.5,2,4,-0.587785,-0.809017,-0.866025,-0.5,0,0,0.587785,0.809017,0.5,0.866025,8,3,-0.587785,0.809017,1,6.12323e-17,0,0,1.22465e-16,-1,-1,-1.83697e-16,0,0,0.587785,0.809017,-0.5,0.866025,0,0,-0.587785,0.809017,1,6.12323e-17,0,0,-0.951057,-0.309017,-1,-1.83697e-16,0,0,-0.587785,-0.809017,1.22465e-16,-1,0,0,0.951057,0.309017,0.866025,0.5,0,0,0,1,0.866025,-0.5,0,0,0.587785,-0.809017,-0.866025,-0.5,1,11,3,0,1,6,0,0,2,9,1,10,1,11,3,1,3,4,1,9,2,1,2,8,0,1,0,11,2,5,0,1,1,9,3,7
43,2,20,5,10,22,2,0,19,3,20,6,0,0,0,0,0,0,0,0,0,2025,8,1,10,4,3,213,31,2,0,0.587785,0.809017,0.5,-0.866025,3,5,-0.951057,0.309017,0.866025,0.5,0,11,0.951057,-0.309017,-1,-1.83697e-16,5,1,-0.587785,-0.809017,0,1,6,7,0.587785,-0.809017,-0.866025,0.5,2,4,-0.587785,-0.809017,-0.866025,-0.5,0,0,0.587785,0.809017,0.5,0.866025,8,3,-0.587785,0.809017,1,6.12323e-17,0,0,1.22465e-16,-1,-1,-1.83697e-16,0,0,0.587785,0.809017,-0.5,0.866025,0,0,-0.587785,0.809017,1,6.12323e-17,0,0,-0.951057,-0.309017,-1,-1.83697e-16,0,0,-0.587785,-0.809017,1.22465e-16,-1,0,0,0.951057,0.309017,0.866025,0.5,0,0,0,1,0.866025,-0.5,0,0,0.587785,-0.809017,-0.866025,-0.5,1,7,3,0,1,6,0,4,2,9,1,10,1,10,3,1,3,4,1,2,2,1,2,8,0,3,0,11,2,5,0,6,1,9,3,7
44,9,15,31,2,22,2,0,19,6,12,6,0,0,0,0,0,0,0,0,0,2025,8,4,10,0,3,216,32,9,0,-0.951057,-0.309017,0.5,-0.866025,2,6,0.587785,0.809017,0.5,-0.866025,5,4,-0.587785,-0.809017,0,1,1,1,0.951057,0.309017,0,1,6,7,0.587785,-0.809017,-0.866025,0.5,2,4,-0.587785,-0.809017,-0.866025,-0.5,0,0,0.587785,0.809017,0.5,0.866025,8,3,-0.587785,0.809017,1,6.12323e-17,0,0,1.22465e-16,-1,-1,-1.83697e-16,0,0,0.587785,0.809017,-0.5,0.866025,0,0,-0.587785,0.809017,1,6.12323e-17,0,0,-0.951057,-0.309017,-1,-1.83697e-16,0,0,-0.587785,-0.809017,1.22465e-16,-1,0,0,0.951057,0.309017,0.866025,0.5,0,0,0,1,0.866025,-0.5,0,0,0.587785,-0.809017,-0.866025,-0.5,1,3,3,0,1,6,0,7,2,9,1,10,1,8,3,1,3,4,1,4,2,1,2,8,0,2,0,11,2,5,0,10,1,9,3,7
45,8,6,54,11,22,2,0,19,5,10,34,0,0,0,0,0,0,0,0,0,2025,8,5,10,1,3,217,32,8,0,-0.587785,0.809017,0.5,-0.866025,1,2,0.951057,0.309017,1.22465e-16,-1,9,0,-0.951057,-0.309017,0.5,0.866025,6,1,0.587785,-0.809017,0,1,6,7,0.587785,-0.809017,-0.866025,0.5,2,4,-0.587785,-0.809017,-0.866025,-0.5,0,0,0.587785,0.809017,0.5,0.866025,8,3,-0.587785,0.809017,1,6.12323e-17,0,0,1.22465e-16,-1,-1,-1.83697e-16,0,0,0.587785,0.809017,-0.5,0.866025,0,0,-0.587785,0.809017,1,6.12323e-17,0,0,-0.951057,-0.309017,-1,-1.83697e-16,0,0,-0.587785,-0.809017,1.22465e-16,-1,0,0,0.951057,0.309017,0.866025,0.5,0,0,0,1,0.866025,-0.5,0,0,0.587785,-0.809017,-0.866025,-0.5,1,5,3,0,1,6,0,6,2,9,1,10,1,2,3,1,3,4,1,10,2,1,2,8,0,8,0,11,2,5,0,4,1,9,3,7
46,2,4,20,10,22,2,0,19,3,4,34,0,0,0,0,0,0,0,0,0,2025,8,6,10,2,3,218,32,2,0,0.587785,0.809017,0.5,-0.866025,0,8,0.951057,-0.309017,-0.5,-0.866025,3,5,-0.951057,0.309017,0.866025,0.5,5,1,-0.587785,-0.809017,0,1,6,7,0.587785,-0.809017,-0.866025,0.5,2,4,-0.587785,-0.809017,-0.866025,-0.5,0,0,0.587785,0.809017,0.5,0.866025,8,3,-0.587785,0.809017,1,6.12323e-17,0,0,1.22465e-16,-1,-1,-1.83697e-16,0,0,0.587785,0.809017,-0.5,0.866025,0,0,-0.587785,0.809017,1,6.12323e-17,0,0,-0.951057,-0.309017,-1,-1.83697e-16,0,0,-0.587785,-0.809017,1.22465e-16,-1,0,0,0.951057,0.309017,0.866025,0.5,0,0,0,1,0.866025,-0.5,0,0,0.587785,-0.809017,-0.866025,-0.5,1,9,3,0,1,6,0,1,2,9,1,10,1,9,3,1,3,4,1,11,2,1,2,8,0,0,0,11,2,5,0,0,1,9,3,7
47,0,40,50,6,22,2,0,19,7,41,34,0,0,0,0,0,0,0,0,0,2025,8,7,10,3,3,219,32,0,0,0.951057,-0.309017,0.5,-0.866025,6,9,0.587785,-0.809017,-0.866025,-0.5,8,3,-0.587785,0.809017,1,6.12323e-17,3,1,-0.951057,0.309017,0,1,6,7,0.587785,-0.809017,-0.866025,0.5,2,4,-0.587785,-0.809017,-0.866025,-0.5,0,0,0.587785,0.809017,0.5,0.866025,8,3,-0.587785,0.809017,1,6.12323e-17,0,0,1.22465e-16,-1,-1,-1.83697e-16,0,0,0.587785,0.809017,-0.5,0.866025,0,0,-0.587785,0.809017,1,6.12323e-17,0,0,-0.951057,-0.309017,-1,-1.83697e-16,0,0,-0.587785,-0.809017,1.22465e-16,-1,0,0,0.951057,0.309017,0.866025,0.5,0,0,0,1,0.866025,-0.5,0,0,0.587785,-0.809017,-0.866025,-0.5,1,2,3,0,1,6,0,3,2,9,1,10,1,5,3,1,3,4,1,7,2,1,2,8,0,4,0,11,2,5,0,8,1,9,3,7
48,4,29,47,12,26,2,0,10,1,27,76,0,0,0,0,0,0,0,0,0,2025,8,8,10,4,3,220,32,4,0,1.22465e-16,-1,0.5,-0.866025,4,11,1.22465e-16,-1,-1,-1.83697e-16,7,10,0,1,0.866025,-0.5,7,1,0,1,0,1,7,9,0,1,-0.866025,-0.5,2,4,-0.587785,-0.809017,-0.866025,-0.5,0,0,0.587785,0.809017,0.5,0.866025,4,0,1.22465e-16,-1,0.5,0.866025,0,0,1.22465e-16,-1,-1,-1.83697e-16,0,0,0.587785,0.809017,-0.5,0.866025,0,0,-0.587785,0.809017,1,6.12323e-17,0,0,-0.951057,-0.309017,-1,-1.83697e-16,0,0,-0.587785,-0.809017,1.22465e-16,-1,0,0,0.951057,0.309017,0.866025,0.5,0,0,0,1,0.866025,-0.5,0,0,0.587785,-0.809017,-0.866025,-0.5,1,8,3,2,1,11,0,5,2,3,1,0,1,3,3,5,3,11,1,6,2,7,2,9,0,10,0,4,2,1,0,2,1,8,3,1
49,2,19,4,10,26,2,0,10,3,18,45,0,0,0,0,0,0,0,0,0,2025,8,11,10,0,3,223,33,2,0,0.587785,0.809017,0.5,-0.866025,3,4,-0.951057,0.309017,0,1,0,8,0.951057,-0.309017,-0.5,-0.866025,5,1,-0.587785,-0.809017,0,1,7,9,0,1,-0.866025,-0.5,2,4,-0.587785,-0.809017,-0.866025,-0.5,0,0,0.587785,0.809017,0.5,0.866025,4,0,1.22465e-16,-1,0.5,0.866025,0,0,1.22465e-16,-1,-1,-1.83697e-16,0,0,0.587785,0.809017,-0.5,0.866025,0,0,-0.587785,0.809017,1,6.12323e-17,0,0,-0.951057,-0.309017,-1,-1.83697e-16,0,0,-0.587785,-0.809017,1.22465e-16,-1,0,0,0.951057,0.309017,0.866025,0.5,0,0,0,1,0.866025,-0.5,0,0,0.587785,-0.809017,-0.866025,-0.5,1,10,3,2,1,11,0,8,2,3,1,0,1,7,3,5,3,11,1,5,2,7,2,9,0,6,0,4,2,1,0,3,1,8,3,1
50,0,48,40,6,26,2,0,10,7,50,45,0,0,0,0,0,0,0,0,0,2025,8,12,10,1,3,224,33,0,0,0.951057,-0.309017,0.5,-0.866025,8,0,-0.587785,0.809017,0.5,0.866025,6,9,0.587785,-0.809017,-0.866025,-0.5,3,1,-0.951057,0.309017,0,1,7,9,0,1,-0.866025,-0.5,2,4,-0.587785,-0.809017,-0.866025,-0.5,0,0,0.587785,0.809017,0.5,0.866025,4,0,1.22465e-16,-1,0.5,0.866025,0,0,1.22465e-16,-1,-1,-1.83697e-16,0,0,0.587785,0.809017,-0.5,0.866025,0,0,-0.587785,0.809017,1,6.12323e-17,0,0,-0.951057,-0.309017,-1,-1.83697e-16,0,0,-0.587785,-0.809017,1.22465e-16,-1,0,0,0.951057,0.309017,0.866025,0.5,0,0,0,1,0.866025,-0.5,0,0,0.587785,-0.809017,-0.866025,-0.5,1,11,3,2,1,11,0,0,2,3,1,0,1,11,3,5,3,11,1,9,2,7,2,9,0,1,0,4,2,1,0,1,1,8,3,1
51,4,44,29,12,26,2,0,10,1,44,45,0,0,0,0,0,0,0,0,0,2025,8,13,10,2,3,225,33,4,0,1.22465e-16,-1,0.5,-0.866025,7,5,0,1,0.866025,0.5,4,11,1.22465e-16,-1,-1,-1.83697e-16,7,1,0,1,0,1,7,9,0,1,-0.866025,-0.5,2,4,-0.587785,-0.809017,-0.866025,-0.5,0,0,0.587785,0.809017,0.5,0.866025,4,0,1.22465e-16,-1,0.5,0.866025,0,0,1.22465e-16,-1,-1,-1.83697e-16,0,0,0.587785,0.809017,-0.5,0.866025,0,0,-0.587785,0.809017,1,6.12323e-17,0,0,-0.951057,-0.309017,-1,-1.83697e-16,0,0,-0.587785,-0.809017,1.22465e-16,-1,0,0,0.951057,0.309017,0.866025,0.5,0,0,0,1,0.866025,-0.5,0,0,0.587785,-0.809017,-0.866025,-0.5,1,7,3,2,1,11,0,4,2,3,1,0,1,10,3,5,3,11,1,2,2,7,2,9,0,3,0,4,2,1,0,6,1,8,3,1
52,9,14,33,2,26,2,0,10,6,17,54,0,0,0,0,0,0,0,0,0,2025,8,14,10,3,3,226,33,9,0,-0.951057,-0.309017,0.5,-0.866025,2,3,0.587785,0.809017,1,6.12323e-17,5,7,-0.587785,-0.809017,-0.866025,0.5,1,1,0.951057,0.309017,0,1,7,9,0,1,-0.866025,-0.5,2,4,-0.587785,-0.809017,-0.866025,-0.5,0,0,0.587785,0.809017,0.5,0.866025,4,0,1.22465e-16,-1,0.5,0.866025,0,0,1.22465e-16,-1,-1,-1.83697e-16,0,0,0.587785,0.809017,-0.5,0.866025,0,0,-0.587785,0.809017,1,6.12323e-17,0,0,-0.951057,-0.309017,-1,-1.83697e-16,0,0,-0.587785,-0.809017,1.22465e-16,-1,0,0,0.951057,0.309017,0.866025,0.5,0,0,0,1,0.866025,-0.5,0,0,0.587785,-0.809017,-0.866025,-0.5,1,6,3,2,1,11,0,10,2,3,1,0,1,4,3,5,3,11,1,8,2,7,2,9,0,5,0,4,2,1,0,7,1,8,3,1
53,8,11,55,11,26,2,0,10,5,9,54,0,0,0,0,0,0,0,0,0,2025,8,15,10,4,3,227,33,8,0,-0.587785,0.809017,0.5,-0.866025,1,10,0.951057,0.309017,0.866025,-0.5,9,1,-0.951057,-0.309017,-0.5,0.866025,6,1,0.587785,-0.809017,0,1,7,9,0,1,-0.866025,-0.5,2,4,-0.587785,-0.809017,-0.866025,-0.5,0,0,0.587785,0.809017,0.5,0.866025,4,0,1.22465e-16,-1,0.5,0.866025,0,0,1.22465e-16,-1,-1,-1.83697e-16,0,0,0.587785,0.809017,-0.5,0.866025,0,0,-0.587785,0.809017,1,6.12323e-17,0,0,-0.951057,-0.309017,-1,-1.83697e-16,0,0,-0.587785,-0.809017,1.22465e-16,-1,0,0,0.951057,0.309017,0.866025,0.5,0,0,0,1,0.866025,-0.5,0,0,0.587785,-0.809017,-0.866025,-0.5,1,1,3,2,1,11,0,11,2,3,1,0,1,0,3,5,3,11,1,0,2,7,2,9,0,9,0,4,2,1,0,11,1,8,3,1
54,4,28,44,12,26,2,0,10,1,28,26,0,0,0,0,0,0,0,0,0,2025,8,18,10,0,3,230,34,4,0,1.22465e-16,-1,0.5,-0.866025,4,8,1.22465e-16,-1,-0.5,-0.866025,7,5,0,1,0.866025,0.5,7,1,0,1,0,1,7,9,0,1,-0.866025,-0.5,2,4,-0.587785,-0.809017,-0.866025,-0.5,0,0,0.587785,0.809017,0.5,0.866025,4,0,1.22465e-16,-1,0.5,0.866025,0,0,1.22465e-16,-1,-1,-1.83697e-16,0,0,0.587785,0.809017,-0.5,0.866025,0,0,-0.587785,0.809017,1,6.12323e-17,0,0,-0.951057,-0.309017,-1,-1.83697e-16,0,0,-0.587785,-0.809017,1.22465e-16,-1,0,0,0.951057,0.309017,0.866025,0.5,0,0,0,1,0.866025,-0.5,0,0,0.587785,-0.809017,-0.866025,-0.5,1,9,3,2,1,11,0,1,2,3,1,0,1,9,3,5,3,11,1,11,2,7,2,9,0,0,0,4,2,1,0,0,1,8,3,1
55,9,34,14,2,26,2,0,10,6,35,26,0,0,0,0,0,0,0,0,0,2025,8,19,10,1,3,231,34,9,0,-0.951057,-0.309017,0.5,-0.866025,5,9,-0.587785,-0.809017,-0.866025,-0.5,2,3,0.587785,0.809017,1,6.12323e-17,1,1,0.951057,0.309017,0,1,7,9,0,1,-0.866025,-0.5,2,4,-0.587785,-0.809017,-0.866025,-0.5,0,0,0.587785,0.809017,0.5,0.866025,4,0,1.22465e-16,-1,0.5,0.866025,0,0,1.22465e-16,-1,-1,-1.83697e-16,0,0,0.587785,0.809017,-0.5,0.866025,0,0,-0.587785,0.809017,1,6.12323e-17,0,0,-0.951057,-0.309017,-1,-1.83697e-16,0,0,-0.587785,-0.809017,1.22465e-16,-1,0,0,0.951057,0.309017,0.866025,0.5,0,0,0,1,0.866025,-0.5,0,0,0.587785,-0.809017,-0.866025,-0.5,1,2,3,2,1,11,0,3,2,3,1,0,1,5,3,5,3,11,1,7,2,7,2,9,0,4,0,4,2,1,0,8,1,8,3,1
56,8,59,11,11,26,2,0,10,5,57,17,0,0,0,0,0,0,0,0,0,2025,8,20,10,2,3,232,34,8,0,-0.587785,0.809017,0.5,-0.866025,9,11,-0.951057,-0.309017,-1,-1.83697e-16,1,10,0.951057,0.309017,0.866025,-0.5,6,1,0.587785,-0.809017,0,1,7,9,0,1,-0.866025,-0.5,2,4,-0.587785,-0.809017,-0.866025,-0.5,0,0,0.587785,0.809017,0.5,0.866025,4,0,1.22465e-16,-1,0.5,0.866025,0,0,1.22465e-16,-1,-1,-1.83697e-16,0,0,0.587785,0.809017,-0.5,0.866025,0,0,-0.587785,0.809017,1,6.12323e-17,0,0,-0.951057,-0.309017,-1,-1.83697e-16,0,0,-0.587785,-0.809017,1.22465e-16,-1,0,0,0.951057,0.309017,0.866025,0.5,0,0,0,1,0.866025,-0.5,0,0,0.587785,-0.809017,-0.866025,-0.5,1,8,3,2,1,11,0,5,2,3,1,0,1,3,3,5,3,11,1,6,2,7,2,9,0,10,0,4,2,1,0,2,1,8,3,1
57,2,21,3,10,26,2,0,10,3,19,17,0,0,0,0,0,0,0,0,0,2025,8,21,10,3,3,233,34,2,0,0.587785,0.809017,0.5,-0.866025,3,7,-0.951057,0.309017,-0.866025,0.5,0,6,0.951057,-0.309017,0.5,-0.866025,5,1,-0.587785,-0.809017,0,1,7,9,0,1,-0.866025,-0.5,2,4,-0.587785,-0.809017,-0.866025,-0.5,0,0,0.587785,0.809017,0.5,0.866025,4,0,1.22465e-16,-1,0.5,0.866025,0,0,1.22465e-16,-1,-1,-1.83697e-16,0,0,0.587785,0.809017,-0.5,0.866025,0,0,-0.587785,0.809017,1,6.12323e-17,0,0,-0.951057,-0.309017,-1,-1.83697e-16,0,0,-0.587785,-0.809017,1.22465e-16,-1,0,0,0.951057,0.309017,0.866025,0.5,0,0,0,1,0.866025,-0.5,0,0,0.587785,-0.809017,-0.866025,-0.5,1,0,3,2,1,11,0,9,2,3,1,0,1,1,3,5,3,11,1,1,2,7,2,9,0,11,0,4,2,1,0,9,1,8,3,1
58,0,49,36,6,26,2,0,10,7,49,17,0,0,0,0,0,0,0,0,0,2025,8,22,10,4,3,234,34,0,0,0.951057,-0.309017,0.5,-0.866025,8,1,-0.587785,0.809017,-0.5,0.866025,6,2,0.587785,-0.809017,1.22465e-16,-1,3,1,-0.951057,0.309017,0,1,7,9,0,1,-0.866025,-0.5,2,4,-0.587785,-0.809017,-0.866025,-0.5,0,0,0.587785,0.809017,0.5,0.866025,4,0,1.22465e-16,-1,0.5,0.866025,0,0,1.22465e-16,-1,-1,-1.83697e-16,0,0,0.587785,0.809017,-0.5,0.866025,0,0,-0.587785,0.809017,1,6.12323e-17,0,0,-0.951057,-0.309017,-1,-1.83697e-16,0,0,-0.587785,-0.809017,1.22465e-16,-1,0,0,0.951057,0.309017,0.866025,0.5,0,0,0,1,0.866025,-0.5,0,0,0.587785,-0.809017,-0.866025,-0.5,1,4,3,2,1,11,0,2,2,3,1,0,1,6,3,5,3,11,1,3,2,7,2,9,0,7,0,4,2,1,0,5,1,8,3,1
59,8,8,59,11,14,2,0,18,5,8,90,4,0,0,0,0,0,0,0,0,2025,8,25,10,0,3,237,35,8,0,-0.587785,0.809017,0.5,-0.866025,1,5,0.951057,0.309017,0.866025,0.5,9,11,-0.951057,-0.309017,-1,-1.83697e-16,6,1,0.587785,-0.809017,0,1,4,1,1.22465e-16,-1,-0.5,0.866025,2,4,-0.587785,-0.809017,-0.866025,-0.5,0,0,0.587785,0.809017,0.5,0.866025,7,10,0,1,0.866025,-0.5,0,0,1.22465e-16,-1,-1,-1.83697e-16,0,0,0.587785,0.809017,-0.5,0.866025,0,0,-0.587785,0.809017,1,6.12323e-17,0,0,-0.951057,-0.309017,-1,-1.83697e-16,0,0,-0.587785,-0.809017,1.22465e-16,-1,0,0,0.951057,0.309017,0.866025,0.5,0,0,0,1,0.866025,-0.5,0,0,0.587785,-0.809017,-0.866025,-0.5,1,7,3,4,1,1,0,4,2,2,1,11,1,10,3,6,3,0,1,2,2,3,2,0,0,3,0,7,2,9,0,6,1,5,3,11
60,2,2,21,10,14,2,0,18,3,5,29,4,0,0,0,0,0,0,0,0,2025,8,26,10,1,3,238,35,2,0,0.587785,0.809017,0.5,-0.866025,0,3,0.951057,-0.309017,1,6.12323e-17,3,7,-0.951057,0.309017,-0.866025,0.5,5,1,-0.587785,-0.809017,0,1,4,1,1.22465e-16,-1,-0.5,0.866025,2,4,-0.587785,-0.809017,-0.866025,-0.5,0,0,0.587785,0.809017,0.5,0.866025,7,10,0,1,0.866025,-0.5,0,0,1.22465e-16,-1,-1,-1.83697e-16,0,0,0.587785,0.809017,-0.5,0.866025,0,0,-0.587785,0.809017,1,6.12323e-17,0,0,-0.951057,-0.309017,-1,-1.83697e-16,0,0,-0.587785,-0.809017,1.22465e-16,-1,0,0,0.951057,0.309017,0.866025,0.5,0,0,0,1,0.866025,-0.5,0,0,0.587785,-0.809017,-0.866025,-0.5,1,6,3,4,1,1,0,10,2,2,1,11,1,4,3,6,3,0,1,8,2,3,2,0,0,5,0,7,2,9,0,7,1,5,3,11
61,0,41,49,6,14,2,0,18,7,39,29,4,0,0,0,0,0,0,0,0,2025,8,27,10,2,3,239,35,0,0,0.951057,-0.309017,0.5,-0.866025,6,10,0.587785,-0.809017,0.866025,-0.5,8,1,-0.587785,0.809017,-0.5,0.866025,3,1,-0.951057,0.309017,0,1,4,1,1.22465e-16,-1,-0.5,0.866025,2,4,-0.587785,-0.809017,-0.866025,-0.5,0,0,0.587785,0.809017,0.5,0.866025,7,10,0,1,0.866025,-0.5,0,0,1.22465e-16,-1,-1,-1.83697e-16,0,0,0.587785,0.809017,-0.5,0.866025,0,0,-0.587785,0.809017,1,6.12323e-17,0,0,-0.951057,-0.309017,-1,-1.83697e-16,0,0,-0.587785,-0.809017,1.22465e-16,-1,0,0,0.951057,0.309017,0.866025,0.5,0,0,0,1,0.866025,-0.5,0,0,0.587785,-0.809017,-0.866025,-0.5,1,1,3,4,1,1,0,11,2,2,1,11,1,0,3,6,3,0,1,0,2,3,2,0,0,9,0,7,2,9,0,11,1,5,3,11
62,4,27,43,12,14,2,0,18,1,24,29,4,0,0,0,0,0,0,0,0,2025,8,28,10,3,3,240,35,4,0,1.22465e-16,-1,0.5,-0.866025,4,6,1.22465e-16,-1,0.5,-0.866025,7,4,0,1,0,1,7,1,0,1,0,1,4,1,1.22465e-16,-1,-0.5,0.866025,2,4,-0.587785,-0.809017,-0.866025,-0.5,0,0,0.587785,0.809017,0.5,0.866025,7,10,0,1,0.866025,-0.5,0,0,1.22465e-16,-1,-1,-1.83697e-16,0,0,0.587785,0.809017,-0.5,0.866025,0,0,-0.587785,0.809017,1,6.12323e-17,0,0,-0.951057,-0.309017,-1,-1.83697e-16,0,0,-0.587785,-0.809017,1.22465e-16,-1,0,0,0.951057,0.309017,0.866025,0.5,0,0,0,1,0.866025,-0.5,0,0,0.587785,-0.809017,-0.866025,-0.5,1,3,3,4,1,1,0,7,2,2,1,11,1,8,3,6,3,0,1,4,2,3,2,0,0,2,0,7,2,9,0,10,1,5,3,11
63,9,30,12,2,14,2,0,18,6,34,1,4,0,0,0,0,0,0,0,0,2025,8,29,10,4,3,241,35,9,0,-0.951057,-0.309017,0.5,-0.866025,5,2,-0.587785,-0.809017,1.22465e-16,-1,2,0,0.587785,0.809017,0.5,0.866025,1,1,0.951057,0.309017,0,1,4,1,1.22465e-16,-1,-0.5,0.866025,2,4,-0.587785,-0.809017,-0.866025,-0.5,0,0,0.587785,0.809017,0.5,0.866025,7,10,0,1,0.866025,-0.5,0,0,1.22465e-16,-1,-1,-1.83697e-16,0,0,0.587785,0.809017,-0.5,0.866025,0,0,-0.587785,0.809017,1,6.12323e-17,0,0,-0.951057,-0.309017,-1,-1.83697e-16,0,0,-0.587785,-0.809017,1.22465e-16,-1,0,0,0.951057,0.309017,0.866025,0.5,0,0,0,1,0.866025,-0.5,0,0,0.587785,-0.809017,-0.866025,-0.5,1,5,3,4,1,1,0,6,2,2,1,11,1,2,3,6,3,0,1,10,2,3,2,0,0,8,0,7,2,9,0,4,1,5,3,11
