,time,date,cs_base_hour_current_hour,cs_base_hour_current_day,cs_base_hour_current_hour_minus,cs_base_hour_current_month,cs_base_hour_current_year,cs_base_hour_current_month_minus,cs_base_day_current_hour,cs_base_day_current_day,cs_base_day_current_hour_minus,cs_base_day_current_month,cs_base_day_current_year,cs_base_day_current_month_minus,cs_base_hour_minus_current_hour,cs_base_hour_minus_current_day,cs_base_hour_minus_current_hour_minus,cs_base_hour_minus_current_month,cs_base_hour_minus_current_year,cs_base_hour_minus_current_month_minus,cs_base_month_current_hour,cs_base_month_current_day,cs_base_month_current_hour_minus,cs_base_month_current_month,cs_base_month_current_year,cs_base_month_current_month_minus,cs_base_year_current_hour,cs_base_year_current_day,cs_base_year_current_hour_minus,cs_base_year_current_month,cs_base_year_current_year,cs_base_year_current_month_minus,cs_base_month_minus_current_hour,cs_base_month_minus_current_day,cs_base_month_minus_current_hour_minus,cs_base_month_minus_current_month,cs_base_month_minus_current_year,cs_base_month_minus_current_month_minus
0,1749085116656661000,1749085116656661000,0,8,3,5,8,4,10,7,5,3,7,10,1,3,8,2,3,6,0,4,6,7,4,8,8,2,10,4,2,5,10,10,2,8,10,7
1,1749171516656661000,1749171516656661000,0,2,6,2,5,6,10,6,2,6,3,2,1,5,4,5,2,4,0,10,3,10,7,3,8,8,7,8,4,7,10,4,5,4,8,5
2,1749430716656661000,1749430716656661000,0,3,6,2,5,6,10,5,2,6,3,2,1,8,4,5,2,4,0,6,3,10,7,3,8,10,7,8,4,7,10,2,5,4,8,5
3,1749517116656661000,1749517116656661000,0,1,6,2,5,6,10,9,2,6,3,2,1,0,4,5,2,4,0,1,3,10,7,3,8,11,7,8,4,7,10,9,5,4,8,5
4,1749603516656661000,1749603516656661000,0,6,6,2,5,6,10,2,2,6,3,2,1,4,4,5,2,4,0,3,3,10,7,3,8,7,7,8,4,7,10,5,5,4,8,5
5,1749689916656661000,1749689916656661000,0,7,6,2,5,6,10,8,2,6,3,2,1,10,4,5,2,4,0,5,3,10,7,3,8,6,7,8,4,7,10,3,5,4,8,5
6,1749776316656661000,1749776316656661000,0,11,6,2,5,6,10,0,2,6,3,2,1,11,4,5,2,4,0,9,3,10,7,3,8,1,7,8,4,7,10,1,5,4,8,5
7,1750035516656661000,1750035516656661000,0,0,6,2,5,6,10,11,2,6,3,2,1,1,4,5,2,4,0,0,3,10,7,3,8,9,7,8,4,7,10,11,5,4,8,5
8,1750121916656661000,1750121916656661000,0,8,6,2,5,6,10,7,2,6,3,2,1,3,4,5,2,4,0,4,3,10,7,3,8,2,7,8,4,7,10,10,5,4,8,5
9,1750208316656661000,1750208316656661000,0,2,6,2,5,6,10,6,2,6,3,2,1,5,4,5,2,4,0,10,3,10,7,3,8,8,7,8,4,7,10,4,5,4,8,5
10,1750294716656661000,1750294716656661000,0,9,6,2,5,6,10,1,2,6,3,2,1,9,4,5,2,4,0,11,3,10,7,3,8,0,7,8,4,7,10,0,5,4,8,5
11,1750381116656661000,1750381116656661000,0,5,6,2,5,6,10,3,2,6,3,2,1,2,4,5,2,4,0,7,3,10,7,3,8,4,7,8,4,7,10,8,5,4,8,5
12,1750640316656661000,1750640316656661000,0,6,6,3,5,10,10,2,2,5,3,4,1,4,4,8,2,7,0,3,3,6,7,2,8,7,7,10,4,3,10,5,5,2,8,6
13,1750726716656661000,1750726716656661000,0,7,6,3,5,10,10,8,2,5,3,4,1,10,4,8,2,7,0,5,3,6,7,2,8,6,7,10,4,3,10,3,5,2,8,6
14,1750813116656661000,1750813116656661000,0,11,6,3,5,10,10,0,2,5,3,4,1,11,4,8,2,7,0,9,3,6,7,2,8,1,7,10,4,3,10,1,5,2,8,6
15,1750899516656661000,1750899516656661000,0,10,6,3,5,10,10,4,2,5,3,4,1,7,4,8,2,7,0,2,3,6,7,2,8,3,7,10,4,3,10,6,5,2,8,6
16,1750985916656661000,1750985916656661000,0,4,6,3,5,10,10,10,2,5,3,4,1,6,4,8,2,7,0,8,3,6,7,2,8,5,7,10,4,3,10,7,5,2,8,6
17,1751245116656661000,1751245116656661000,0,2,6,3,5,10,10,6,2,5,3,4,1,5,4,8,2,7,0,10,3,6,7,2,8,8,7,10,4,3,10,4,5,2,8,6
18,1751331516656661000,1751331516656661000,0,9,6,3,5,10,10,1,2,5,3,4,1,9,4,8,2,7,0,11,3,6,7,2,8,0,7,10,4,3,10,0,5,2,8,6
19,1751417916656661000,1751417916656661000,0,5,6,3,5,10,10,3,2,5,3,4,1,2,4,8,2,7,0,7,3,6,7,2,8,4,7,10,4,3,10,8,5,2,8,6
20,1751504316656661000,1751504316656661000,0,3,6,3,5,10,10,5,2,5,3,4,1,8,4,8,2,7,0,6,3,6,7,2,8,10,7,10,4,3,10,2,5,2,8,6
21,1751590716656661000,1751590716656661000,0,1,6,3,5,10,10,9,2,5,3,4,1,0,4,8,2,7,0,1,3,6,7,2,8,11,7,10,4,3,10,9,5,2,8,6
22,1751849916656661000,1751849916656661000,0,11,6,9,5,7,10,0,2,1,3,8,1,11,4,9,2,10,0,9,3,11,7,5,8,1,7,0,4,6,10,1,5,0,8,3
23,1751936316656661000,1751936316656661000,0,10,6,9,5,7,10,4,2,1,3,8,1,7,4,9,2,10,0,2,3,11,7,5,8,3,7,0,4,6,10,6,5,0,8,3
24,1752022716656661000,1752022716656661000,0,4,6,9,5,7,10,10,2,1,3,8,1,6,4,9,2,10,0,8,3,11,7,5,8,5,7,0,4,6,10,7,5,0,8,3
25,1752109116656661000,1752109116656661000,0,0,6,9,5,7,10,11,2,1,3,8,1,1,4,9,2,10,0,0,3,11,7,5,8,9,7,0,4,6,10,11,5,0,8,3
26,1752195516656661000,1752195516656661000,0,8,6,9,5,7,10,7,2,1,3,8,1,3,4,9,2,10,0,4,3,11,7,5,8,2,7,0,4,6,10,10,5,0,8,3
27,1752454716656661000,1752454716656661000,0,5,6,9,5,7,10,3,2,1,3,8,1,2,4,9,2,10,0,7,3,11,7,5,8,4,7,0,4,6,10,8,5,0,8,3
28,1752541116656661000,1752541116656661000,0,3,6,9,5,7,10,5,2,1,3,8,1,8,4,9,2,10,0,6,3,11,7,5,8,10,7,0,4,6,10,2,5,0,8,3
29,1752627516656661000,1752627516656661000,0,1,6,9,5,7,10,9,2,1,3,8,1,0,4,9,2,10,0,1,3,11,7,5,8,11,7,0,4,6,10,9,5,0,8,3
30,1752713916656661000,1752713916656661000,0,6,6,9,5,7,10,2,2,1,3,8,1,4,4,9,2,10,0,3,3,11,7,5,8,7,7,0,4,6,10,5,5,0,8,3
31,1752800316656661000,1752800316656661000,0,7,6,9,5,7,10,8,2,1,3,8,1,10,4,9,2,10,0,5,3,11,7,5,8,6,7,0,4,6,10,3,5,0,8,3
32,1753059516656661000,1753059516656661000,0,4,6,9,5,7,10,10,2,1,3,8,1,6,4,9,2,10,0,8,3,11,7,5,8,5,7,0,4,6,10,7,5,0,8,3
33,1753145916656661000,1753145916656661000,0,0,6,9,5,7,10,11,2,1,3,8,1,1,4,9,2,10,0,0,3,11,7,5,8,9,7,0,4,6,10,11,5,0,8,3
34,1753232316656661000,1753232316656661000,0,8,6,1,5,4,10,7,2,9,3,10,1,3,4,0,2,6,0,4,3,1,7,8,8,2,7,11,4,5,10,10,5,9,8,7
35,1753318716656661000,1753318716656661000,0,2,6,1,5,4,10,6,2,9,3,10,1,5,4,0,2,6,0,10,3,1,7,8,8,8,7,11,4,5,10,4,5,9,8,7
36,1753405116656661000,1753405116656661000,0,9,6,1,5,4,10,1,2,9,3,10,1,9,4,0,2,6,0,11,3,1,7,8,8,0,7,11,4,5,10,0,5,9,8,7
37,1753664316656661000,1753664316656661000,0,1,6,1,5,4,10,9,2,9,3,10,1,0,4,0,2,6,0,1,3,1,7,8,8,11,7,11,4,5,10,9,5,9,8,7
38,1753750716656661000,1753750716656661000,0,6,6,1,5,4,10,2,2,9,3,10,1,4,4,0,2,6,0,3,3,1,7,8,8,7,7,11,4,5,10,5,5,9,8,7
39,1753837116656661000,1753837116656661000,0,7,6,1,5,4,10,8,2,9,3,10,1,10,4,0,2,6,0,5,3,1,7,8,8,6,7,11,4,5,10,3,5,9,8,7
40,1753923516656661000,1753923516656661000,0,11,6,1,5,4,10,0,2,9,3,10,1,11,4,0,2,6,0,9,3,1,7,8,8,1,7,11,4,5,10,1,5,9,8,7
41,1754009916656661000,1754009916656661000,0,10,6,1,5,4,10,4,2,9,3,10,1,7,4,0,2,6,0,2,3,1,7,8,8,3,7,11,4,5,10,6,5,9,8,7
42,1754269116656661000,1754269116656661000,0,8,6,1,5,4,10,7,2,9,3,10,1,3,4,0,2,6,0,4,3,1,7,8,8,2,7,11,4,5,10,10,5,9,8,7
43,1754355516656661000,1754355516656661000,0,2,6,1,5,4,10,6,2,9,3,10,1,5,4,0,2,6,0,10,3,1,7,8,8,8,7,11,4,5,10,4,5,9,8,7
44,1754441916656661000,1754441916656661000,0,9,6,1,5,4,10,1,2,9,3,10,1,9,4,0,2,6,0,11,3,1,7,8,8,0,7,11,4,5,10,0,5,9,8,7
45,1754528316656661000,1754528316656661000,0,5,6,1,5,4,10,3,2,9,3,10,1,2,4,0,2,6,0,7,3,1,7,8,8,4,7,11,4,5,10,8,5,9,8,7
46,1754614716656661000,1754614716656661000,0,3,6,5,5,11,10,5,2,3,3,0,1,8,4,2,2,11,0,6,3,7,7,9,8,10,7,4,4,1,10,2,5,8,8,1
47,1754873916656661000,1754873916656661000,0,7,6,5,5,11,10,8,2,3,3,0,1,10,4,2,2,11,0,5,3,7,7,9,8,6,7,4,4,1,10,3,5,8,8,1
48,1754960316656661000,1754960316656661000,0,11,6,5,5,11,10,0,2,3,3,0,1,11,4,2,2,11,0,9,3,7,7,9,8,1,7,4,4,1,10,1,5,8,8,1
49,1755046716656661000,1755046716656661000,0,10,6,5,5,11,10,4,2,3,3,0,1,7,4,2,2,11,0,2,3,7,7,9,8,3,7,4,4,1,10,6,5,8,8,1
50,1755133116656661000,1755133116656661000,0,4,6,5,5,11,10,10,2,3,3,0,1,6,4,2,2,11,0,8,3,7,7,9,8,5,7,4,4,1,10,7,5,8,8,1
51,1755219516656661000,1755219516656661000,0,0,6,5,5,11,10,11,2,3,3,0,1,1,4,2,2,11,0,0,3,7,7,9,8,9,7,4,4,1,10,11,5,8,8,1
52,1755478716656661000,1755478716656661000,0,9,6,5,5,11,10,1,2,3,3,0,1,9,4,2,2,11,0,11,3,7,7,9,8,0,7,4,4,1,10,0,5,8,8,1
53,1755565116656661000,1755565116656661000,0,5,6,5,5,11,10,3,2,3,3,0,1,2,4,2,2,11,0,7,3,7,7,9,8,4,7,4,4,1,10,8,5,8,8,1
54,1755651516656661000,1755651516656661000,0,3,6,5,5,11,10,5,2,3,3,0,1,8,4,2,2,11,0,6,3,7,7,9,8,10,7,4,4,1,10,2,5,8,8,1
55,1755737916656661000,1755737916656661000,0,1,6,5,5,11,10,9,2,3,3,0,1,0,4,2,2,11,0,1,3,7,7,9,8,11,7,4,4,1,10,9,5,8,8,1
56,1755824316656661000,1755824316656661000,0,6,6,5,5,11,10,2,2,3,3,0,1,4,4,2,2,11,0,3,3,7,7,9,8,7,7,4,4,1,10,5,5,8,8,1
57,1756083516656661000,1756083516656661000,0,10,6,6,5,0,10,4,2,2,3,11,1,7,4,4,2,1,0,2,3,3,7,0,8,3,7,7,4,9,10,6,5,5,8,11
58,1756169916656661000,1756169916656661000,0,4,6,6,5,0,10,10,2,2,3,11,1,6,4,4,2,1,0,8,3,3,7,0,8,5,7,7,4,9,10,7,5,5,8,11
59,1756256316656661000,1756256316656661000,0,0,6,6,5,0,10,11,2,2,3,11,1,1,4,4,2,1,0,0,3,3,7,0,8,9,7,7,4,9,10,11,5,5,8,11
60,1756342716656661000,1756342716656661000,0,8,6,6,5,0,10,7,2,2,3,11,1,3,4,4,2,1,0,4,3,3,7,0,8,2,7,7,4,9,10,10,5,5,8,11
61,1756429116656661000,1756429116656661000,0,2,6,6,5,0,10,6,2,2,3,11,1,5,4,4,2,1,0,10,3,3,7,0,8,8,7,7,4,9,10,4,5,5,8,11
62,1756688316656661000,1756688316656661000,0,3,6,6,5,0,10,5,2,2,3,11,1,8,4,4,2,1,0,6,3,3,7,0,8,10,7,7,4,9,10,2,5,5,8,11
63,1756774716656661000,1756774716656661000,0,1,6,6,5,0,10,9,2,2,3,11,1,0,4,4,2,1,0,1,3,3,7,0,8,11,7,7,4,9,10,9,5,5,8,11
64,1756861116656661000,1756861116656661000,0,6,6,6,5,0,10,2,2,2,3,11,1,4,4,4,2,1,0,3,3,3,7,0,8,7,7,7,4,9,10,5,5,5,8,11
65,1756947516656661000,1756947516656661000,0,7,6,6,5,0,10,8,2,2,3,11,1,10,4,4,2,1,0,5,3,3,7,0,8,6,7,7,4,9,10,3,5,5,8,11
66,1757033916656661000,1757033916656661000,0,11,6,6,5,0,10,0,2,2,3,11,1,11,4,4,2,1,0,9,3,3,7,0,8,1,7,7,4,9,10,1,5,5,8,11
67,1757293116656661000,1757293116656661000,0,0,6,3,5,10,10,11,2,5,3,4,1,1,4,8,2,7,0,0,3,6,7,2,8,9,7,10,4,3,10,11,5,2,8,6
68,1757379516656661000,1757379516656661000,0,8,6,3,5,10,10,7,2,5,3,4,1,3,4,8,2,7,0,4,3,6,7,2,8,2,7,10,4,3,10,10,5,2,8,6
69,1757465916656661000,1757465916656661000,0,2,6,3,5,10,10,6,2,5,3,4,1,5,4,8,2,7,0,10,3,6,7,2,8,8,7,10,4,3,10,4,5,2,8,6
70,1757552316656661000,1757552316656661000,0,9,6,3,5,10,10,1,2,5,3,4,1,9,4,8,2,7,0,11,3,6,7,2,8,0,7,10,4,3,10,0,5,2,8,6
71,1757638716656661000,1757638716656661000,0,5,6,3,5,10,10,3,2,5,3,4,1,2,4,8,2,7,0,7,3,6,7,2,8,4,7,10,4,3,10,8,5,2,8,6
72,1757897916656661000,1757897916656661000,0,6,6,3,5,10,10,2,2,5,3,4,1,4,4,8,2,7,0,3,3,6,7,2,8,7,7,10,4,3,10,5,5,2,8,6
73,1757984316656661000,1757984316656661000,0,7,6,3,5,10,10,8,2,5,3,4,1,10,4,8,2,7,0,5,3,6,7,2,8,6,7,10,4,3,10,3,5,2,8,6
74,1758070716656661000,1758070716656661000,0,11,6,3,5,10,10,0,2,5,3,4,1,11,4,8,2,7,0,9,3,6,7,2,8,1,7,10,4,3,10,1,5,2,8,6
75,1758157116656661000,1758157116656661000,0,10,6,3,5,10,10,4,2,5,3,4,1,7,4,8,2,7,0,2,3,6,7,2,8,3,7,10,4,3,10,6,5,2,8,6
76,1758243516656661000,1758243516656661000,0,4,6,3,5,10,10,10,2,5,3,4,1,6,4,8,2,7,0,8,3,6,7,2,8,5,7,10,4,3,10,7,5,2,8,6
77,1758502716656661000,1758502716656661000,0,2,6,3,5,10,10,6,2,5,3,4,1,5,4,8,2,7,0,10,3,6,7,2,8,8,7,10,4,3,10,4,5,2,8,6
78,1758589116656661000,1758589116656661000,0,9,6,7,5,8,10,1,2,8,3,7,1,9,4,10,2,3,0,11,3,5,7,4,8,0,7,6,4,2,10,0,5,3,8,10
79,1758675516656661000,1758675516656661000,0,5,6,7,5,8,10,3,2,8,3,7,1,2,4,10,2,3,0,7,3,5,7,4,8,4,7,6,4,2,10,8,5,3,8,10
80,1758761916656661000,1758761916656661000,0,3,6,7,5,8,10,5,2,8,3,7,1,8,4,10,2,3,0,6,3,5,7,4,8,10,7,6,4,2,10,2,5,3,8,10
81,1758848316656661000,1758848316656661000,0,1,6,7,5,8,10,9,2,8,3,7,1,0,4,10,2,3,0,1,3,5,7,4,8,11,7,6,4,2,10,9,5,3,8,10
82,1759107516656661000,1759107516656661000,0,11,6,7,5,8,10,0,2,8,3,7,1,11,4,10,2,3,0,9,3,5,7,4,8,1,7,6,4,2,10,1,5,3,8,10
83,1759193916656661000,1759193916656661000,0,10,6,7,5,8,10,4,2,8,3,7,1,7,4,10,2,3,0,2,3,5,7,4,8,3,7,6,4,2,10,6,5,3,8,10
84,1759280316656661000,1759280316656661000,0,4,6,7,5,8,10,10,2,8,3,7,1,6,4,10,2,3,0,8,3,5,7,4,8,5,7,6,4,2,10,7,5,3,8,10
85,1759366716656661000,1759366716656661000,0,0,6,7,5,8,10,11,2,8,3,7,1,1,4,10,2,3,0,0,3,5,7,4,8,9,7,6,4,2,10,11,5,3,8,10
86,1759453116656661000,1759453116656661000,0,8,6,7,5,8,10,7,2,8,3,7,1,3,4,10,2,3,0,4,3,5,7,4,8,2,7,6,4,2,10,10,5,3,8,10
87,1759712316656661000,1759712316656661000,0,5,6,7,5,8,10,3,2,8,3,7,1,2,4,10,2,3,0,7,3,5,7,4,8,4,7,6,4,2,10,8,5,3,8,10
88,1759798716656661000,1759798716656661000,0,3,6,7,5,8,10,5,2,8,3,7,1,8,4,10,2,3,0,6,3,5,7,4,8,10,7,6,4,2,10,2,5,3,8,10
89,1759885116656661000,1759885116656661000,0,1,6,7,5,8,10,9,2,8,3,7,1,0,4,10,2,3,0,1,3,5,7,4,8,11,7,6,4,2,10,9,5,3,8,10
90,1759971516656661000,1759971516656661000,0,6,6,1,5,4,10,2,2,9,3,10,1,4,4,0,2,6,0,3,3,1,7,8,8,7,7,11,4,5,10,5,5,9,8,7
91,1760057916656661000,1760057916656661000,0,7,6,1,5,4,10,8,2,9,3,10,1,10,4,0,2,6,0,5,3,1,7,8,8,6,7,11,4,5,10,3,5,9,8,7
92,1760317116656661000,1760317116656661000,0,4,6,1,5,4,10,10,2,9,3,10,1,6,4,0,2,6,0,8,3,1,7,8,8,5,7,11,4,5,10,7,5,9,8,7
93,1760403516656661000,1760403516656661000,0,0,6,1,5,4,10,11,2,9,3,10,1,1,4,0,2,6,0,0,3,1,7,8,8,9,7,11,4,5,10,11,5,9,8,7
94,1760489916656661000,1760489916656661000,0,8,6,1,5,4,10,7,2,9,3,10,1,3,4,0,2,6,0,4,3,1,7,8,8,2,7,11,4,5,10,10,5,9,8,7
95,1760576316656661000,1760576316656661000,0,2,6,1,5,4,10,6,2,9,3,10,1,5,4,0,2,6,0,10,3,1,7,8,8,8,7,11,4,5,10,4,5,9,8,7
96,1760662716656661000,1760662716656661000,0,9,6,1,5,4,10,1,2,9,3,10,1,9,4,0,2,6,0,11,3,1,7,8,8,0,7,11,4,5,10,0,5,9,8,7
97,1760921916656661000,1760921916656661000,0,1,6,1,5,4,10,9,2,9,3,10,1,0,4,0,2,6,0,1,3,1,7,8,8,11,7,11,4,5,10,9,5,9,8,7
98,1761008316656661000,1761008316656661000,0,6,6,1,5,4,10,2,2,9,3,10,1,4,4,0,2,6,0,3,3,1,7,8,8,7,7,11,4,5,10,5,5,9,8,7
99,1761094716656661000,1761094716656661000,0,7,6,1,5,4,10,8,2,9,3,10,1,10,4,0,2,6,0,5,3,1,7,8,8,6,7,11,4,5,10,3,5,9,8,7
100,1761181116656661000,1761181116656661000,0,11,6,1,5,4,10,0,2,9,3,10,1,11,4,0,2,6,0,9,3,1,7,8,8,1,7,11,4,5,10,1,5,9,8,7
101,1761267516656661000,1761267516656661000,0,10,6,11,5,2,10,4,2,0,3,6,1,7,4,11,2,5,0,2,3,9,7,10,8,3,7,1,4,8,10,6,5,1,8,4
102,1761526716656661000,1761526716656661000,0,8,6,11,5,2,10,7,2,0,3,6,1,3,4,11,2,5,0,4,3,9,7,10,8,2,7,1,4,8,10,10,5,1,8,4
103,1761613116656661000,1761613116656661000,0,2,6,11,5,2,10,6,2,0,3,6,1,5,4,11,2,5,0,10,3,9,7,10,8,8,7,1,4,8,10,4,5,1,8,4
104,1761699516656661000,1761699516656661000,0,9,6,11,5,2,10,1,2,0,3,6,1,9,4,11,2,5,0,11,3,9,7,10,8,0,7,1,4,8,10,0,5,1,8,4
105,1761785916656661000,1761785916656661000,0,5,6,11,5,2,10,3,2,0,3,6,1,2,4,11,2,5,0,7,3,9,7,10,8,4,7,1,4,8,10,8,5,1,8,4
106,1761872316656661000,1761872316656661000,0,3,6,11,5,2,10,5,2,0,3,6,1,8,4,11,2,5,0,6,3,9,7,10,8,10,7,1,4,8,10,2,5,1,8,4
107,1762131516656661000,1762131516656661000,0,7,6,11,5,2,10,8,2,0,3,6,1,10,4,11,2,5,0,5,3,9,7,10,8,6,7,1,4,8,10,3,5,1,8,4
108,1762217916656661000,1762217916656661000,0,11,6,11,5,2,10,0,2,0,3,6,1,11,4,11,2,5,0,9,3,9,7,10,8,1,7,1,4,8,10,1,5,1,8,4
109,1762304316656661000,1762304316656661000,0,10,6,11,5,2,10,4,2,0,3,6,1,7,4,11,2,5,0,2,3,9,7,10,8,3,7,1,4,8,10,6,5,1,8,4
110,1762390716656661000,1762390716656661000,0,4,6,11,5,2,10,10,2,0,3,6,1,6,4,11,2,5,0,8,3,9,7,10,8,5,7,1,4,8,10,7,5,1,8,4
111,1762477116656661000,1762477116656661000,0,0,6,11,5,2,10,11,2,0,3,6,1,1,4,11,2,5,0,0,3,9,7,10,8,9,7,1,4,8,10,11,5,1,8,4
112,1762736316656661000,1762736316656661000,0,9,6,6,5,0,10,1,2,2,3,11,1,9,4,4,2,1,0,11,3,3,7,0,8,0,7,7,4,9,10,0,5,5,8,11
113,1762822716656661000,1762822716656661000,0,5,6,6,5,0,10,3,2,2,3,11,1,2,4,4,2,1,0,7,3,3,7,0,8,4,7,7,4,9,10,8,5,5,8,11
114,1762909116656661000,1762909116656661000,0,3,6,6,5,0,10,5,2,2,3,11,1,8,4,4,2,1,0,6,3,3,7,0,8,10,7,7,4,9,10,2,5,5,8,11
115,1762995516656661000,1762995516656661000,0,1,6,6,5,0,10,9,2,2,3,11,1,0,4,4,2,1,0,1,3,3,7,0,8,11,7,7,4,9,10,9,5,5,8,11
116,1763081916656661000,1763081916656661000,0,6,6,6,5,0,10,2,2,2,3,11,1,4,4,4,2,1,0,3,3,3,7,0,8,7,7,7,4,9,10,5,5,5,8,11
117,1763341116656661000,1763341116656661000,0,10,6,6,5,0,10,4,2,2,3,11,1,7,4,4,2,1,0,2,3,3,7,0,8,3,7,7,4,9,10,6,5,5,8,11
118,1763427516656661000,1763427516656661000,0,4,6,6,5,0,10,10,2,2,3,11,1,6,4,4,2,1,0,8,3,3,7,0,8,5,7,7,4,9,10,7,5,5,8,11
119,1763513916656661000,1763513916656661000,0,0,6,6,5,0,10,11,2,2,3,11,1,1,4,4,2,1,0,0,3,3,7,0,8,9,7,7,4,9,10,11,5,5,8,11
120,1763600316656661000,1763600316656661000,0,8,6,6,5,0,10,7,2,2,3,11,1,3,4,4,2,1,0,4,3,3,7,0,8,2,7,7,4,9,10,10,5,5,8,11
121,1763686716656661000,1763686716656661000,0,2,6,6,5,0,10,6,2,2,3,11,1,5,4,4,2,1,0,10,3,3,7,0,8,8,7,7,4,9,10,4,5,5,8,11
122,1763945916656661000,1763945916656661000,0,3,6,10,5,9,10,5,2,4,3,1,1,8,4,7,2,9,0,6,3,2,7,11,8,10,7,3,4,0,10,2,5,6,8,0
123,1764032316656661000,1764032316656661000,0,1,6,10,5,9,10,9,2,4,3,1,1,0,4,7,2,9,0,1,3,2,7,11,8,11,7,3,4,0,10,9,5,6,8,0
124,1764118716656661000,1764118716656661000,0,6,6,10,5,9,10,2,2,4,3,1,1,4,4,7,2,9,0,3,3,2,7,11,8,7,7,3,4,0,10,5,5,6,8,0
125,1764205116656661000,1764205116656661000,0,7,6,10,5,9,10,8,2,4,3,1,1,10,4,7,2,9,0,5,3,2,7,11,8,6,7,3,4,0,10,3,5,6,8,0
126,1764291516656661000,1764291516656661000,0,11,6,10,5,9,10,0,2,4,3,1,1,11,4,7,2,9,0,9,3,2,7,11,8,1,7,3,4,0,10,1,5,6,8,0
127,1764550716656661000,1764550716656661000,0,0,6,10,5,9,10,11,2,4,3,1,1,1,4,7,2,9,0,0,3,2,7,11,8,9,7,3,4,0,10,11,5,6,8,0
128,1764637116656661000,1764637116656661000,0,8,6,10,5,9,10,7,2,4,3,1,1,3,4,7,2,9,0,4,3,2,7,11,8,2,7,3,4,0,10,10,5,6,8,0
129,1764723516656661000,1764723516656661000,0,2,6,10,5,9,10,6,2,4,3,1,1,5,4,7,2,9,0,10,3,2,7,11,8,8,7,3,4,0,10,4,5,6,8,0
130,1764809916656661000,1764809916656661000,0,9,6,10,5,9,10,1,2,4,3,1,1,9,4,7,2,9,0,11,3,2,7,11,8,0,7,3,4,0,10,0,5,6,8,0
131,1764896316656661000,1764896316656661000,0,5,6,10,5,9,10,3,2,4,3,1,1,2,4,7,2,9,0,7,3,2,7,11,8,4,7,3,4,0,10,8,5,6,8,0
132,1765155516656661000,1765155516656661000,0,6,6,7,5,8,10,2,2,8,3,7,1,4,4,10,2,3,0,3,3,5,7,4,8,7,7,6,4,2,10,5,5,3,8,10
133,1765241916656661000,1765241916656661000,0,7,6,7,5,8,10,8,2,8,3,7,1,10,4,10,2,3,0,5,3,5,7,4,8,6,7,6,4,2,10,3,5,3,8,10
134,1765328316656661000,1765328316656661000,0,11,6,7,5,8,10,0,2,8,3,7,1,11,4,10,2,3,0,9,3,5,7,4,8,1,7,6,4,2,10,1,5,3,8,10
135,1765414716656661000,1765414716656661000,0,10,6,7,5,8,10,4,2,8,3,7,1,7,4,10,2,3,0,2,3,5,7,4,8,3,7,6,4,2,10,6,5,3,8,10
136,1765501116656661000,1765501116656661000,0,4,6,7,5,8,10,10,2,8,3,7,1,6,4,10,2,3,0,8,3,5,7,4,8,5,7,6,4,2,10,7,5,3,8,10
137,1765760316656661000,1765760316656661000,0,2,6,7,5,8,10,6,2,8,3,7,1,5,4,10,2,3,0,10,3,5,7,4,8,8,7,6,4,2,10,4,5,3,8,10
138,1765846716656661000,1765846716656661000,0,9,6,7,5,8,10,1,2,8,3,7,1,9,4,10,2,3,0,11,3,5,7,4,8,0,7,6,4,2,10,0,5,3,8,10
139,1765933116656661000,1765933116656661000,0,5,6,7,5,8,10,3,2,8,3,7,1,2,4,10,2,3,0,7,3,5,7,4,8,4,7,6,4,2,10,8,5,3,8,10
140,1766019516656661000,1766019516656661000,0,3,6,7,5,8,10,5,2,8,3,7,1,8,4,10,2,3,0,6,3,5,7,4,8,10,7,6,4,2,10,2,5,3,8,10
141,1766105916656661000,1766105916656661000,0,1,6,7,5,8,10,9,2,8,3,7,1,0,4,10,2,3,0,1,3,5,7,4,8,11,7,6,4,2,10,9,5,3,8,10
142,1766365116656661000,1766365116656661000,0,11,6,4,5,5,10,0,2,10,3,3,1,11,4,6,2,2,0,9,3,8,7,7,8,1,7,5,4,4,10,1,5,7,8,8
143,1766451516656661000,1766451516656661000,0,10,6,4,5,5,10,4,2,10,3,3,1,7,4,6,2,2,0,2,3,8,7,7,8,3,7,5,4,4,10,6,5,7,8,8
144,1766537916656661000,1766537916656661000,0,4,6,4,5,5,10,10,2,10,3,3,1,6,4,6,2,2,0,8,3,8,7,7,8,5,7,5,4,4,10,7,5,7,8,8
145,1766624316656661000,1766624316656661000,0,0,6,4,5,5,10,11,2,10,3,3,1,1,4,6,2,2,0,0,3,8,7,7,8,9,7,5,4,4,10,11,5,7,8,8
146,1766710716656661000,1766710716656661000,0,8,6,4,5,5,10,7,2,10,3,3,1,3,4,6,2,2,0,4,3,8,7,7,8,2,7,5,4,4,10,10,5,7,8,8
147,1766969916656661000,1766969916656661000,0,5,6,4,5,5,10,3,2,10,3,3,1,2,4,6,2,2,0,7,3,8,7,7,8,4,7,5,4,4,10,8,5,7,8,8
148,1767056316656661000,1767056316656661000,0,3,6,4,5,5,10,5,2,10,3,3,1,8,4,6,2,2,0,6,3,8,7,7,8,10,7,5,4,4,10,2,5,7,8,8
149,1767142716656661000,1767142716656661000,0,1,6,4,5,5,10,9,2,10,3,3,1,0,4,6,2,2,0,1,3,8,7,7,8,11,7,5,4,4,10,9,5,7,8,8
150,1767229116656661000,1767229116656661000,0,6,6,4,5,5,10,2,2,10,3,3,1,4,4,6,2,2,0,3,3,8,7,7,8,7,7,5,4,4,10,5,5,7,8,8
151,1767315516656661000,1767315516656661000,0,7,6,4,5,5,10,8,2,10,3,3,1,10,4,6,2,2,0,5,3,8,7,7,8,6,7,5,4,4,10,3,5,7,8,8
152,1767574716656661000,1767574716656661000,0,4,6,4,5,5,10,10,2,10,3,3,1,6,4,6,2,2,0,8,3,8,7,7,8,5,7,5,4,4,10,7,5,7,8,8
153,1767661116656661000,1767661116656661000,0,0,6,11,5,2,10,11,2,0,3,6,1,1,4,11,2,5,0,0,3,9,7,10,8,9,7,1,4,8,10,11,5,1,8,4
154,1767747516656661000,1767747516656661000,0,8,6,11,5,2,10,7,2,0,3,6,1,3,4,11,2,5,0,4,3,9,7,10,8,2,7,1,4,8,10,10,5,1,8,4
155,1767833916656661000,1767833916656661000,0,2,6,11,5,2,10,6,2,0,3,6,1,5,4,11,2,5,0,10,3,9,7,10,8,8,7,1,4,8,10,4,5,1,8,4
156,1767920316656661000,1767920316656661000,0,9,6,11,5,2,10,1,2,0,3,6,1,9,4,11,2,5,0,11,3,9,7,10,8,0,7,1,4,8,10,0,5,1,8,4
157,1768179516656661000,1768179516656661000,0,1,6,11,5,2,10,9,2,0,3,6,1,0,4,11,2,5,0,1,3,9,7,10,8,11,7,1,4,8,10,9,5,1,8,4
158,1768265916656661000,1768265916656661000,0,6,6,11,5,2,10,2,2,0,3,6,1,4,4,11,2,5,0,3,3,9,7,10,8,7,7,1,4,8,10,5,5,1,8,4
159,1768352316656661000,1768352316656661000,0,7,6,11,5,2,10,8,2,0,3,6,1,10,4,11,2,5,0,5,3,9,7,10,8,6,7,1,4,8,10,3,5,1,8,4
160,1768438716656661000,1768438716656661000,0,11,6,11,5,2,10,0,2,0,3,6,1,11,4,11,2,5,0,9,3,9,7,10,8,1,7,1,4,8,10,1,5,1,8,4
161,1768525116656661000,1768525116656661000,0,10,6,11,5,2,10,4,2,0,3,6,1,7,4,11,2,5,0,2,3,9,7,10,8,3,7,1,4,8,10,6,5,1,8,4
162,1768784316656661000,1768784316656661000,0,8,6,11,5,2,10,7,2,0,3,6,1,3,4,11,2,5,0,4,3,9,7,10,8,2,7,1,4,8,10,10,5,1,8,4
163,1768870716656661000,1768870716656661000,0,2,6,11,5,2,10,6,2,0,3,6,1,5,4,11,2,5,0,10,3,9,7,10,8,8,7,1,4,8,10,4,5,1,8,4
164,1768957116656661000,1768957116656661000,0,9,3,0,8,6,10,1,5,11,7,2,1,9,8,1,3,4,0,11,6,0,4,3,8,0,10,9,2,7,10,0,2,11,10,5
165,1769043516656661000,1769043516656661000,0,5,3,0,8,6,10,3,5,11,7,2,1,2,8,1,3,4,0,7,6,0,4,3,8,4,10,9,2,7,10,8,2,11,10,5
166,1769129916656661000,1769129916656661000,0,3,3,0,8,6,10,5,5,11,7,2,1,8,8,1,3,4,0,6,6,0,4,3,8,10,10,9,2,7,10,2,2,11,10,5
167,1769389116656661000,1769389116656661000,0,7,3,0,8,6,10,8,5,11,7,2,1,10,8,1,3,4,0,5,6,0,4,3,8,6,10,9,2,7,10,3,2,11,10,5
168,1769475516656661000,1769475516656661000,0,11,3,0,8,6,10,0,5,11,7,2,1,11,8,1,3,4,0,9,6,0,4,3,8,1,10,9,2,7,10,1,2,11,10,5
169,1769561916656661000,1769561916656661000,0,10,3,0,8,6,10,4,5,11,7,2,1,7,8,1,3,4,0,2,6,0,4,3,8,3,10,9,2,7,10,6,2,11,10,5
170,1769648316656661000,1769648316656661000,0,4,3,0,8,6,10,10,5,11,7,2,1,6,8,1,3,4,0,8,6,0,4,3,8,5,10,9,2,7,10,7,2,11,10,5
171,1769734716656661000,1769734716656661000,0,0,3,0,8,6,10,11,5,11,7,2,1,1,8,1,3,4,0,0,6,0,4,3,8,9,10,9,2,7,10,11,2,11,10,5
172,1769993916656661000,1769993916656661000,0,9,3,0,8,6,10,1,5,11,7,2,1,9,8,1,3,4,0,11,6,0,4,3,8,0,10,9,2,7,10,0,2,11,10,5
173,1770080316656661000,1770080316656661000,0,5,3,0,8,6,10,3,5,11,7,2,1,2,8,1,3,4,0,7,6,0,4,3,8,4,10,9,2,7,10,8,2,11,10,5
174,1770166716656661000,1770166716656661000,0,3,3,10,8,3,10,5,5,4,7,5,1,8,8,7,3,8,0,6,6,2,4,6,8,10,10,3,2,10,10,2,2,6,10,2
175,1770253116656661000,1770253116656661000,0,1,3,10,8,3,10,9,5,4,7,5,1,0,8,7,3,8,0,1,6,2,4,6,8,11,10,3,2,10,10,9,2,6,10,2
176,1770339516656661000,1770339516656661000,0,6,3,10,8,3,10,2,5,4,7,5,1,4,8,7,3,8,0,3,6,2,4,6,8,7,10,3,2,10,10,5,2,6,10,2
177,1770598716656661000,1770598716656661000,0,10,3,10,8,3,10,4,5,4,7,5,1,7,8,7,3,8,0,2,6,2,4,6,8,3,10,3,2,10,10,6,2,6,10,2
178,1770685116656661000,1770685116656661000,0,4,3,10,8,3,10,10,5,4,7,5,1,6,8,7,3,8,0,8,6,2,4,6,8,5,10,3,2,10,10,7,2,6,10,2
179,1770771516656661000,1770771516656661000,0,0,3,10,8,3,10,11,5,4,7,5,1,1,8,7,3,8,0,0,6,2,4,6,8,9,10,3,2,10,10,11,2,6,10,2
180,1770857916656661000,1770857916656661000,0,8,3,10,8,3,10,7,5,4,7,5,1,3,8,7,3,8,0,4,6,2,4,6,8,2,10,3,2,10,10,10,2,6,10,2
181,1770944316656661000,1770944316656661000,0,2,3,10,8,3,10,6,5,4,7,5,1,5,8,7,3,8,0,10,6,2,4,6,8,8,10,3,2,10,10,4,2,6,10,2
182,1771203516656661000,1771203516656661000,0,3,3,10,8,3,10,5,5,4,7,5,1,8,8,7,3,8,0,6,6,2,4,6,8,10,10,3,2,10,10,2,2,6,10,2
183,1771289916656661000,1771289916656661000,0,1,6,10,2,9,10,9,2,4,6,1,1,0,4,7,5,9,0,1,3,2,10,11,8,11,7,3,8,0,10,9,5,6,4,0
184,1771376316656661000,1771376316656661000,0,6,6,10,2,9,10,2,2,4,6,1,1,4,4,7,5,9,0,3,3,2,10,11,8,7,7,3,8,0,10,5,5,6,4,0
185,1771462716656661000,1771462716656661000,0,7,6,8,2,1,10,8,2,7,6,9,1,10,4,3,5,0,0,5,3,4,10,1,8,6,7,2,8,11,10,3,5,10,4,9
186,1771549116656661000,1771549116656661000,0,11,6,8,2,1,10,0,2,7,6,9,1,11,4,3,5,0,0,9,3,4,10,1,8,1,7,2,8,11,10,1,5,10,4,9
187,1771808316656661000,1771808316656661000,0,0,6,8,2,1,10,11,2,7,6,9,1,1,4,3,5,0,0,0,3,4,10,1,8,9,7,2,8,11,10,11,5,10,4,9
188,1771894716656661000,1771894716656661000,0,8,6,8,2,1,10,7,2,7,6,9,1,3,4,3,5,0,0,4,3,4,10,1,8,2,7,2,8,11,10,10,5,10,4,9
189,1771981116656661000,1771981116656661000,0,2,6,8,2,1,10,6,2,7,6,9,1,5,4,3,5,0,0,10,3,4,10,1,8,8,7,2,8,11,10,4,5,10,4,9
190,1772067516656661000,1772067516656661000,0,9,6,8,2,1,10,1,2,7,6,9,1,9,4,3,5,0,0,11,3,4,10,1,8,0,7,2,8,11,10,0,5,10,4,9
191,1772153916656661000,1772153916656661000,0,5,6,8,2,1,10,3,2,7,6,9,1,2,4,3,5,0,0,7,3,4,10,1,8,4,7,2,8,11,10,8,5,10,4,9
192,1772413116656661000,1772413116656661000,0,6,6,8,2,1,10,2,2,7,6,9,1,4,4,3,5,0,0,3,3,4,10,1,8,7,7,2,8,11,10,5,5,10,4,9
193,1772499516656661000,1772499516656661000,0,7,6,8,2,1,10,8,2,7,6,9,1,10,4,3,5,0,0,5,3,4,10,1,8,6,7,2,8,11,10,3,5,10,4,9
194,1772585916656661000,1772585916656661000,0,11,6,8,2,1,10,0,2,7,6,9,1,11,4,3,5,0,0,9,3,4,10,1,8,1,7,2,8,11,10,1,5,10,4,9
195,1772672316656661000,1772672316656661000,0,10,6,8,2,1,10,4,2,7,6,9,1,7,4,3,5,0,0,2,3,4,10,1,8,3,7,2,8,11,10,6,5,10,4,9
196,1772758716656661000,1772758716656661000,0,4,6,4,2,5,10,10,2,10,6,3,1,6,4,6,5,2,0,8,3,8,10,7,8,5,7,5,8,4,10,7,5,7,4,8
197,1773017916656661000,1773017916656661000,0,2,6,4,2,5,10,6,2,10,6,3,1,5,4,6,5,2,0,10,3,8,10,7,8,8,7,5,8,4,10,4,5,7,4,8
198,1773104316656661000,1773104316656661000,0,9,6,4,2,5,10,1,2,10,6,3,1,9,4,6,5,2,0,11,3,8,10,7,8,0,7,5,8,4,10,0,5,7,4,8
199,1773190716656661000,1773190716656661000,0,5,6,4,2,5,10,3,2,10,6,3,1,2,4,6,5,2,0,7,3,8,10,7,8,4,7,5,8,4,10,8,5,7,4,8
200,1773277116656661000,1773277116656661000,0,3,6,4,2,5,10,5,2,10,6,3,1,8,4,6,5,2,0,6,3,8,10,7,8,10,7,5,8,4,10,2,5,7,4,8
201,1773363516656661000,1773363516656661000,0,1,6,4,2,5,10,9,2,10,6,3,1,0,4,6,5,2,0,1,3,8,10,7,8,11,7,5,8,4,10,9,5,7,4,8
202,1773622716656661000,1773622716656661000,0,11,6,4,2,5,10,0,2,10,6,3,1,11,4,6,5,2,0,9,3,8,10,7,8,1,7,5,8,4,10,1,5,7,4,8
203,1773709116656661000,1773709116656661000,0,10,6,4,2,5,10,4,2,10,6,3,1,7,4,6,5,2,0,2,3,8,10,7,8,3,7,5,8,4,10,6,5,7,4,8
204,1773795516656661000,1773795516656661000,0,4,6,4,2,5,10,10,2,10,6,3,1,6,4,6,5,2,0,8,3,8,10,7,8,5,7,5,8,4,10,7,5,7,4,8
205,1773881916656661000,1773881916656661000,0,0,6,4,2,5,10,11,2,10,6,3,1,1,4,6,5,2,0,0,3,8,10,7,8,9,7,5,8,4,10,11,5,7,4,8
206,1773968316656661000,1773968316656661000,0,8,6,4,2,5,10,7,2,10,6,3,1,3,4,6,5,2,0,4,3,8,10,7,8,2,7,5,8,4,10,10,5,7,4,8
207,1774227516656661000,1774227516656661000,0,5,6,2,2,6,10,3,2,6,6,2,1,2,4,5,5,4,0,7,3,10,10,3,8,4,7,8,8,7,10,8,5,4,4,5
208,1774313916656661000,1774313916656661000,0,3,6,2,2,6,10,5,2,6,6,2,1,8,4,5,5,4,0,6,3,10,10,3,8,10,7,8,8,7,10,2,5,4,4,5
209,1774400316656661000,1774400316656661000,0,1,6,2,2,6,10,9,2,6,6,2,1,0,4,5,5,4,0,1,3,10,10,3,8,11,7,8,8,7,10,9,5,4,4,5
210,1774486716656661000,1774486716656661000,0,6,6,2,2,6,10,2,2,6,6,2,1,4,4,5,5,4,0,3,3,10,10,3,8,7,7,8,8,7,10,5,5,4,4,5
211,1774573116656661000,1774573116656661000,0,7,6,2,2,6,10,8,2,6,6,2,1,10,4,5,5,4,0,5,3,10,10,3,8,6,7,8,8,7,10,3,5,4,4,5
212,1774832316656661000,1774832316656661000,0,4,6,2,2,6,10,10,2,6,6,2,1,6,4,5,5,4,0,8,3,10,10,3,8,5,7,8,8,7,10,7,5,4,4,5
213,1774918716656661000,1774918716656661000,0,0,6,2,2,6,10,11,2,6,6,2,1,1,4,5,5,4,0,0,3,10,10,3,8,9,7,8,8,7,10,11,5,4,4,5
214,1775005116656661000,1775005116656661000,0,8,6,2,2,6,10,7,2,6,6,2,1,3,4,5,5,4,0,4,3,10,10,3,8,2,7,8,8,7,10,10,5,4,4,5
215,1775091516656661000,1775091516656661000,0,2,6,2,2,6,10,6,2,6,6,2,1,5,4,5,5,4,0,10,3,10,10,3,8,8,7,8,8,7,10,4,5,4,4,5
216,1775177916656661000,1775177916656661000,0,9,6,2,2,6,10,1,2,6,6,2,1,9,4,5,5,4,0,11,3,10,10,3,8,0,7,8,8,7,10,0,5,4,4,5
217,1775437116656661000,1775437116656661000,0,1,6,0,2,3,10,9,2,11,6,5,1,0,4,1,5,8,0,1,3,0,10,6,8,11,7,9,8,10,10,9,5,11,4,2
218,1775523516656661000,1775523516656661000,0,6,6,0,2,3,10,2,2,11,6,5,1,4,4,1,5,8,0,3,3,0,10,6,8,7,7,9,8,10,10,5,5,11,4,2
219,1775609916656661000,1775609916656661000,0,7,6,0,2,3,10,8,2,11,6,5,1,10,4,1,5,8,0,5,3,0,10,6,8,6,7,9,8,10,10,3,5,11,4,2
220,1775696316656661000,1775696316656661000,0,11,6,0,2,3,10,0,2,11,6,5,1,11,4,1,5,8,0,9,3,0,10,6,8,1,7,9,8,10,10,1,5,11,4,2
221,1775782716656661000,1775782716656661000,0,10,6,0,2,3,10,4,2,11,6,5,1,7,4,1,5,8,0,2,3,0,10,6,8,3,7,9,8,10,10,6,5,11,4,2
222,1776041916656661000,1776041916656661000,0,8,6,0,2,3,10,7,2,11,6,5,1,3,4,1,5,8,0,4,3,0,10,6,8,2,7,9,8,10,10,10,5,11,4,2
223,1776128316656661000,1776128316656661000,0,2,6,0,2,3,10,6,2,11,6,5,1,5,4,1,5,8,0,10,3,0,10,6,8,8,7,9,8,10,10,4,5,11,4,2
224,1776214716656661000,1776214716656661000,0,9,6,0,2,3,10,1,2,11,6,5,1,9,4,1,5,8,0,11,3,0,10,6,8,0,7,9,8,10,10,0,5,11,4,2
225,1776301116656661000,1776301116656661000,0,5,6,0,2,3,10,3,2,11,6,5,1,2,4,1,5,8,0,7,3,0,10,6,8,4,7,9,8,10,10,8,5,11,4,2
226,1776387516656661000,1776387516656661000,0,3,6,0,2,3,10,5,2,11,6,5,1,8,4,1,5,8,0,6,3,0,10,6,8,10,7,9,8,10,10,2,5,11,4,2
227,1776646716656661000,1776646716656661000,0,7,6,0,2,3,10,8,2,11,6,5,1,10,4,1,5,8,0,5,3,0,10,6,8,6,7,9,8,10,10,3,5,11,4,2
228,1776733116656661000,1776733116656661000,0,11,6,9,2,7,10,0,2,1,6,8,1,11,4,9,5,10,0,9,3,11,10,5,8,1,7,0,8,6,10,1,5,0,4,3
229,1776819516656661000,1776819516656661000,0,10,6,9,2,7,10,4,2,1,6,8,1,7,4,9,5,10,0,2,3,11,10,5,8,3,7,0,8,6,10,6,5,0,4,3
230,1776905916656661000,1776905916656661000,0,4,6,9,2,7,10,10,2,1,6,8,1,6,4,9,5,10,0,8,3,11,10,5,8,5,7,0,8,6,10,7,5,0,4,3
231,1776992316656661000,1776992316656661000,0,0,6,9,2,7,10,11,2,1,6,8,1,1,4,9,5,10,0,0,3,11,10,5,8,9,7,0,8,6,10,11,5,0,4,3
232,1777251516656661000,1777251516656661000,0,9,6,9,2,7,10,1,2,1,6,8,1,9,4,9,5,10,0,11,3,11,10,5,8,0,7,0,8,6,10,0,5,0,4,3
233,1777337916656661000,1777337916656661000,0,5,6,9,2,7,10,3,2,1,6,8,1,2,4,9,5,10,0,7,3,11,10,5,8,4,7,0,8,6,10,8,5,0,4,3
234,1777424316656661000,1777424316656661000,0,3,6,9,2,7,10,5,2,1,6,8,1,8,4,9,5,10,0,6,3,11,10,5,8,10,7,0,8,6,10,2,5,0,4,3
235,1777510716656661000,1777510716656661000,0,1,6,9,2,7,10,9,2,1,6,8,1,0,4,9,5,10,0,1,3,11,10,5,8,11,7,0,8,6,10,9,5,0,4,3
236,1777597116656661000,1777597116656661000,0,6,6,9,2,7,10,2,2,1,6,8,1,4,4,9,5,10,0,3,3,11,10,5,8,7,7,0,8,6,10,5,5,0,4,3
237,1777856316656661000,1777856316656661000,0,10,6,9,2,7,10,4,2,1,6,8,1,7,4,9,5,10,0,2,3,11,10,5,8,3,7,0,8,6,10,6,5,0,4,3
238,1777942716656661000,1777942716656661000,0,4,6,9,2,7,10,10,2,1,6,8,1,6,4,9,5,10,0,8,3,11,10,5,8,5,7,0,8,6,10,7,5,0,4,3
239,1778029116656661000,1778029116656661000,0,0,6,8,2,1,10,11,2,7,6,9,1,1,4,3,5,0,0,0,3,4,10,1,8,9,7,2,8,11,10,11,5,10,4,9
240,1778115516656661000,1778115516656661000,0,8,6,8,2,1,10,7,2,7,6,9,1,3,4,3,5,0,0,4,3,4,10,1,8,2,7,2,8,11,10,10,5,10,4,9
241,1778201916656661000,1778201916656661000,0,2,6,8,2,1,10,6,2,7,6,9,1,5,4,3,5,0,0,10,3,4,10,1,8,8,7,2,8,11,10,4,5,10,4,9
242,1778461116656661000,1778461116656661000,0,3,6,8,2,1,10,5,2,7,6,9,1,8,4,3,5,0,0,6,3,4,10,1,8,10,7,2,8,11,10,2,5,10,4,9
243,1778547516656661000,1778547516656661000,0,1,6,8,2,1,10,9,2,7,6,9,1,0,4,3,5,0,0,1,3,4,10,1,8,11,7,2,8,11,10,9,5,10,4,9
244,1778633916656661000,1778633916656661000,0,6,6,8,2,1,10,2,2,7,6,9,1,4,4,3,5,0,0,3,3,4,10,1,8,7,7,2,8,11,10,5,5,10,4,9
245,1778720316656661000,1778720316656661000,0,7,6,8,2,1,10,8,2,7,6,9,1,10,4,3,5,0,0,5,3,4,10,1,8,6,7,2,8,11,10,3,5,10,4,9
246,1778806716656661000,1778806716656661000,0,11,6,8,2,1,10,0,2,7,6,9,1,11,4,3,5,0,0,9,3,4,10,1,8,1,7,2,8,11,10,1,5,10,4,9
247,1779065916656661000,1779065916656661000,0,0,6,8,2,1,10,11,2,7,6,9,1,1,4,3,5,0,0,0,3,4,10,1,8,9,7,2,8,11,10,11,5,10,4,9
248,1779152316656661000,1779152316656661000,0,8,6,8,2,1,10,7,2,7,6,9,1,3,4,3,5,0,0,4,3,4,10,1,8,2,7,2,8,11,10,10,5,10,4,9
249,1779238716656661000,1779238716656661000,0,2,6,8,2,1,10,6,2,7,6,9,1,5,4,3,5,0,0,10,3,4,10,1,8,8,7,2,8,11,10,4,5,10,4,9
250,1779325116656661000,1779325116656661000,0,9,6,8,2,1,10,1,2,7,6,9,1,9,4,3,5,0,0,11,3,4,10,1,8,0,7,2,8,11,10,0,5,10,4,9
251,1779411516656661000,1779411516656661000,0,5,6,5,2,11,10,3,2,3,6,0,1,2,4,2,5,11,0,7,3,7,10,9,8,4,7,4,8,1,10,8,5,8,4,1
252,1779670716656661000,1779670716656661000,0,6,6,5,2,11,10,2,2,3,6,0,1,4,4,2,5,11,0,3,3,7,10,9,8,7,7,4,8,1,10,5,5,8,4,1
253,1779757116656661000,1779757116656661000,0,7,6,5,2,11,10,8,2,3,6,0,1,10,4,2,5,11,0,5,3,7,10,9,8,6,7,4,8,1,10,3,5,8,4,1
254,1779843516656661000,1779843516656661000,0,11,6,5,2,11,10,0,2,3,6,0,1,11,4,2,5,11,0,9,3,7,10,9,8,1,7,4,8,1,10,1,5,8,4,1
255,1779929916656661000,1779929916656661000,0,10,6,5,2,11,10,4,2,3,6,0,1,7,4,2,5,11,0,2,3,7,10,9,8,3,7,4,8,1,10,6,5,8,4,1
256,1780016316656661000,1780016316656661000,0,4,6,5,2,11,10,10,2,3,6,0,1,6,4,2,5,11,0,8,3,7,10,9,8,5,7,4,8,1,10,7,5,8,4,1
257,1780275516656661000,1780275516656661000,0,2,6,5,2,11,10,6,2,3,6,0,1,5,4,2,5,11,0,10,3,7,10,9,8,8,7,4,8,1,10,4,5,8,4,1
258,1780361916656661000,1780361916656661000,0,9,6,5,2,11,10,1,2,3,6,0,1,9,4,2,5,11,0,11,3,7,10,9,8,0,7,4,8,1,10,0,5,8,4,1
259,1780448316656661000,1780448316656661000,0,5,6,5,2,11,10,3,2,3,6,0,1,2,4,2,5,11,0,7,3,7,10,9,8,4,7,4,8,1,10,8,5,8,4,1
260,1780534716656661000,1780534716656661000,0,3,6,5,2,11,10,5,2,3,6,0,1,8,4,2,5,11,0,6,3,7,10,9,8,10,7,4,8,1,10,2,5,8,4,1
261,1780621116656661000,1780621116656661000,0,1,6,5,2,11,10,9,2,3,6,0,1,0,4,2,5,11,0,1,3,7,10,9,8,11,7,4,8,1,10,9,5,8,4,1
262,1780880316656661000,1780880316656661000,0,11,3,2,3,11,10,0,5,6,5,0,1,11,8,5,8,11,0,9,6,10,6,9,8,1,10,8,10,1,10,1,2,4,2,1
263,1780966716656661000,1780966716656661000,0,10,3,2,3,11,10,4,5,6,5,0,1,7,8,5,8,11,0,2,6,10,6,9,8,3,10,8,10,1,10,6,2,4,2,1
264,1781053116656661000,1781053116656661000,0,4,3,2,3,11,10,10,5,6,5,0,1,6,8,5,8,11,0,8,6,10,6,9,8,5,10,8,10,1,10,7,2,4,2,1
265,1781139516656661000,1781139516656661000,0,0,3,2,3,11,10,11,5,6,5,0,1,1,8,5,8,11,0,0,6,10,6,9,8,9,10,8,10,1,10,11,2,4,2,1
266,1781225916656661000,1781225916656661000,0,8,3,2,3,11,10,7,5,6,5,0,1,3,8,5,8,11,0,4,6,10,6,9,8,2,10,8,10,1,10,10,2,4,2,1
267,1781485116656661000,1781485116656661000,0,5,3,2,3,11,10,3,5,6,5,0,1,2,8,5,8,11,0,7,6,10,6,9,8,4,10,8,10,1,10,8,2,4,2,1
268,1781571516656661000,1781571516656661000,0,3,3,2,3,11,10,5,5,6,5,0,1,8,8,5,8,11,0,6,6,10,6,9,8,10,10,8,10,1,10,2,2,4,2,1
269,1781657916656661000,1781657916656661000,0,1,3,2,3,11,10,9,5,6,5,0,1,0,8,5,8,11,0,1,6,10,6,9,8,11,10,8,10,1,10,9,2,4,2,1
270,1781744316656661000,1781744316656661000,0,6,3,2,3,11,10,2,5,6,5,0,1,4,8,5,8,11,0,3,6,10,6,9,8,7,10,8,10,1,10,5,2,4,2,1
271,1781830716656661000,1781830716656661000,0,7,3,2,3,11,10,8,5,6,5,0,1,10,8,5,8,11,0,5,6,10,6,9,8,6,10,8,10,1,10,3,2,4,2,1
272,1782089916656661000,1782089916656661000,0,4,3,3,3,0,10,10,5,5,5,11,1,6,8,8,8,1,0,8,6,6,6,0,8,5,10,10,10,9,10,7,2,2,2,11
273,1782176316656661000,1782176316656661000,0,0,3,3,3,0,10,11,5,5,5,11,1,1,8,8,8,1,0,0,6,6,6,0,8,9,10,10,10,9,10,11,2,2,2,11
274,1782262716656661000,1782262716656661000,0,8,3,3,3,0,10,7,5,5,5,11,1,3,8,8,8,1,0,4,6,6,6,0,8,2,10,10,10,9,10,10,2,2,2,11
275,1782349116656661000,1782349116656661000,0,2,3,3,3,0,10,6,5,5,5,11,1,5,8,8,8,1,0,10,6,6,6,0,8,8,10,10,10,9,10,4,2,2,2,11
276,1782435516656661000,1782435516656661000,0,9,3,3,3,0,10,1,5,5,5,11,1,9,8,8,8,1,0,11,6,6,6,0,8,0,10,10,10,9,10,0,2,2,2,11
277,1782694716656661000,1782694716656661000,0,1,3,3,3,0,10,9,5,5,5,11,1,0,8,8,8,1,0,1,6,6,6,0,8,11,10,10,10,9,10,9,2,2,2,11
278,1782781116656661000,1782781116656661000,0,6,3,3,3,0,10,2,5,5,5,11,1,4,8,8,8,1,0,3,6,6,6,0,8,7,10,10,10,9,10,5,2,2,2,11
279,1782867516656661000,1782867516656661000,0,7,3,3,3,0,10,8,5,5,5,11,1,10,8,8,8,1,0,5,6,6,6,0,8,6,10,10,10,9,10,3,2,2,2,11
280,1782953916656661000,1782953916656661000,0,11,3,3,3,0,10,0,5,5,5,11,1,11,8,8,8,1,0,9,6,6,6,0,8,1,10,10,10,9,10,1,2,2,2,11
281,1783040316656661000,1783040316656661000,0,10,3,3,3,0,10,4,5,5,5,11,1,7,8,8,8,1,0,2,6,6,6,0,8,3,10,10,10,9,10,6,2,2,2,11
282,1783299516656661000,1783299516656661000,0,8,3,3,3,0,10,7,5,5,5,11,1,3,8,8,8,1,0,4,6,6,6,0,8,2,10,10,10,9,10,10,2,2,2,11
283,1783385916656661000,1783385916656661000,0,2,3,3,3,0,10,6,5,5,5,11,1,5,8,8,8,1,0,10,6,6,6,0,8,8,10,10,10,9,10,4,2,2,2,11
284,1783472316656661000,1783472316656661000,0,9,3,9,3,10,10,1,5,1,5,4,1,9,8,9,8,7,0,11,6,11,6,2,8,0,10,0,10,3,10,0,2,0,2,6
285,1783558716656661000,1783558716656661000,0,5,3,9,3,10,10,3,5,1,5,4,1,2,8,9,8,7,0,7,6,11,6,2,8,4,10,0,10,3,10,8,2,0,2,6
286,1783645116656661000,1783645116656661000,0,3,3,9,3,10,10,5,5,1,5,4,1,8,8,9,8,7,0,6,6,11,6,2,8,10,10,0,10,3,10,2,2,0,2,6
287,1783904316656661000,1783904316656661000,0,7,3,9,3,10,10,8,5,1,5,4,1,10,8,9,8,7,0,5,6,11,6,2,8,6,10,0,10,3,10,3,2,0,2,6
288,1783990716656661000,1783990716656661000,0,11,3,9,3,10,10,0,5,1,5,4,1,11,8,9,8,7,0,9,6,11,6,2,8,1,10,0,10,3,10,1,2,0,2,6
289,1784077116656661000,1784077116656661000,0,10,3,9,3,10,10,4,5,1,5,4,1,7,8,9,8,7,0,2,6,11,6,2,8,3,10,0,10,3,10,6,2,0,2,6
290,1784163516656661000,1784163516656661000,0,4,3,9,3,10,10,10,5,1,5,4,1,6,8,9,8,7,0,8,6,11,6,2,8,5,10,0,10,3,10,7,2,0,2,6
291,1784249916656661000,1784249916656661000,0,0,3,9,3,10,10,11,5,1,5,4,1,1,8,9,8,7,0,0,6,11,6,2,8,9,10,0,10,3,10,11,2,0,2,6
292,1784509116656661000,1784509116656661000,0,9,3,9,3,10,10,1,5,1,5,4,1,9,8,9,8,7,0,11,6,11,6,2,8,0,10,0,10,3,10,0,2,0,2,6
293,1784595516656661000,1784595516656661000,0,5,3,9,3,10,10,3,5,1,5,4,1,2,8,9,8,7,0,7,6,11,6,2,8,4,10,0,10,3,10,8,2,0,2,6
294,1784681916656661000,1784681916656661000,0,3,3,9,3,10,10,5,5,1,5,4,1,8,8,9,8,7,0,6,6,11,6,2,8,10,10,0,10,3,10,2,2,0,2,6
295,1784768316656661000,1784768316656661000,0,1,3,1,3,8,10,9,5,9,5,7,1,0,8,0,8,3,0,1,6,1,6,4,8,11,10,11,10,2,10,9,2,9,2,10
296,1784854716656661000,1784854716656661000,0,6,3,1,3,8,10,2,5,9,5,7,1,4,8,0,8,3,0,3,6,1,6,4,8,7,10,11,10,2,10,5,2,9,2,10
297,1785113916656661000,1785113916656661000,0,10,3,1,3,8,10,4,5,9,5,7,1,7,8,0,8,3,0,2,6,1,6,4,8,3,10,11,10,2,10,6,2,9,2,10
298,1785200316656661000,1785200316656661000,0,4,3,1,3,8,10,10,5,9,5,7,1,6,8,0,8,3,0,8,6,1,6,4,8,5,10,11,10,2,10,7,2,9,2,10
299,1785286716656661000,1785286716656661000,0,0,3,1,3,8,10,11,5,9,5,7,1,1,8,0,8,3,0,0,6,1,6,4,8,9,10,11,10,2,10,11,2,9,2,10
300,1785373116656661000,1785373116656661000,0,8,3,1,3,8,10,7,5,9,5,7,1,3,8,0,8,3,0,4,6,1,6,4,8,2,10,11,10,2,10,10,2,9,2,10
301,1785459516656661000,1785459516656661000,0,2,3,1,3,8,10,6,5,9,5,7,1,5,8,0,8,3,0,10,6,1,6,4,8,8,10,11,10,2,10,4,2,9,2,10
302,1785718716656661000,1785718716656661000,0,3,3,1,3,8,10,5,5,9,5,7,1,8,8,0,8,3,0,6,6,1,6,4,8,10,10,11,10,2,10,2,2,9,2,10
303,1785805116656661000,1785805116656661000,0,1,3,1,3,8,10,9,5,9,5,7,1,0,8,0,8,3,0,1,6,1,6,4,8,11,10,11,10,2,10,9,2,9,2,10
304,1785891516656661000,1785891516656661000,0,6,3,1,3,8,10,2,5,9,5,7,1,4,8,0,8,3,0,3,6,1,6,4,8,7,10,11,10,2,10,5,2,9,2,10
305,1785977916656661000,1785977916656661000,0,7,3,1,3,8,10,8,5,9,5,7,1,10,8,0,8,3,0,5,6,1,6,4,8,6,10,11,10,2,10,3,2,9,2,10
306,1786064316656661000,1786064316656661000,0,11,3,1,3,8,10,0,5,9,5,7,1,11,8,0,8,3,0,9,6,1,6,4,8,1,10,11,10,2,10,1,2,9,2,10
307,1786323516656661000,1786323516656661000,0,0,3,5,3,4,10,11,5,3,5,10,1,1,8,2,8,6,0,0,6,7,6,8,8,9,10,4,10,5,10,11,2,8,2,7
308,1786409916656661000,1786409916656661000,0,8,3,5,3,4,10,7,5,3,5,10,1,3,8,2,8,6,0,4,6,7,6,8,8,2,10,4,10,5,10,10,2,8,2,7
309,1786496316656661000,1786496316656661000,0,2,3,5,3,4,10,6,5,3,5,10,1,5,8,2,8,6,0,10,6,7,6,8,8,8,10,4,10,5,10,4,2,8,2,7
310,1786582716656661000,1786582716656661000,0,9,3,5,3,4,10,1,5,3,5,10,1,9,8,2,8,6,0,11,6,7,6,8,8,0,10,4,10,5,10,0,2,8,2,7
311,1786669116656661000,1786669116656661000,0,5,3,5,3,4,10,3,5,3,5,10,1,2,8,2,8,6,0,7,6,7,6,8,8,4,10,4,10,5,10,8,2,8,2,7
312,1786928316656661000,1786928316656661000,0,6,3,5,3,4,10,2,5,3,5,10,1,4,8,2,8,6,0,3,6,7,6,8,8,7,10,4,10,5,10,5,2,8,2,7
313,1787014716656661000,1787014716656661000,0,7,3,5,3,4,10,8,5,3,5,10,1,10,8,2,8,6,0,5,6,7,6,8,8,6,10,4,10,5,10,3,2,8,2,7
314,1787101116656661000,1787101116656661000,0,11,3,5,3,4,10,0,5,3,5,10,1,11,8,2,8,6,0,9,6,7,6,8,8,1,10,4,10,5,10,1,2,8,2,7
315,1787187516656661000,1787187516656661000,0,10,3,5,3,4,10,4,5,3,5,10,1,7,8,2,8,6,0,2,6,7,6,8,8,3,10,4,10,5,10,6,2,8,2,7
316,1787273916656661000,1787273916656661000,0,4,3,5,3,4,10,10,5,3,5,10,1,6,8,2,8,6,0,8,6,7,6,8,8,5,10,4,10,5,10,7,2,8,2,7
317,1787533116656661000,1787533116656661000,0,2,3,6,3,2,10,6,5,2,5,6,1,5,8,4,8,5,0,10,6,3,6,10,8,8,10,7,10,8,10,4,2,5,2,4
318,1787619516656661000,1787619516656661000,0,9,3,6,3,2,10,1,5,2,5,6,1,9,8,4,8,5,0,11,6,3,6,10,8,0,10,7,10,8,10,0,2,5,2,4
319,1787705916656661000,1787705916656661000,0,5,3,6,3,2,10,3,5,2,5,6,1,2,8,4,8,5,0,7,6,3,6,10,8,4,10,7,10,8,10,8,2,5,2,4
320,1787792316656661000,1787792316656661000,0,3,3,6,3,2,10,5,5,2,5,6,1,8,8,4,8,5,0,6,6,3,6,10,8,10,10,7,10,8,10,2,2,5,2,4
321,1787878716656661000,1787878716656661000,0,1,3,6,3,2,10,9,5,2,5,6,1,0,8,4,8,5,0,1,6,3,6,10,8,11,10,7,10,8,10,9,2,5,2,4
322,1788137916656661000,1788137916656661000,0,11,3,6,3,2,10,0,5,2,5,6,1,11,8,4,8,5,0,9,6,3,6,10,8,1,10,7,10,8,10,1,2,5,2,4
323,1788224316656661000,1788224316656661000,0,10,3,6,3,2,10,4,5,2,5,6,1,7,8,4,8,5,0,2,6,3,6,10,8,3,10,7,10,8,10,6,2,5,2,4
324,1788310716656661000,1788310716656661000,0,4,3,6,3,2,10,10,5,2,5,6,1,6,8,4,8,5,0,8,6,3,6,10,8,5,10,7,10,8,10,7,2,5,2,4
325,1788397116656661000,1788397116656661000,0,0,3,6,3,2,10,11,5,2,5,6,1,1,8,4,8,5,0,0,6,3,6,10,8,9,10,7,10,8,10,11,2,5,2,4
326,1788483516656661000,1788483516656661000,0,8,3,6,3,2,10,7,5,2,5,6,1,3,8,4,8,5,0,4,6,3,6,10,8,2,10,7,10,8,10,10,2,5,2,4
327,1788742716656661000,1788742716656661000,0,5,3,6,3,2,10,3,5,2,5,6,1,2,8,4,8,5,0,7,6,3,6,10,8,4,10,7,10,8,10,8,2,5,2,4
328,1788829116656661000,1788829116656661000,0,3,3,3,3,0,10,5,5,5,5,11,1,8,8,8,8,1,0,6,6,6,6,0,8,10,10,10,10,9,10,2,2,2,2,11
329,1788915516656661000,1788915516656661000,0,1,3,3,3,0,10,9,5,5,5,11,1,0,8,8,8,1,0,1,6,6,6,0,8,11,10,10,10,9,10,9,2,2,2,11
330,1789001916656661000,1789001916656661000,0,6,3,3,3,0,10,2,5,5,5,11,1,4,8,8,8,1,0,3,6,6,6,0,8,7,10,10,10,9,10,5,2,2,2,11
331,1789088316656661000,1789088316656661000,0,7,3,3,3,0,10,8,5,5,5,11,1,10,8,8,8,1,0,5,6,6,6,0,8,6,10,10,10,9,10,3,2,2,2,11
332,1789347516656661000,1789347516656661000,0,4,3,3,3,0,10,10,5,5,5,11,1,6,8,8,8,1,0,8,6,6,6,0,8,5,10,10,10,9,10,7,2,2,2,11
333,1789433916656661000,1789433916656661000,0,0,3,3,3,0,10,11,5,5,5,11,1,1,8,8,8,1,0,0,6,6,6,0,8,9,10,10,10,9,10,11,2,2,2,11
334,1789520316656661000,1789520316656661000,0,8,3,3,3,0,10,7,5,5,5,11,1,3,8,8,8,1,0,4,6,6,6,0,8,2,10,10,10,9,10,10,2,2,2,11
335,1789606716656661000,1789606716656661000,0,2,3,3,3,0,10,6,5,5,5,11,1,5,8,8,8,1,0,10,6,6,6,0,8,8,10,10,10,9,10,4,2,2,2,11
336,1789693116656661000,1789693116656661000,0,9,3,3,3,0,10,1,5,5,5,11,1,9,8,8,8,1,0,11,6,6,6,0,8,0,10,10,10,9,10,0,2,2,2,11
337,1789952316656661000,1789952316656661000,0,1,3,3,3,0,10,9,5,5,5,11,1,0,8,8,8,1,0,1,6,6,6,0,8,11,10,10,10,9,10,9,2,2,2,11
338,1790038716656661000,1790038716656661000,0,6,3,3,3,0,10,2,5,5,5,11,1,4,8,8,8,1,0,3,6,6,6,0,8,7,10,10,10,9,10,5,2,2,2,11
339,1790125116656661000,1790125116656661000,0,7,3,7,3,9,10,8,5,8,5,1,1,10,8,10,8,9,0,5,6,5,6,11,8,6,10,6,10,0,10,3,2,3,2,0
340,1790211516656661000,1790211516656661000,0,11,3,7,3,9,10,0,5,8,5,1,1,11,8,10,8,9,0,9,6,5,6,11,8,1,10,6,10,0,10,1,2,3,2,0
341,1790297916656661000,1790297916656661000,0,10,3,7,3,9,10,4,5,8,5,1,1,7,8,10,8,9,0,2,6,5,6,11,8,3,10,6,10,0,10,6,2,3,2,0
342,1790557116656661000,1790557116656661000,0,8,3,7,3,9,10,7,5,8,5,1,1,3,8,10,8,9,0,4,6,5,6,11,8,2,10,6,10,0,10,10,2,3,2,0
343,1790643516656661000,1790643516656661000,0,2,3,7,3,9,10,6,5,8,5,1,1,5,8,10,8,9,0,10,6,5,6,11,8,8,10,6,10,0,10,4,2,3,2,0
344,1790729916656661000,1790729916656661000,0,9,3,7,3,9,10,1,5,8,5,1,1,9,8,10,8,9,0,11,6,5,6,11,8,0,10,6,10,0,10,0,2,3,2,0
345,1790816316656661000,1790816316656661000,0,5,3,7,3,9,10,3,5,8,5,1,1,2,8,10,8,9,0,7,6,5,6,11,8,4,10,6,10,0,10,8,2,3,2,0
346,1790902716656661000,1790902716656661000,0,3,3,7,3,9,10,5,5,8,5,1,1,8,8,10,8,9,0,6,6,5,6,11,8,10,10,6,10,0,10,2,2,3,2,0
347,1791161916656661000,1791161916656661000,0,7,3,7,3,9,10,8,5,8,5,1,1,10,8,10,8,9,0,5,6,5,6,11,8,6,10,6,10,0,10,3,2,3,2,0
348,1791248316656661000,1791248316656661000,0,11,3,7,3,9,10,0,5,8,5,1,1,11,8,10,8,9,0,9,6,5,6,11,8,1,10,6,10,0,10,1,2,3,2,0
349,1791334716656661000,1791334716656661000,0,10,3,7,3,9,10,4,5,8,5,1,1,7,8,10,8,9,0,2,6,5,6,11,8,3,10,6,10,0,10,6,2,3,2,0
350,1791421116656661000,1791421116656661000,0,4,3,7,3,9,10,10,5,8,5,1,1,6,8,10,8,9,0,8,6,5,6,11,8,5,10,6,10,0,10,7,2,3,2,0
351,1791507516656661000,1791507516656661000,0,0,3,1,3,8,10,11,5,9,5,7,1,1,8,0,8,3,0,0,6,1,6,4,8,9,10,11,10,2,10,11,2,9,2,10
352,1791766716656661000,1791766716656661000,0,9,3,1,3,8,10,1,5,9,5,7,1,9,8,0,8,3,0,11,6,1,6,4,8,0,10,11,10,2,10,0,2,9,2,10
353,1791853116656661000,1791853116656661000,0,5,3,1,3,8,10,3,5,9,5,7,1,2,8,0,8,3,0,7,6,1,6,4,8,4,10,11,10,2,10,8,2,9,2,10
354,1791939516656661000,1791939516656661000,0,3,3,1,3,8,10,5,5,9,5,7,1,8,8,0,8,3,0,6,6,1,6,4,8,10,10,11,10,2,10,2,2,9,2,10
355,1792025916656661000,1792025916656661000,0,1,3,1,3,8,10,9,5,9,5,7,1,0,8,0,8,3,0,1,6,1,6,4,8,11,10,11,10,2,10,9,2,9,2,10
356,1792112316656661000,1792112316656661000,0,6,3,1,3,8,10,2,5,9,5,7,1,4,8,0,8,3,0,3,6,1,6,4,8,7,10,11,10,2,10,5,2,9,2,10
357,1792371516656661000,1792371516656661000,0,10,3,1,3,8,10,4,5,9,5,7,1,7,8,0,8,3,0,2,6,1,6,4,8,3,10,11,10,2,10,6,2,9,2,10
358,1792457916656661000,1792457916656661000,0,4,3,1,3,8,10,10,5,9,5,7,1,6,8,0,8,3,0,8,6,1,6,4,8,5,10,11,10,2,10,7,2,9,2,10
359,1792544316656661000,1792544316656661000,0,0,3,1,3,8,10,11,5,9,5,7,1,1,8,0,8,3,0,0,6,1,6,4,8,9,10,11,10,2,10,11,2,9,2,10
360,1792630716656661000,1792630716656661000,0,8,3,1,3,8,10,7,5,9,5,7,1,3,8,0,8,3,0,4,6,1,6,4,8,2,10,11,10,2,10,10,2,9,2,10
361,1792717116656661000,1792717116656661000,0,2,3,1,3,8,10,6,5,9,5,7,1,5,8,0,8,3,0,10,6,1,6,4,8,8,10,11,10,2,10,4,2,9,2,10
362,1792976316656661000,1792976316656661000,0,3,3,11,3,5,10,5,5,0,5,3,1,8,8,11,8,2,0,6,6,9,6,7,8,10,10,1,10,4,10,2,2,1,2,8
363,1793062716656661000,1793062716656661000,0,1,3,11,3,5,10,9,5,0,5,3,1,0,8,11,8,2,0,1,6,9,6,7,8,11,10,1,10,4,10,9,2,1,2,8
364,1793149116656661000,1793149116656661000,0,6,3,11,3,5,10,2,5,0,5,3,1,4,8,11,8,2,0,3,6,9,6,7,8,7,10,1,10,4,10,5,2,1,2,8
365,1793235516656661000,1793235516656661000,0,7,3,11,3,5,10,8,5,0,5,3,1,10,8,11,8,2,0,5,6,9,6,7,8,6,10,1,10,4,10,3,2,1,2,8
366,1793321916656661000,1793321916656661000,0,11,3,11,3,5,10,0,5,0,5,3,1,11,8,11,8,2,0,9,6,9,6,7,8,1,10,1,10,4,10,1,2,1,2,8
367,1793581116656661000,1793581116656661000,0,0,3,11,3,5,10,11,5,0,5,3,1,1,8,11,8,2,0,0,6,9,6,7,8,9,10,1,10,4,10,11,2,1,2,8
368,1793667516656661000,1793667516656661000,0,8,3,11,3,5,10,7,5,0,5,3,1,3,8,11,8,2,0,4,6,9,6,7,8,2,10,1,10,4,10,10,2,1,2,8
369,1793753916656661000,1793753916656661000,0,2,3,11,3,5,10,6,5,0,5,3,1,5,8,11,8,2,0,10,6,9,6,7,8,8,10,1,10,4,10,4,2,1,2,8
370,1793840316656661000,1793840316656661000,0,9,3,11,3,5,10,1,5,0,5,3,1,9,8,11,8,2,0,11,6,9,6,7,8,0,10,1,10,4,10,0,2,1,2,8
371,1793926716656661000,1793926716656661000,0,5,3,11,3,5,10,3,5,0,5,3,1,2,8,11,8,2,0,7,6,9,6,7,8,4,10,1,10,4,10,8,2,1,2,8
372,1794185916656661000,1794185916656661000,0,6,3,6,3,2,10,2,5,2,5,6,1,4,8,4,8,5,0,3,6,3,6,10,8,7,10,7,10,8,10,5,2,5,2,4
373,1794272316656661000,1794272316656661000,0,7,3,6,3,2,10,8,5,2,5,6,1,10,8,4,8,5,0,5,6,3,6,10,8,6,10,7,10,8,10,3,2,5,2,4
374,1794358716656661000,1794358716656661000,0,11,3,6,3,2,10,0,5,2,5,6,1,11,8,4,8,5,0,9,6,3,6,10,8,1,10,7,10,8,10,1,2,5,2,4
375,1794445116656661000,1794445116656661000,0,10,3,6,3,2,10,4,5,2,5,6,1,7,8,4,8,5,0,2,6,3,6,10,8,3,10,7,10,8,10,6,2,5,2,4
376,1794531516656661000,1794531516656661000,0,4,3,6,3,2,10,10,5,2,5,6,1,6,8,4,8,5,0,8,6,3,6,10,8,5,10,7,10,8,10,7,2,5,2,4
377,1794790716656661000,1794790716656661000,0,2,3,6,3,2,10,6,5,2,5,6,1,5,8,4,8,5,0,10,6,3,6,10,8,8,10,7,10,8,10,4,2,5,2,4
378,1794877116656661000,1794877116656661000,0,9,3,6,3,2,10,1,5,2,5,6,1,9,8,4,8,5,0,11,6,3,6,10,8,0,10,7,10,8,10,0,2,5,2,4
379,1794963516656661000,1794963516656661000,0,5,3,6,3,2,10,3,5,2,5,6,1,2,8,4,8,5,0,7,6,3,6,10,8,4,10,7,10,8,10,8,2,5,2,4
380,1795049916656661000,1795049916656661000,0,3,3,6,3,2,10,5,5,2,5,6,1,8,8,4,8,5,0,6,6,3,6,10,8,10,10,7,10,8,10,2,2,5,2,4
381,1795136316656661000,1795136316656661000,0,1,3,6,3,2,10,9,5,2,5,6,1,0,8,4,8,5,0,1,6,3,6,10,8,11,10,7,10,8,10,9,2,5,2,4
382,1795395516656661000,1795395516656661000,0,11,3,10,3,3,10,0,5,4,5,5,1,11,8,7,8,8,0,9,6,2,6,6,8,1,10,3,10,10,10,1,2,6,2,2
383,1795481916656661000,1795481916656661000,0,10,3,10,3,3,10,4,5,4,5,5,1,7,8,7,8,8,0,2,6,2,6,6,8,3,10,3,10,10,10,6,2,6,2,2
384,1795568316656661000,1795568316656661000,0,4,3,10,3,3,10,10,5,4,5,5,1,6,8,7,8,8,0,8,6,2,6,6,8,5,10,3,10,10,10,7,2,6,2,2
385,1795654716656661000,1795654716656661000,0,0,3,10,3,3,10,11,5,4,5,5,1,1,8,7,8,8,0,0,6,2,6,6,8,9,10,3,10,10,10,11,2,6,2,2
386,1795741116656661000,1795741116656661000,0,8,3,10,3,3,10,7,5,4,5,5,1,3,8,7,8,8,0,4,6,2,6,6,8,2,10,3,10,10,10,10,2,6,2,2
387,1796000316656661000,1796000316656661000,0,5,3,10,3,3,10,3,5,4,5,5,1,2,8,7,8,8,0,7,6,2,6,6,8,4,10,3,10,10,10,8,2,6,2,2
388,1796086716656661000,1796086716656661000,0,3,3,10,3,3,10,5,5,4,5,5,1,8,8,7,8,8,0,6,6,2,6,6,8,10,10,3,10,10,10,2,2,6,2,2
389,1796173116656661000,1796173116656661000,0,1,3,10,3,3,10,9,5,4,5,5,1,0,8,7,8,8,0,1,6,2,6,6,8,11,10,3,10,10,10,9,2,6,2,2
390,1796259516656661000,1796259516656661000,0,6,3,10,3,3,10,2,5,4,5,5,1,4,8,7,8,8,0,3,6,2,6,6,8,7,10,3,10,10,10,5,2,6,2,2
391,1796345916656661000,1796345916656661000,0,7,3,10,3,3,10,8,5,4,5,5,1,10,8,7,8,8,0,5,6,2,6,6,8,6,10,3,10,10,10,3,2,6,2,2
392,1796605116656661000,1796605116656661000,0,4,3,10,3,3,10,10,5,4,5,5,1,6,8,7,8,8,0,8,6,2,6,6,8,5,10,3,10,10,10,7,2,6,2,2
393,1796691516656661000,1796691516656661000,0,0,3,7,3,9,10,11,5,8,5,1,1,1,8,10,8,9,0,0,6,5,6,11,8,9,10,6,10,0,10,11,2,3,2,0
394,1796777916656661000,1796777916656661000,0,8,3,7,3,9,10,7,5,8,5,1,1,3,8,10,8,9,0,4,6,5,6,11,8,2,10,6,10,0,10,10,2,3,2,0
395,1796864316656661000,1796864316656661000,0,2,3,7,3,9,10,6,5,8,5,1,1,5,8,10,8,9,0,10,6,5,6,11,8,8,10,6,10,0,10,4,2,3,2,0
396,1796950716656661000,1796950716656661000,0,9,3,7,3,9,10,1,5,8,5,1,1,9,8,10,8,9,0,11,6,5,6,11,8,0,10,6,10,0,10,0,2,3,2,0
397,1797209916656661000,1797209916656661000,0,1,3,7,3,9,10,9,5,8,5,1,1,0,8,10,8,9,0,1,6,5,6,11,8,11,10,6,10,0,10,9,2,3,2,0
398,1797296316656661000,1797296316656661000,0,6,3,7,3,9,10,2,5,8,5,1,1,4,8,10,8,9,0,3,6,5,6,11,8,7,10,6,10,0,10,5,2,3,2,0
399,1797382716656661000,1797382716656661000,0,7,3,7,3,9,10,8,5,8,5,1,1,10,8,10,8,9,0,5,6,5,6,11,8,6,10,6,10,0,10,3,2,3,2,0
400,1797469116656661000,1797469116656661000,0,11,3,7,3,9,10,0,5,8,5,1,1,11,8,10,8,9,0,9,6,5,6,11,8,1,10,6,10,0,10,1,2,3,2,0
401,1797555516656661000,1797555516656661000,0,10,3,7,3,9,10,4,5,8,5,1,1,7,8,10,8,9,0,2,6,5,6,11,8,3,10,6,10,0,10,6,2,3,2,0
402,1797814716656661000,1797814716656661000,0,8,3,7,3,9,10,7,5,8,5,1,1,3,8,10,8,9,0,4,6,5,6,11,8,2,10,6,10,0,10,10,2,3,2,0
403,1797901116656661000,1797901116656661000,0,2,3,4,3,1,10,6,5,10,5,9,1,5,8,6,8,0,0,10,6,8,6,1,8,8,10,5,10,11,10,4,2,7,2,9
404,1797987516656661000,1797987516656661000,0,9,3,4,3,1,10,1,5,10,5,9,1,9,8,6,8,0,0,11,6,8,6,1,8,0,10,5,10,11,10,0,2,7,2,9
405,1798073916656661000,1798073916656661000,0,5,3,4,3,1,10,3,5,10,5,9,1,2,8,6,8,0,0,7,6,8,6,1,8,4,10,5,10,11,10,8,2,7,2,9
406,1798160316656661000,1798160316656661000,0,3,3,4,3,1,10,5,5,10,5,9,1,8,8,6,8,0,0,6,6,8,6,1,8,10,10,5,10,11,10,2,2,7,2,9
407,1798419516656661000,1798419516656661000,0,7,3,4,3,1,10,8,5,10,5,9,1,10,8,6,8,0,0,5,6,8,6,1,8,6,10,5,10,11,10,3,2,7,2,9
408,1798505916656661000,1798505916656661000,0,11,3,4,3,1,10,0,5,10,5,9,1,11,8,6,8,0,0,9,6,8,6,1,8,1,10,5,10,11,10,1,2,7,2,9
409,1798592316656661000,1798592316656661000,0,10,3,4,3,1,10,4,5,10,5,9,1,7,8,6,8,0,0,2,6,8,6,1,8,3,10,5,10,11,10,6,2,7,2,9
410,1798678716656661000,1798678716656661000,0,4,3,4,3,1,10,10,5,10,5,9,1,6,8,6,8,0,0,8,6,8,6,1,8,5,10,5,10,11,10,7,2,7,2,9
411,1798765116656661000,1798765116656661000,0,0,3,4,3,1,10,11,5,10,5,9,1,1,8,6,8,0,0,0,6,8,6,1,8,9,10,5,10,11,10,11,2,7,2,9
412,1799024316656661000,1799024316656661000,0,9,3,4,3,1,10,1,5,10,5,9,1,9,8,6,8,0,0,11,6,8,6,1,8,0,10,5,10,11,10,0,2,7,2,9
413,1799110716656661000,1799110716656661000,0,5,3,4,3,1,10,3,5,10,5,9,1,2,8,6,8,0,0,7,6,8,6,1,8,4,10,5,10,11,10,8,2,7,2,9
414,1799197116656661000,1799197116656661000,0,3,3,11,3,5,10,5,5,0,5,3,1,8,8,11,8,2,0,6,6,9,6,7,8,10,10,1,10,4,10,2,2,1,2,8
415,1799283516656661000,1799283516656661000,0,1,3,11,3,5,10,9,5,0,5,3,1,0,8,11,8,2,0,1,6,9,6,7,8,11,10,1,10,4,10,9,2,1,2,8
416,1799369916656661000,1799369916656661000,0,6,3,11,3,5,10,2,5,0,5,3,1,4,8,11,8,2,0,3,6,9,6,7,8,7,10,1,10,4,10,5,2,1,2,8
417,1799629116656661000,1799629116656661000,0,10,3,11,3,5,10,4,5,0,5,3,1,7,8,11,8,2,0,2,6,9,6,7,8,3,10,1,10,4,10,6,2,1,2,8
418,1799715516656661000,1799715516656661000,0,4,3,11,3,5,10,10,5,0,5,3,1,6,8,11,8,2,0,8,6,9,6,7,8,5,10,1,10,4,10,7,2,1,2,8
419,1799801916656661000,1799801916656661000,0,0,3,11,3,5,10,11,5,0,5,3,1,1,8,11,8,2,0,0,6,9,6,7,8,9,10,1,10,4,10,11,2,1,2,8
420,1799888316656661000,1799888316656661000,0,8,3,11,3,5,10,7,5,0,5,3,1,3,8,11,8,2,0,4,6,9,6,7,8,2,10,1,10,4,10,10,2,1,2,8
421,1799974716656661000,1799974716656661000,0,2,3,11,3,5,10,6,5,0,5,3,1,5,8,11,8,2,0,10,6,9,6,7,8,8,10,1,10,4,10,4,2,1,2,8
422,1800233916656661000,1800233916656661000,0,3,3,11,3,5,10,5,5,0,5,3,1,8,8,11,8,2,0,6,6,9,6,7,8,10,10,1,10,4,10,2,2,1,2,8
423,1800320316656661000,1800320316656661000,0,1,3,11,3,5,10,9,5,0,5,3,1,0,8,11,8,2,0,1,6,9,6,7,8,11,10,1,10,4,10,9,2,1,2,8
424,1800406716656661000,1800406716656661000,0,6,3,11,3,5,10,2,5,0,5,3,1,4,8,11,8,2,0,3,6,9,6,7,8,7,10,1,10,4,10,5,2,1,2,8
425,1800493116656661000,1800493116656661000,0,7,6,0,2,3,10,8,2,11,6,5,1,10,4,1,5,8,0,5,3,0,10,6,8,6,7,9,8,10,10,3,5,11,4,2
426,1800579516656661000,1800579516656661000,0,11,6,0,2,3,10,0,2,11,6,5,1,11,4,1,5,8,0,9,3,0,10,6,8,1,7,9,8,10,10,1,5,11,4,2
427,1800838716656661000,1800838716656661000,0,0,6,0,2,3,10,11,2,11,6,5,1,1,4,1,5,8,0,0,3,0,10,6,8,9,7,9,8,10,10,11,5,11,4,2
428,1800925116656661000,1800925116656661000,0,8,6,0,2,3,10,7,2,11,6,5,1,3,4,1,5,8,0,4,3,0,10,6,8,2,7,9,8,10,10,10,5,11,4,2
429,1801011516656661000,1801011516656661000,0,2,6,0,2,3,10,6,2,11,6,5,1,5,4,1,5,8,0,10,3,0,10,6,8,8,7,9,8,10,10,4,5,11,4,2
430,1801097916656661000,1801097916656661000,0,9,6,0,2,3,10,1,2,11,6,5,1,9,4,1,5,8,0,11,3,0,10,6,8,0,7,9,8,10,10,0,5,11,4,2
431,1801184316656661000,1801184316656661000,0,5,6,0,2,3,10,3,2,11,6,5,1,2,4,1,5,8,0,7,3,0,10,6,8,4,7,9,8,10,10,8,5,11,4,2
432,1801443516656661000,1801443516656661000,0,6,6,0,2,3,10,2,2,11,6,5,1,4,4,1,5,8,0,3,3,0,10,6,8,7,7,9,8,10,10,5,5,11,4,2
433,1801529916656661000,1801529916656661000,0,7,6,0,2,3,10,8,2,11,6,5,1,10,4,1,5,8,0,5,3,0,10,6,8,6,7,9,8,10,10,3,5,11,4,2
434,1801616316656661000,1801616316656661000,0,11,6,0,2,3,10,0,2,11,6,5,1,11,4,1,5,8,0,9,3,0,10,6,8,1,7,9,8,10,10,1,5,11,4,2
435,1801702716656661000,1801702716656661000,0,10,6,0,2,3,10,4,2,11,6,5,1,7,4,1,5,8,0,2,3,0,10,6,8,3,7,9,8,10,10,6,5,11,4,2
436,1801789116656661000,1801789116656661000,0,4,6,10,2,9,10,10,2,4,6,1,1,6,4,7,5,9,0,8,3,2,10,11,8,5,7,3,8,0,10,7,5,6,4,0
437,1802048316656661000,1802048316656661000,0,2,3,10,9,3,10,6,5,4,1,5,1,5,8,7,9,8,0,10,6,2,11,6,8,8,10,3,0,10,10,4,2,6,0,2
438,1802134716656661000,1802134716656661000,0,9,3,10,9,3,10,1,5,4,1,5,1,9,8,7,9,8,0,11,6,2,11,6,8,0,10,3,0,10,10,0,2,6,0,2
439,1802221116656661000,1802221116656661000,0,5,3,10,9,3,10,3,5,4,1,5,1,2,8,7,9,8,0,7,6,2,11,6,8,4,10,3,0,10,10,8,2,6,0,2
440,1802307516656661000,1802307516656661000,0,3,3,10,9,3,10,5,5,4,1,5,1,8,8,7,9,8,0,6,6,2,11,6,8,10,10,3,0,10,10,2,2,6,0,2
441,1802393916656661000,1802393916656661000,0,1,3,10,9,3,10,9,5,4,1,5,1,0,8,7,9,8,0,1,6,2,11,6,8,11,10,3,0,10,10,9,2,6,0,2
442,1802653116656661000,1802653116656661000,0,11,3,10,9,3,10,0,5,4,1,5,1,11,8,7,9,8,0,9,6,2,11,6,8,1,10,3,0,10,10,1,2,6,0,2
443,1802739516656661000,1802739516656661000,0,10,3,10,9,3,10,4,5,4,1,5,1,7,8,7,9,8,0,2,6,2,11,6,8,3,10,3,0,10,10,6,2,6,0,2
444,1802825916656661000,1802825916656661000,0,4,3,10,9,3,10,10,5,4,1,5,1,6,8,7,9,8,0,8,6,2,11,6,8,5,10,3,0,10,10,7,2,6,0,2
445,1802912316656661000,1802912316656661000,0,0,3,10,9,3,10,11,5,4,1,5,1,1,8,7,9,8,0,0,6,2,11,6,8,9,10,3,0,10,10,11,2,6,0,2
446,1802998716656661000,1802998716656661000,0,8,3,8,9,7,10,7,5,7,1,8,1,3,8,3,9,10,0,4,6,4,11,5,8,2,10,2,0,6,10,10,2,10,0,3
447,1803257916656661000,1803257916656661000,0,5,3,8,9,7,10,3,5,7,1,8,1,2,8,3,9,10,0,7,6,4,11,5,8,4,10,2,0,6,10,8,2,10,0,3
448,1803344316656661000,1803344316656661000,0,3,3,8,9,7,10,5,5,7,1,8,1,8,8,3,9,10,0,6,6,4,11,5,8,10,10,2,0,6,10,2,2,10,0,3
449,1803430716656661000,1803430716656661000,0,1,3,8,9,7,10,9,5,7,1,8,1,0,8,3,9,10,0,1,6,4,11,5,8,11,10,2,0,6,10,9,2,10,0,3
450,1803517116656661000,1803517116656661000,0,6,3,8,9,7,10,2,5,7,1,8,1,4,8,3,9,10,0,3,6,4,11,5,8,7,10,2,0,6,10,5,2,10,0,3
451,1803603516656661000,1803603516656661000,0,7,3,8,9,7,10,8,5,7,1,8,1,10,8,3,9,10,0,5,6,4,11,5,8,6,10,2,0,6,10,3,2,10,0,3
452,1803862716656661000,1803862716656661000,0,4,3,8,9,7,10,10,5,7,1,8,1,6,8,3,9,10,0,8,6,4,11,5,8,5,10,2,0,6,10,7,2,10,0,3
453,1803949116656661000,1803949116656661000,0,0,3,8,9,7,10,11,5,7,1,8,1,1,8,3,9,10,0,0,6,4,11,5,8,9,10,2,0,6,10,11,2,10,0,3
454,1804035516656661000,1804035516656661000,0,8,3,8,9,7,10,7,5,7,1,8,1,3,8,3,9,10,0,4,6,4,11,5,8,2,10,2,0,6,10,10,2,10,0,3
455,1804121916656661000,1804121916656661000,0,2,3,8,9,7,10,6,5,7,1,8,1,5,8,3,9,10,0,10,6,4,11,5,8,8,10,2,0,6,10,4,2,10,0,3
456,1804208316656661000,1804208316656661000,0,9,3,8,9,7,10,1,5,7,1,8,1,9,8,3,9,10,0,11,6,4,11,5,8,0,10,2,0,6,10,0,2,10,0,3
457,1804467516656661000,1804467516656661000,0,1,3,4,9,1,10,9,5,10,1,9,1,0,8,6,9,0,0,1,6,8,11,1,8,11,10,5,0,11,10,9,2,7,0,9
458,1804553916656661000,1804553916656661000,0,6,3,4,9,1,10,2,5,10,1,9,1,4,8,6,9,0,0,3,6,8,11,1,8,7,10,5,0,11,10,5,2,7,0,9
459,1804640316656661000,1804640316656661000,0,7,3,4,9,1,10,8,5,10,1,9,1,10,8,6,9,0,0,5,6,8,11,1,8,6,10,5,0,11,10,3,2,7,0,9
460,1804726716656661000,1804726716656661000,0,11,3,4,9,1,10,0,5,10,1,9,1,11,8,6,9,0,0,9,6,8,11,1,8,1,10,5,0,11,10,1,2,7,0,9
461,1804813116656661000,1804813116656661000,0,10,3,4,9,1,10,4,5,10,1,9,1,7,8,6,9,0,0,2,6,8,11,1,8,3,10,5,0,11,10,6,2,7,0,9
462,1805072316656661000,1805072316656661000,0,8,3,4,9,1,10,7,5,10,1,9,1,3,8,6,9,0,0,4,6,8,11,1,8,2,10,5,0,11,10,10,2,7,0,9
463,1805158716656661000,1805158716656661000,0,2,3,4,9,1,10,6,5,10,1,9,1,5,8,6,9,0,0,10,6,8,11,1,8,8,10,5,0,11,10,4,2,7,0,9
464,1805245116656661000,1805245116656661000,0,9,3,4,9,1,10,1,5,10,1,9,1,9,8,6,9,0,0,11,6,8,11,1,8,0,10,5,0,11,10,0,2,7,0,9
465,1805331516656661000,1805331516656661000,0,5,3,4,9,1,10,3,5,10,1,9,1,2,8,6,9,0,0,7,6,8,11,1,8,4,10,5,0,11,10,8,2,7,0,9
466,1805417916656661000,1805417916656661000,0,3,3,4,9,1,10,5,5,10,1,9,1,8,8,6,9,0,0,6,6,8,11,1,8,10,10,5,0,11,10,2,2,7,0,9
467,1805677116656661000,1805677116656661000,0,7,3,2,9,11,10,8,5,6,1,0,1,10,8,5,9,11,0,5,6,10,11,9,8,6,10,8,0,1,10,3,2,4,0,1
468,1805763516656661000,1805763516656661000,0,11,3,2,9,11,10,0,5,6,1,0,1,11,8,5,9,11,0,9,6,10,11,9,8,1,10,8,0,1,10,1,2,4,0,1
469,1805849916656661000,1805849916656661000,0,10,3,2,9,11,10,4,5,6,1,0,1,7,8,5,9,11,0,2,6,10,11,9,8,3,10,8,0,1,10,6,2,4,0,1
470,1805936316656661000,1805936316656661000,0,4,3,2,9,11,10,10,5,6,1,0,1,6,8,5,9,11,0,8,6,10,11,9,8,5,10,8,0,1,10,7,2,4,0,1
471,1806022716656661000,1806022716656661000,0,0,3,2,9,11,10,11,5,6,1,0,1,1,8,5,9,11,0,0,6,10,11,9,8,9,10,8,0,1,10,11,2,4,0,1
472,1806281916656661000,1806281916656661000,0,9,3,2,9,11,10,1,5,6,1,0,1,9,8,5,9,11,0,11,6,10,11,9,8,0,10,8,0,1,10,0,2,4,0,1
473,1806368316656661000,1806368316656661000,0,5,3,2,9,11,10,3,5,6,1,0,1,2,8,5,9,11,0,7,6,10,11,9,8,4,10,8,0,1,10,8,2,4,0,1
474,1806454716656661000,1806454716656661000,0,3,3,2,9,11,10,5,5,6,1,0,1,8,8,5,9,11,0,6,6,10,11,9,8,10,10,8,0,1,10,2,2,4,0,1
475,1806541116656661000,1806541116656661000,0,1,3,2,9,11,10,9,5,6,1,0,1,0,8,5,9,11,0,1,6,10,11,9,8,11,10,8,0,1,10,9,2,4,0,1
476,1806627516656661000,1806627516656661000,0,6,3,2,9,11,10,2,5,6,1,0,1,4,8,5,9,11,0,3,6,10,11,9,8,7,10,8,0,1,10,5,2,4,0,1
477,1806886716656661000,1806886716656661000,0,10,3,2,9,11,10,4,5,6,1,0,1,7,8,5,9,11,0,2,6,10,11,9,8,3,10,8,0,1,10,6,2,4,0,1
478,1806973116656661000,1806973116656661000,0,4,3,0,9,6,10,10,5,11,1,2,1,6,8,1,9,4,0,8,6,0,11,3,8,5,10,9,0,7,10,7,2,11,0,5
479,1807059516656661000,1807059516656661000,0,0,3,0,9,6,10,11,5,11,1,2,1,1,8,1,9,4,0,0,6,0,11,3,8,9,10,9,0,7,10,11,2,11,0,5
480,1807145916656661000,1807145916656661000,0,8,3,0,9,6,10,7,5,11,1,2,1,3,8,1,9,4,0,4,6,0,11,3,8,2,10,9,0,7,10,10,2,11,0,5
481,1807232316656661000,1807232316656661000,0,2,3,0,9,6,10,6,5,11,1,2,1,5,8,1,9,4,0,10,6,0,11,3,8,8,10,9,0,7,10,4,2,11,0,5
482,1807491516656661000,1807491516656661000,0,3,3,0,9,6,10,5,5,11,1,2,1,8,8,1,9,4,0,6,6,0,11,3,8,10,10,9,0,7,10,2,2,11,0,5
483,1807577916656661000,1807577916656661000,0,1,3,0,9,6,10,9,5,11,1,2,1,0,8,1,9,4,0,1,6,0,11,3,8,11,10,9,0,7,10,9,2,11,0,5
484,1807664316656661000,1807664316656661000,0,6,3,0,9,6,10,2,5,11,1,2,1,4,8,1,9,4,0,3,6,0,11,3,8,7,10,9,0,7,10,5,2,11,0,5
485,1807750716656661000,1807750716656661000,0,7,3,0,9,6,10,8,5,11,1,2,1,10,8,1,9,4,0,5,6,0,11,3,8,6,10,9,0,7,10,3,2,11,0,5
486,1807837116656661000,1807837116656661000,0,11,3,0,9,6,10,0,5,11,1,2,1,11,8,1,9,4,0,9,6,0,11,3,8,1,10,9,0,7,10,1,2,11,0,5
487,1808096316656661000,1808096316656661000,0,0,3,0,9,6,10,11,5,11,1,2,1,1,8,1,9,4,0,0,6,0,11,3,8,9,10,9,0,7,10,11,2,11,0,5
488,1808182716656661000,1808182716656661000,0,8,3,0,9,6,10,7,5,11,1,2,1,3,8,1,9,4,0,4,6,0,11,3,8,2,10,9,0,7,10,10,2,11,0,5
489,1808269116656661000,1808269116656661000,0,2,3,9,9,10,10,6,5,1,1,4,1,5,8,9,9,7,0,10,6,11,11,2,8,8,10,0,0,3,10,4,2,0,0,6
490,1808355516656661000,1808355516656661000,0,9,3,9,9,10,10,1,5,1,1,4,1,9,8,9,9,7,0,11,6,11,11,2,8,0,10,0,0,3,10,0,2,0,0,6
491,1808441916656661000,1808441916656661000,0,5,3,9,9,10,10,3,5,1,1,4,1,2,8,9,9,7,0,7,6,11,11,2,8,4,10,0,0,3,10,8,2,0,0,6
492,1808701116656661000,1808701116656661000,0,6,3,9,9,10,10,2,5,1,1,4,1,4,8,9,9,7,0,3,6,11,11,2,8,7,10,0,0,3,10,5,2,0,0,6
493,1808787516656661000,1808787516656661000,0,7,3,9,9,10,10,8,5,1,1,4,1,10,8,9,9,7,0,5,6,11,11,2,8,6,10,0,0,3,10,3,2,0,0,6
494,1808873916656661000,1808873916656661000,0,11,3,9,9,10,10,0,5,1,1,4,1,11,8,9,9,7,0,9,6,11,11,2,8,1,10,0,0,3,10,1,2,0,0,6
495,1808960316656661000,1808960316656661000,0,10,3,9,9,10,10,4,5,1,1,4,1,7,8,9,9,7,0,2,6,11,11,2,8,3,10,0,0,3,10,6,2,0,0,6
496,1809046716656661000,1809046716656661000,0,4,3,9,9,10,10,10,5,1,1,4,1,6,8,9,9,7,0,8,6,11,11,2,8,5,10,0,0,3,10,7,2,0,0,6
497,1809305916656661000,1809305916656661000,0,2,3,9,9,10,10,6,5,1,1,4,1,5,8,9,9,7,0,10,6,11,11,2,8,8,10,0,0,3,10,4,2,0,0,6
498,1809392316656661000,1809392316656661000,0,9,3,9,9,10,10,1,5,1,1,4,1,9,8,9,9,7,0,11,6,11,11,2,8,0,10,0,0,3,10,0,2,0,0,6
499,1809478716656661000,1809478716656661000,0,5,3,9,9,10,10,3,5,1,1,4,1,2,8,9,9,7,0,7,6,11,11,2,8,4,10,0,0,3,10,8,2,0,0,6
500,1809565116656661000,1809565116656661000,0,3,3,8,9,7,10,5,5,7,1,8,1,8,8,3,9,10,0,6,6,4,11,5,8,10,10,2,0,6,10,2,2,10,0,3
501,1809651516656661000,1809651516656661000,0,1,3,8,9,7,10,9,5,7,1,8,1,0,8,3,9,10,0,1,6,4,11,5,8,11,10,2,0,6,10,9,2,10,0,3
502,1809910716656661000,1809910716656661000,0,11,3,8,9,7,10,0,5,7,1,8,1,11,8,3,9,10,0,9,6,4,11,5,8,1,10,2,0,6,10,1,2,10,0,3
503,1809997116656661000,1809997116656661000,0,10,3,8,9,7,10,4,5,7,1,8,1,7,8,3,9,10,0,2,6,4,11,5,8,3,10,2,0,6,10,6,2,10,0,3
504,1810083516656661000,1810083516656661000,0,4,3,8,9,7,10,10,5,7,1,8,1,6,8,3,9,10,0,8,6,4,11,5,8,5,10,2,0,6,10,7,2,10,0,3
505,1810169916656661000,1810169916656661000,0,0,3,8,9,7,10,11,5,7,1,8,1,1,8,3,9,10,0,0,6,4,11,5,8,9,10,2,0,6,10,11,2,10,0,3
506,1810256316656661000,1810256316656661000,0,8,3,8,9,7,10,7,5,7,1,8,1,3,8,3,9,10,0,4,6,4,11,5,8,2,10,2,0,6,10,10,2,10,0,3
507,1810515516656661000,1810515516656661000,0,5,3,8,9,7,10,3,5,7,1,8,1,2,8,3,9,10,0,7,6,4,11,5,8,4,10,2,0,6,10,8,2,10,0,3
508,1810601916656661000,1810601916656661000,0,3,3,8,9,7,10,5,5,7,1,8,1,8,8,3,9,10,0,6,6,4,11,5,8,10,10,2,0,6,10,2,2,10,0,3
509,1810688316656661000,1810688316656661000,0,1,3,8,9,7,10,9,5,7,1,8,1,0,8,3,9,10,0,1,6,4,11,5,8,11,10,2,0,6,10,9,2,10,0,3
510,1810774716656661000,1810774716656661000,0,6,3,8,9,7,10,2,5,7,1,8,1,4,8,3,9,10,0,3,6,4,11,5,8,7,10,2,0,6,10,5,2,10,0,3
511,1810861116656661000,1810861116656661000,0,7,3,8,9,7,10,8,5,7,1,8,1,10,8,3,9,10,0,5,6,4,11,5,8,6,10,2,0,6,10,3,2,10,0,3
512,1811120316656661000,1811120316656661000,0,4,3,5,9,4,10,10,5,3,1,10,1,6,8,2,9,6,0,8,6,7,11,8,8,5,10,4,0,5,10,7,2,8,0,7
513,1811206716656661000,1811206716656661000,0,0,3,5,9,4,10,11,5,3,1,10,1,1,8,2,9,6,0,0,6,7,11,8,8,9,10,4,0,5,10,11,2,8,0,7
514,1811293116656661000,1811293116656661000,0,8,3,5,9,4,10,7,5,3,1,10,1,3,8,2,9,6,0,4,6,7,11,8,8,2,10,4,0,5,10,10,2,8,0,7
515,1811379516656661000,1811379516656661000,0,2,3,5,9,4,10,6,5,3,1,10,1,5,8,2,9,6,0,10,6,7,11,8,8,8,10,4,0,5,10,4,2,8,0,7
516,1811465916656661000,1811465916656661000,0,9,3,5,9,4,10,1,5,3,1,10,1,9,8,2,9,6,0,11,6,7,11,8,8,0,10,4,0,5,10,0,2,8,0,7
517,1811725116656661000,1811725116656661000,0,1,3,5,9,4,10,9,5,3,1,10,1,0,8,2,9,6,0,1,6,7,11,8,8,11,10,4,0,5,10,9,2,8,0,7
518,1811811516656661000,1811811516656661000,0,6,3,5,9,4,10,2,5,3,1,10,1,4,8,2,9,6,0,3,6,7,11,8,8,7,10,4,0,5,10,5,2,8,0,7
519,1811897916656661000,1811897916656661000,0,7,3,5,9,4,10,8,5,3,1,10,1,10,8,2,9,6,0,5,6,7,11,8,8,6,10,4,0,5,10,3,2,8,0,7
520,1811984316656661000,1811984316656661000,0,11,3,5,9,4,10,0,5,3,1,10,1,11,8,2,9,6,0,9,6,7,11,8,8,1,10,4,0,5,10,1,2,8,0,7
521,1812070716656661000,1812070716656661000,0,10,3,5,9,4,10,4,5,3,1,10,1,7,8,2,9,6,0,2,6,7,11,8,8,3,10,4,0,5,10,6,2,8,0,7
522,1812329916656661000,1812329916656661000,0,8,6,2,1,6,10,7,2,6,9,2,1,3,4,5,0,4,0,4,3,10,1,3,8,2,7,8,11,7,10,10,5,4,9,5
523,1812416316656661000,1812416316656661000,0,2,6,2,1,6,10,6,2,6,9,2,1,5,4,5,0,4,0,10,3,10,1,3,8,8,7,8,11,7,10,4,5,4,9,5
524,1812502716656661000,1812502716656661000,0,9,6,2,1,6,10,1,2,6,9,2,1,9,4,5,0,4,0,11,3,10,1,3,8,0,7,8,11,7,10,0,5,4,9,5
525,1812589116656661000,1812589116656661000,0,5,6,2,1,6,10,3,2,6,9,2,1,2,4,5,0,4,0,7,3,10,1,3,8,4,7,8,11,7,10,8,5,4,9,5
526,1812675516656661000,1812675516656661000,0,3,6,2,1,6,10,5,2,6,9,2,1,8,4,5,0,4,0,6,3,10,1,3,8,10,7,8,11,7,10,2,5,4,9,5
527,1812934716656661000,1812934716656661000,0,7,6,2,1,6,10,8,2,6,9,2,1,10,4,5,0,4,0,5,3,10,1,3,8,6,7,8,11,7,10,3,5,4,9,5
