,future_dates
0,2025-01-20 09:00:00+08:00
1,2025-01-20 10:00:00+08:00
2,2025-01-20 11:00:00+08:00
3,2025-01-20 12:00:00+08:00
4,2025-01-20 13:00:00+08:00
5,2025-01-20 14:00:00+08:00
6,2025-01-20 15:00:00+08:00
7,2025-01-20 16:00:00+08:00
8,2025-01-21 09:00:00+08:00
9,2025-01-21 10:00:00+08:00
10,2025-01-21 11:00:00+08:00
11,2025-01-21 12:00:00+08:00
12,2025-01-21 13:00:00+08:00
13,2025-01-21 14:00:00+08:00
14,2025-01-21 15:00:00+08:00
15,2025-01-21 16:00:00+08:00
16,2025-01-22 09:00:00+08:00
17,2025-01-22 10:00:00+08:00
18,2025-01-22 11:00:00+08:00
19,2025-01-22 12:00:00+08:00
20,2025-01-22 13:00:00+08:00
21,2025-01-22 14:00:00+08:00
22,2025-01-22 15:00:00+08:00
23,2025-01-22 16:00:00+08:00
24,2025-01-23 09:00:00+08:00
25,2025-01-23 10:00:00+08:00
26,2025-01-23 11:00:00+08:00
27,2025-01-23 12:00:00+08:00
28,2025-01-23 13:00:00+08:00
29,2025-01-23 14:00:00+08:00
30,2025-01-23 15:00:00+08:00
31,2025-01-23 16:00:00+08:00
32,2025-01-24 09:00:00+08:00
33,2025-01-24 10:00:00+08:00
34,2025-01-24 11:00:00+08:00
35,2025-01-24 12:00:00+08:00
36,2025-01-24 13:00:00+08:00
37,2025-01-24 14:00:00+08:00
38,2025-01-24 15:00:00+08:00
39,2025-01-24 16:00:00+08:00
40,2025-01-27 09:00:00+08:00
41,2025-01-27 10:00:00+08:00
42,2025-01-27 11:00:00+08:00
43,2025-01-27 12:00:00+08:00
44,2025-01-27 13:00:00+08:00
45,2025-01-27 14:00:00+08:00
46,2025-01-27 15:00:00+08:00
47,2025-01-27 16:00:00+08:00
48,2025-01-28 09:00:00+08:00
49,2025-01-28 10:00:00+08:00
50,2025-01-28 11:00:00+08:00
51,2025-01-28 12:00:00+08:00
52,2025-01-28 13:00:00+08:00
53,2025-01-28 14:00:00+08:00
54,2025-01-28 15:00:00+08:00
55,2025-01-28 16:00:00+08:00
56,2025-01-29 09:00:00+08:00
57,2025-01-29 10:00:00+08:00
58,2025-01-29 11:00:00+08:00
59,2025-01-29 12:00:00+08:00
60,2025-01-29 13:00:00+08:00
61,2025-01-29 14:00:00+08:00
62,2025-01-29 15:00:00+08:00
63,2025-01-29 16:00:00+08:00
64,2025-01-30 09:00:00+08:00
65,2025-01-30 10:00:00+08:00
66,2025-01-30 11:00:00+08:00
67,2025-01-30 12:00:00+08:00
68,2025-01-30 13:00:00+08:00
69,2025-01-30 14:00:00+08:00
70,2025-01-30 15:00:00+08:00
71,2025-01-30 16:00:00+08:00
72,2025-01-31 09:00:00+08:00
73,2025-01-31 10:00:00+08:00
74,2025-01-31 11:00:00+08:00
75,2025-01-31 12:00:00+08:00
76,2025-01-31 13:00:00+08:00
77,2025-01-31 14:00:00+08:00
78,2025-01-31 15:00:00+08:00
79,2025-01-31 16:00:00+08:00
80,2025-02-03 09:00:00+08:00
81,2025-02-03 10:00:00+08:00
82,2025-02-03 11:00:00+08:00
83,2025-02-03 12:00:00+08:00
84,2025-02-03 13:00:00+08:00
85,2025-02-03 14:00:00+08:00
86,2025-02-03 15:00:00+08:00
87,2025-02-03 16:00:00+08:00
88,2025-02-04 09:00:00+08:00
89,2025-02-04 10:00:00+08:00
90,2025-02-04 11:00:00+08:00
91,2025-02-04 12:00:00+08:00
92,2025-02-04 13:00:00+08:00
93,2025-02-04 14:00:00+08:00
94,2025-02-04 15:00:00+08:00
95,2025-02-04 16:00:00+08:00
96,2025-02-05 09:00:00+08:00
97,2025-02-05 10:00:00+08:00
98,2025-02-05 11:00:00+08:00
99,2025-02-05 12:00:00+08:00
100,2025-02-05 13:00:00+08:00
101,2025-02-05 14:00:00+08:00
102,2025-02-05 15:00:00+08:00
103,2025-02-05 16:00:00+08:00
104,2025-02-06 09:00:00+08:00
105,2025-02-06 10:00:00+08:00
106,2025-02-06 11:00:00+08:00
107,2025-02-06 12:00:00+08:00
108,2025-02-06 13:00:00+08:00
109,2025-02-06 14:00:00+08:00
110,2025-02-06 15:00:00+08:00
111,2025-02-06 16:00:00+08:00
112,2025-02-07 09:00:00+08:00
113,2025-02-07 10:00:00+08:00
114,2025-02-07 11:00:00+08:00
115,2025-02-07 12:00:00+08:00
116,2025-02-07 13:00:00+08:00
117,2025-02-07 14:00:00+08:00
118,2025-02-07 15:00:00+08:00
119,2025-02-07 16:00:00+08:00
120,2025-02-10 09:00:00+08:00
121,2025-02-10 10:00:00+08:00
122,2025-02-10 11:00:00+08:00
123,2025-02-10 12:00:00+08:00
124,2025-02-10 13:00:00+08:00
125,2025-02-10 14:00:00+08:00
126,2025-02-10 15:00:00+08:00
127,2025-02-10 16:00:00+08:00
128,2025-02-11 09:00:00+08:00
129,2025-02-11 10:00:00+08:00
130,2025-02-11 11:00:00+08:00
131,2025-02-11 12:00:00+08:00
132,2025-02-11 13:00:00+08:00
133,2025-02-11 14:00:00+08:00
134,2025-02-11 15:00:00+08:00
135,2025-02-11 16:00:00+08:00
136,2025-02-12 09:00:00+08:00
137,2025-02-12 10:00:00+08:00
138,2025-02-12 11:00:00+08:00
139,2025-02-12 12:00:00+08:00
140,2025-02-12 13:00:00+08:00
141,2025-02-12 14:00:00+08:00
142,2025-02-12 15:00:00+08:00
143,2025-02-12 16:00:00+08:00
144,2025-02-13 09:00:00+08:00
145,2025-02-13 10:00:00+08:00
146,2025-02-13 11:00:00+08:00
147,2025-02-13 12:00:00+08:00
148,2025-02-13 13:00:00+08:00
149,2025-02-13 14:00:00+08:00
150,2025-02-13 15:00:00+08:00
151,2025-02-13 16:00:00+08:00
152,2025-02-14 09:00:00+08:00
153,2025-02-14 10:00:00+08:00
154,2025-02-14 11:00:00+08:00
155,2025-02-14 12:00:00+08:00
156,2025-02-14 13:00:00+08:00
157,2025-02-14 14:00:00+08:00
158,2025-02-14 15:00:00+08:00
159,2025-02-14 16:00:00+08:00
160,2025-02-17 09:00:00+08:00
161,2025-02-17 10:00:00+08:00
162,2025-02-17 11:00:00+08:00
163,2025-02-17 12:00:00+08:00
164,2025-02-17 13:00:00+08:00
165,2025-02-17 14:00:00+08:00
166,2025-02-17 15:00:00+08:00
167,2025-02-17 16:00:00+08:00
168,2025-02-18 09:00:00+08:00
169,2025-02-18 10:00:00+08:00
170,2025-02-18 11:00:00+08:00
171,2025-02-18 12:00:00+08:00
172,2025-02-18 13:00:00+08:00
173,2025-02-18 14:00:00+08:00
174,2025-02-18 15:00:00+08:00
175,2025-02-18 16:00:00+08:00
176,2025-02-19 09:00:00+08:00
177,2025-02-19 10:00:00+08:00
178,2025-02-19 11:00:00+08:00
179,2025-02-19 12:00:00+08:00
180,2025-02-19 13:00:00+08:00
181,2025-02-19 14:00:00+08:00
182,2025-02-19 15:00:00+08:00
183,2025-02-19 16:00:00+08:00
184,2025-02-20 09:00:00+08:00
185,2025-02-20 10:00:00+08:00
186,2025-02-20 11:00:00+08:00
187,2025-02-20 12:00:00+08:00
188,2025-02-20 13:00:00+08:00
189,2025-02-20 14:00:00+08:00
190,2025-02-20 15:00:00+08:00
191,2025-02-20 16:00:00+08:00
192,2025-02-21 09:00:00+08:00
193,2025-02-21 10:00:00+08:00
194,2025-02-21 11:00:00+08:00
195,2025-02-21 12:00:00+08:00
196,2025-02-21 13:00:00+08:00
197,2025-02-21 14:00:00+08:00
198,2025-02-21 15:00:00+08:00
199,2025-02-21 16:00:00+08:00
200,2025-02-24 09:00:00+08:00
201,2025-02-24 10:00:00+08:00
202,2025-02-24 11:00:00+08:00
203,2025-02-24 12:00:00+08:00
204,2025-02-24 13:00:00+08:00
205,2025-02-24 14:00:00+08:00
206,2025-02-24 15:00:00+08:00
207,2025-02-24 16:00:00+08:00
208,2025-02-25 09:00:00+08:00
209,2025-02-25 10:00:00+08:00
210,2025-02-25 11:00:00+08:00
211,2025-02-25 12:00:00+08:00
212,2025-02-25 13:00:00+08:00
213,2025-02-25 14:00:00+08:00
214,2025-02-25 15:00:00+08:00
215,2025-02-25 16:00:00+08:00
216,2025-02-26 09:00:00+08:00
217,2025-02-26 10:00:00+08:00
218,2025-02-26 11:00:00+08:00
219,2025-02-26 12:00:00+08:00
220,2025-02-26 13:00:00+08:00
221,2025-02-26 14:00:00+08:00
222,2025-02-26 15:00:00+08:00
223,2025-02-26 16:00:00+08:00
224,2025-02-27 09:00:00+08:00
225,2025-02-27 10:00:00+08:00
226,2025-02-27 11:00:00+08:00
227,2025-02-27 12:00:00+08:00
228,2025-02-27 13:00:00+08:00
229,2025-02-27 14:00:00+08:00
230,2025-02-27 15:00:00+08:00
231,2025-02-27 16:00:00+08:00
232,2025-02-28 09:00:00+08:00
233,2025-02-28 10:00:00+08:00
234,2025-02-28 11:00:00+08:00
235,2025-02-28 12:00:00+08:00
236,2025-02-28 13:00:00+08:00
237,2025-02-28 14:00:00+08:00
238,2025-02-28 15:00:00+08:00
239,2025-02-28 16:00:00+08:00
240,2025-03-03 09:00:00+08:00
241,2025-03-03 10:00:00+08:00
242,2025-03-03 11:00:00+08:00
243,2025-03-03 12:00:00+08:00
244,2025-03-03 13:00:00+08:00
245,2025-03-03 14:00:00+08:00
246,2025-03-03 15:00:00+08:00
247,2025-03-03 16:00:00+08:00
248,2025-03-04 09:00:00+08:00
249,2025-03-04 10:00:00+08:00
250,2025-03-04 11:00:00+08:00
251,2025-03-04 12:00:00+08:00
252,2025-03-04 13:00:00+08:00
253,2025-03-04 14:00:00+08:00
254,2025-03-04 15:00:00+08:00
255,2025-03-04 16:00:00+08:00
256,2025-03-05 09:00:00+08:00
257,2025-03-05 10:00:00+08:00
258,2025-03-05 11:00:00+08:00
259,2025-03-05 12:00:00+08:00
260,2025-03-05 13:00:00+08:00
261,2025-03-05 14:00:00+08:00
262,2025-03-05 15:00:00+08:00
263,2025-03-05 16:00:00+08:00
264,2025-03-06 09:00:00+08:00
265,2025-03-06 10:00:00+08:00
266,2025-03-06 11:00:00+08:00
267,2025-03-06 12:00:00+08:00
268,2025-03-06 13:00:00+08:00
269,2025-03-06 14:00:00+08:00
270,2025-03-06 15:00:00+08:00
271,2025-03-06 16:00:00+08:00
272,2025-03-07 09:00:00+08:00
273,2025-03-07 10:00:00+08:00
274,2025-03-07 11:00:00+08:00
275,2025-03-07 12:00:00+08:00
276,2025-03-07 13:00:00+08:00
277,2025-03-07 14:00:00+08:00
278,2025-03-07 15:00:00+08:00
279,2025-03-07 16:00:00+08:00
280,2025-03-10 09:00:00+08:00
281,2025-03-10 10:00:00+08:00
282,2025-03-10 11:00:00+08:00
283,2025-03-10 12:00:00+08:00
284,2025-03-10 13:00:00+08:00
285,2025-03-10 14:00:00+08:00
286,2025-03-10 15:00:00+08:00
287,2025-03-10 16:00:00+08:00
288,2025-03-11 09:00:00+08:00
289,2025-03-11 10:00:00+08:00
290,2025-03-11 11:00:00+08:00
291,2025-03-11 12:00:00+08:00
292,2025-03-11 13:00:00+08:00
293,2025-03-11 14:00:00+08:00
294,2025-03-11 15:00:00+08:00
295,2025-03-11 16:00:00+08:00
296,2025-03-12 09:00:00+08:00
297,2025-03-12 10:00:00+08:00
298,2025-03-12 11:00:00+08:00
299,2025-03-12 12:00:00+08:00
300,2025-03-12 13:00:00+08:00
301,2025-03-12 14:00:00+08:00
302,2025-03-12 15:00:00+08:00
303,2025-03-12 16:00:00+08:00
304,2025-03-13 09:00:00+08:00
305,2025-03-13 10:00:00+08:00
306,2025-03-13 11:00:00+08:00
307,2025-03-13 12:00:00+08:00
308,2025-03-13 13:00:00+08:00
309,2025-03-13 14:00:00+08:00
310,2025-03-13 15:00:00+08:00
311,2025-03-13 16:00:00+08:00
312,2025-03-14 09:00:00+08:00
313,2025-03-14 10:00:00+08:00
314,2025-03-14 11:00:00+08:00
315,2025-03-14 12:00:00+08:00
316,2025-03-14 13:00:00+08:00
317,2025-03-14 14:00:00+08:00
318,2025-03-14 15:00:00+08:00
319,2025-03-14 16:00:00+08:00
320,2025-03-17 09:00:00+08:00
321,2025-03-17 10:00:00+08:00
322,2025-03-17 11:00:00+08:00
323,2025-03-17 12:00:00+08:00
324,2025-03-17 13:00:00+08:00
325,2025-03-17 14:00:00+08:00
326,2025-03-17 15:00:00+08:00
327,2025-03-17 16:00:00+08:00
328,2025-03-18 09:00:00+08:00
329,2025-03-18 10:00:00+08:00
330,2025-03-18 11:00:00+08:00
331,2025-03-18 12:00:00+08:00
332,2025-03-18 13:00:00+08:00
333,2025-03-18 14:00:00+08:00
334,2025-03-18 15:00:00+08:00
335,2025-03-18 16:00:00+08:00
336,2025-03-19 09:00:00+08:00
337,2025-03-19 10:00:00+08:00
338,2025-03-19 11:00:00+08:00
339,2025-03-19 12:00:00+08:00
340,2025-03-19 13:00:00+08:00
341,2025-03-19 14:00:00+08:00
342,2025-03-19 15:00:00+08:00
343,2025-03-19 16:00:00+08:00
344,2025-03-20 09:00:00+08:00
345,2025-03-20 10:00:00+08:00
346,2025-03-20 11:00:00+08:00
347,2025-03-20 12:00:00+08:00
348,2025-03-20 13:00:00+08:00
349,2025-03-20 14:00:00+08:00
350,2025-03-20 15:00:00+08:00
351,2025-03-20 16:00:00+08:00
352,2025-03-21 09:00:00+08:00
353,2025-03-21 10:00:00+08:00
354,2025-03-21 11:00:00+08:00
355,2025-03-21 12:00:00+08:00
356,2025-03-21 13:00:00+08:00
357,2025-03-21 14:00:00+08:00
358,2025-03-21 15:00:00+08:00
359,2025-03-21 16:00:00+08:00
360,2025-03-24 09:00:00+08:00
361,2025-03-24 10:00:00+08:00
362,2025-03-24 11:00:00+08:00
363,2025-03-24 12:00:00+08:00
364,2025-03-24 13:00:00+08:00
365,2025-03-24 14:00:00+08:00
366,2025-03-24 15:00:00+08:00
367,2025-03-24 16:00:00+08:00
368,2025-03-25 09:00:00+08:00
369,2025-03-25 10:00:00+08:00
370,2025-03-25 11:00:00+08:00
371,2025-03-25 12:00:00+08:00
372,2025-03-25 13:00:00+08:00
373,2025-03-25 14:00:00+08:00
374,2025-03-25 15:00:00+08:00
375,2025-03-25 16:00:00+08:00
376,2025-03-26 09:00:00+08:00
377,2025-03-26 10:00:00+08:00
378,2025-03-26 11:00:00+08:00
379,2025-03-26 12:00:00+08:00
380,2025-03-26 13:00:00+08:00
381,2025-03-26 14:00:00+08:00
382,2025-03-26 15:00:00+08:00
383,2025-03-26 16:00:00+08:00
384,2025-03-27 09:00:00+08:00
385,2025-03-27 10:00:00+08:00
386,2025-03-27 11:00:00+08:00
387,2025-03-27 12:00:00+08:00
388,2025-03-27 13:00:00+08:00
389,2025-03-27 14:00:00+08:00
390,2025-03-27 15:00:00+08:00
391,2025-03-27 16:00:00+08:00
392,2025-03-28 09:00:00+08:00
393,2025-03-28 10:00:00+08:00
394,2025-03-28 11:00:00+08:00
395,2025-03-28 12:00:00+08:00
396,2025-03-28 13:00:00+08:00
397,2025-03-28 14:00:00+08:00
398,2025-03-28 15:00:00+08:00
399,2025-03-28 16:00:00+08:00
400,2025-03-31 09:00:00+08:00
401,2025-03-31 10:00:00+08:00
402,2025-03-31 11:00:00+08:00
403,2025-03-31 12:00:00+08:00
404,2025-03-31 13:00:00+08:00
405,2025-03-31 14:00:00+08:00
406,2025-03-31 15:00:00+08:00
407,2025-03-31 16:00:00+08:00
408,2025-04-01 09:00:00+08:00
409,2025-04-01 10:00:00+08:00
410,2025-04-01 11:00:00+08:00
411,2025-04-01 12:00:00+08:00
412,2025-04-01 13:00:00+08:00
413,2025-04-01 14:00:00+08:00
414,2025-04-01 15:00:00+08:00
415,2025-04-01 16:00:00+08:00
416,2025-04-02 09:00:00+08:00
417,2025-04-02 10:00:00+08:00
418,2025-04-02 11:00:00+08:00
419,2025-04-02 12:00:00+08:00
420,2025-04-02 13:00:00+08:00
421,2025-04-02 14:00:00+08:00
422,2025-04-02 15:00:00+08:00
423,2025-04-02 16:00:00+08:00
424,2025-04-03 09:00:00+08:00
425,2025-04-03 10:00:00+08:00
426,2025-04-03 11:00:00+08:00
427,2025-04-03 12:00:00+08:00
428,2025-04-03 13:00:00+08:00
429,2025-04-03 14:00:00+08:00
430,2025-04-03 15:00:00+08:00
431,2025-04-03 16:00:00+08:00
432,2025-04-04 09:00:00+08:00
433,2025-04-04 10:00:00+08:00
434,2025-04-04 11:00:00+08:00
435,2025-04-04 12:00:00+08:00
436,2025-04-04 13:00:00+08:00
437,2025-04-04 14:00:00+08:00
438,2025-04-04 15:00:00+08:00
439,2025-04-04 16:00:00+08:00
440,2025-04-07 09:00:00+08:00
441,2025-04-07 10:00:00+08:00
442,2025-04-07 11:00:00+08:00
443,2025-04-07 12:00:00+08:00
444,2025-04-07 13:00:00+08:00
445,2025-04-07 14:00:00+08:00
446,2025-04-07 15:00:00+08:00
447,2025-04-07 16:00:00+08:00
448,2025-04-08 09:00:00+08:00
449,2025-04-08 10:00:00+08:00
450,2025-04-08 11:00:00+08:00
451,2025-04-08 12:00:00+08:00
452,2025-04-08 13:00:00+08:00
453,2025-04-08 14:00:00+08:00
454,2025-04-08 15:00:00+08:00
455,2025-04-08 16:00:00+08:00
456,2025-04-09 09:00:00+08:00
457,2025-04-09 10:00:00+08:00
458,2025-04-09 11:00:00+08:00
459,2025-04-09 12:00:00+08:00
460,2025-04-09 13:00:00+08:00
461,2025-04-09 14:00:00+08:00
462,2025-04-09 15:00:00+08:00
463,2025-04-09 16:00:00+08:00
464,2025-04-10 09:00:00+08:00
465,2025-04-10 10:00:00+08:00
466,2025-04-10 11:00:00+08:00
467,2025-04-10 12:00:00+08:00
468,2025-04-10 13:00:00+08:00
469,2025-04-10 14:00:00+08:00
470,2025-04-10 15:00:00+08:00
471,2025-04-10 16:00:00+08:00
472,2025-04-11 09:00:00+08:00
473,2025-04-11 10:00:00+08:00
474,2025-04-11 11:00:00+08:00
475,2025-04-11 12:00:00+08:00
476,2025-04-11 13:00:00+08:00
477,2025-04-11 14:00:00+08:00
478,2025-04-11 15:00:00+08:00
479,2025-04-11 16:00:00+08:00
480,2025-04-14 09:00:00+08:00
481,2025-04-14 10:00:00+08:00
482,2025-04-14 11:00:00+08:00
483,2025-04-14 12:00:00+08:00
484,2025-04-14 13:00:00+08:00
485,2025-04-14 14:00:00+08:00
486,2025-04-14 15:00:00+08:00
487,2025-04-14 16:00:00+08:00
488,2025-04-15 09:00:00+08:00
489,2025-04-15 10:00:00+08:00
490,2025-04-15 11:00:00+08:00
491,2025-04-15 12:00:00+08:00
492,2025-04-15 13:00:00+08:00
493,2025-04-15 14:00:00+08:00
494,2025-04-15 15:00:00+08:00
495,2025-04-15 16:00:00+08:00
496,2025-04-16 09:00:00+08:00
497,2025-04-16 10:00:00+08:00
498,2025-04-16 11:00:00+08:00
499,2025-04-16 12:00:00+08:00
500,2025-04-16 13:00:00+08:00
501,2025-04-16 14:00:00+08:00
502,2025-04-16 15:00:00+08:00
503,2025-04-16 16:00:00+08:00
504,2025-04-17 09:00:00+08:00
505,2025-04-17 10:00:00+08:00
506,2025-04-17 11:00:00+08:00
507,2025-04-17 12:00:00+08:00
508,2025-04-17 13:00:00+08:00
509,2025-04-17 14:00:00+08:00
510,2025-04-17 15:00:00+08:00
511,2025-04-17 16:00:00+08:00
512,2025-04-18 09:00:00+08:00
513,2025-04-18 10:00:00+08:00
514,2025-04-18 11:00:00+08:00
515,2025-04-18 12:00:00+08:00
516,2025-04-18 13:00:00+08:00
517,2025-04-18 14:00:00+08:00
518,2025-04-18 15:00:00+08:00
519,2025-04-18 16:00:00+08:00
520,2025-04-21 09:00:00+08:00
521,2025-04-21 10:00:00+08:00
522,2025-04-21 11:00:00+08:00
523,2025-04-21 12:00:00+08:00
524,2025-04-21 13:00:00+08:00
525,2025-04-21 14:00:00+08:00
526,2025-04-21 15:00:00+08:00
527,2025-04-21 16:00:00+08:00
528,2025-04-22 09:00:00+08:00
529,2025-04-22 10:00:00+08:00
530,2025-04-22 11:00:00+08:00
531,2025-04-22 12:00:00+08:00
532,2025-04-22 13:00:00+08:00
533,2025-04-22 14:00:00+08:00
534,2025-04-22 15:00:00+08:00
535,2025-04-22 16:00:00+08:00
536,2025-04-23 09:00:00+08:00
537,2025-04-23 10:00:00+08:00
538,2025-04-23 11:00:00+08:00
539,2025-04-23 12:00:00+08:00
540,2025-04-23 13:00:00+08:00
541,2025-04-23 14:00:00+08:00
542,2025-04-23 15:00:00+08:00
543,2025-04-23 16:00:00+08:00
544,2025-04-24 09:00:00+08:00
545,2025-04-24 10:00:00+08:00
546,2025-04-24 11:00:00+08:00
547,2025-04-24 12:00:00+08:00
548,2025-04-24 13:00:00+08:00
549,2025-04-24 14:00:00+08:00
550,2025-04-24 15:00:00+08:00
551,2025-04-24 16:00:00+08:00
552,2025-04-25 09:00:00+08:00
553,2025-04-25 10:00:00+08:00
554,2025-04-25 11:00:00+08:00
555,2025-04-25 12:00:00+08:00
556,2025-04-25 13:00:00+08:00
557,2025-04-25 14:00:00+08:00
558,2025-04-25 15:00:00+08:00
559,2025-04-25 16:00:00+08:00
560,2025-04-28 09:00:00+08:00
561,2025-04-28 10:00:00+08:00
562,2025-04-28 11:00:00+08:00
563,2025-04-28 12:00:00+08:00
564,2025-04-28 13:00:00+08:00
565,2025-04-28 14:00:00+08:00
566,2025-04-28 15:00:00+08:00
567,2025-04-28 16:00:00+08:00
568,2025-04-29 09:00:00+08:00
569,2025-04-29 10:00:00+08:00
570,2025-04-29 11:00:00+08:00
571,2025-04-29 12:00:00+08:00
572,2025-04-29 13:00:00+08:00
573,2025-04-29 14:00:00+08:00
574,2025-04-29 15:00:00+08:00
575,2025-04-29 16:00:00+08:00
576,2025-04-30 09:00:00+08:00
577,2025-04-30 10:00:00+08:00
578,2025-04-30 11:00:00+08:00
579,2025-04-30 12:00:00+08:00
580,2025-04-30 13:00:00+08:00
581,2025-04-30 14:00:00+08:00
582,2025-04-30 15:00:00+08:00
583,2025-04-30 16:00:00+08:00
584,2025-05-01 09:00:00+08:00
585,2025-05-01 10:00:00+08:00
586,2025-05-01 11:00:00+08:00
587,2025-05-01 12:00:00+08:00
588,2025-05-01 13:00:00+08:00
589,2025-05-01 14:00:00+08:00
590,2025-05-01 15:00:00+08:00
591,2025-05-01 16:00:00+08:00
592,2025-05-02 09:00:00+08:00
593,2025-05-02 10:00:00+08:00
594,2025-05-02 11:00:00+08:00
595,2025-05-02 12:00:00+08:00
596,2025-05-02 13:00:00+08:00
597,2025-05-02 14:00:00+08:00
598,2025-05-02 15:00:00+08:00
599,2025-05-02 16:00:00+08:00
600,2025-05-05 09:00:00+08:00
601,2025-05-05 10:00:00+08:00
602,2025-05-05 11:00:00+08:00
603,2025-05-05 12:00:00+08:00
604,2025-05-05 13:00:00+08:00
605,2025-05-05 14:00:00+08:00
606,2025-05-05 15:00:00+08:00
607,2025-05-05 16:00:00+08:00
608,2025-05-06 09:00:00+08:00
609,2025-05-06 10:00:00+08:00
610,2025-05-06 11:00:00+08:00
611,2025-05-06 12:00:00+08:00
612,2025-05-06 13:00:00+08:00
613,2025-05-06 14:00:00+08:00
614,2025-05-06 15:00:00+08:00
615,2025-05-06 16:00:00+08:00
616,2025-05-07 09:00:00+08:00
617,2025-05-07 10:00:00+08:00
618,2025-05-07 11:00:00+08:00
619,2025-05-07 12:00:00+08:00
620,2025-05-07 13:00:00+08:00
621,2025-05-07 14:00:00+08:00
622,2025-05-07 15:00:00+08:00
623,2025-05-07 16:00:00+08:00
624,2025-05-08 09:00:00+08:00
625,2025-05-08 10:00:00+08:00
626,2025-05-08 11:00:00+08:00
627,2025-05-08 12:00:00+08:00
628,2025-05-08 13:00:00+08:00
629,2025-05-08 14:00:00+08:00
630,2025-05-08 15:00:00+08:00
631,2025-05-08 16:00:00+08:00
632,2025-05-09 09:00:00+08:00
633,2025-05-09 10:00:00+08:00
634,2025-05-09 11:00:00+08:00
635,2025-05-09 12:00:00+08:00
636,2025-05-09 13:00:00+08:00
637,2025-05-09 14:00:00+08:00
638,2025-05-09 15:00:00+08:00
639,2025-05-09 16:00:00+08:00
640,2025-05-12 09:00:00+08:00
641,2025-05-12 10:00:00+08:00
642,2025-05-12 11:00:00+08:00
643,2025-05-12 12:00:00+08:00
644,2025-05-12 13:00:00+08:00
645,2025-05-12 14:00:00+08:00
646,2025-05-12 15:00:00+08:00
647,2025-05-12 16:00:00+08:00
648,2025-05-13 09:00:00+08:00
649,2025-05-13 10:00:00+08:00
650,2025-05-13 11:00:00+08:00
651,2025-05-13 12:00:00+08:00
652,2025-05-13 13:00:00+08:00
653,2025-05-13 14:00:00+08:00
654,2025-05-13 15:00:00+08:00
655,2025-05-13 16:00:00+08:00
656,2025-05-14 09:00:00+08:00
657,2025-05-14 10:00:00+08:00
658,2025-05-14 11:00:00+08:00
659,2025-05-14 12:00:00+08:00
660,2025-05-14 13:00:00+08:00
661,2025-05-14 14:00:00+08:00
662,2025-05-14 15:00:00+08:00
663,2025-05-14 16:00:00+08:00
664,2025-05-15 09:00:00+08:00
665,2025-05-15 10:00:00+08:00
666,2025-05-15 11:00:00+08:00
667,2025-05-15 12:00:00+08:00
668,2025-05-15 13:00:00+08:00
669,2025-05-15 14:00:00+08:00
670,2025-05-15 15:00:00+08:00
671,2025-05-15 16:00:00+08:00
672,2025-05-16 09:00:00+08:00
673,2025-05-16 10:00:00+08:00
674,2025-05-16 11:00:00+08:00
675,2025-05-16 12:00:00+08:00
676,2025-05-16 13:00:00+08:00
677,2025-05-16 14:00:00+08:00
678,2025-05-16 15:00:00+08:00
679,2025-05-16 16:00:00+08:00
680,2025-05-19 09:00:00+08:00
681,2025-05-19 10:00:00+08:00
682,2025-05-19 11:00:00+08:00
683,2025-05-19 12:00:00+08:00
684,2025-05-19 13:00:00+08:00
685,2025-05-19 14:00:00+08:00
686,2025-05-19 15:00:00+08:00
687,2025-05-19 16:00:00+08:00
688,2025-05-20 09:00:00+08:00
689,2025-05-20 10:00:00+08:00
690,2025-05-20 11:00:00+08:00
691,2025-05-20 12:00:00+08:00
692,2025-05-20 13:00:00+08:00
693,2025-05-20 14:00:00+08:00
694,2025-05-20 15:00:00+08:00
695,2025-05-20 16:00:00+08:00
696,2025-05-21 09:00:00+08:00
697,2025-05-21 10:00:00+08:00
698,2025-05-21 11:00:00+08:00
699,2025-05-21 12:00:00+08:00
700,2025-05-21 13:00:00+08:00
701,2025-05-21 14:00:00+08:00
702,2025-05-21 15:00:00+08:00
703,2025-05-21 16:00:00+08:00
704,2025-05-22 09:00:00+08:00
705,2025-05-22 10:00:00+08:00
706,2025-05-22 11:00:00+08:00
707,2025-05-22 12:00:00+08:00
708,2025-05-22 13:00:00+08:00
709,2025-05-22 14:00:00+08:00
710,2025-05-22 15:00:00+08:00
711,2025-05-22 16:00:00+08:00
712,2025-05-23 09:00:00+08:00
713,2025-05-23 10:00:00+08:00
714,2025-05-23 11:00:00+08:00
715,2025-05-23 12:00:00+08:00
716,2025-05-23 13:00:00+08:00
717,2025-05-23 14:00:00+08:00
718,2025-05-23 15:00:00+08:00
719,2025-05-23 16:00:00+08:00
720,2025-05-26 09:00:00+08:00
721,2025-05-26 10:00:00+08:00
722,2025-05-26 11:00:00+08:00
723,2025-05-26 12:00:00+08:00
724,2025-05-26 13:00:00+08:00
725,2025-05-26 14:00:00+08:00
726,2025-05-26 15:00:00+08:00
727,2025-05-26 16:00:00+08:00
728,2025-05-27 09:00:00+08:00
729,2025-05-27 10:00:00+08:00
730,2025-05-27 11:00:00+08:00
731,2025-05-27 12:00:00+08:00
732,2025-05-27 13:00:00+08:00
733,2025-05-27 14:00:00+08:00
734,2025-05-27 15:00:00+08:00
735,2025-05-27 16:00:00+08:00
736,2025-05-28 09:00:00+08:00
737,2025-05-28 10:00:00+08:00
738,2025-05-28 11:00:00+08:00
739,2025-05-28 12:00:00+08:00
740,2025-05-28 13:00:00+08:00
741,2025-05-28 14:00:00+08:00
742,2025-05-28 15:00:00+08:00
743,2025-05-28 16:00:00+08:00
744,2025-05-29 09:00:00+08:00
745,2025-05-29 10:00:00+08:00
746,2025-05-29 11:00:00+08:00
747,2025-05-29 12:00:00+08:00
748,2025-05-29 13:00:00+08:00
749,2025-05-29 14:00:00+08:00
750,2025-05-29 15:00:00+08:00
751,2025-05-29 16:00:00+08:00
752,2025-05-30 09:00:00+08:00
753,2025-05-30 10:00:00+08:00
754,2025-05-30 11:00:00+08:00
755,2025-05-30 12:00:00+08:00
756,2025-05-30 13:00:00+08:00
757,2025-05-30 14:00:00+08:00
758,2025-05-30 15:00:00+08:00
759,2025-05-30 16:00:00+08:00
760,2025-06-02 09:00:00+08:00
761,2025-06-02 10:00:00+08:00
762,2025-06-02 11:00:00+08:00
763,2025-06-02 12:00:00+08:00
764,2025-06-02 13:00:00+08:00
765,2025-06-02 14:00:00+08:00
766,2025-06-02 15:00:00+08:00
767,2025-06-02 16:00:00+08:00
768,2025-06-03 09:00:00+08:00
769,2025-06-03 10:00:00+08:00
770,2025-06-03 11:00:00+08:00
771,2025-06-03 12:00:00+08:00
772,2025-06-03 13:00:00+08:00
773,2025-06-03 14:00:00+08:00
774,2025-06-03 15:00:00+08:00
775,2025-06-03 16:00:00+08:00
776,2025-06-04 09:00:00+08:00
777,2025-06-04 10:00:00+08:00
778,2025-06-04 11:00:00+08:00
779,2025-06-04 12:00:00+08:00
780,2025-06-04 13:00:00+08:00
781,2025-06-04 14:00:00+08:00
782,2025-06-04 15:00:00+08:00
783,2025-06-04 16:00:00+08:00
784,2025-06-05 09:00:00+08:00
785,2025-06-05 10:00:00+08:00
786,2025-06-05 11:00:00+08:00
787,2025-06-05 12:00:00+08:00
788,2025-06-05 13:00:00+08:00
789,2025-06-05 14:00:00+08:00
790,2025-06-05 15:00:00+08:00
791,2025-06-05 16:00:00+08:00
792,2025-06-06 09:00:00+08:00
793,2025-06-06 10:00:00+08:00
794,2025-06-06 11:00:00+08:00
795,2025-06-06 12:00:00+08:00
796,2025-06-06 13:00:00+08:00
797,2025-06-06 14:00:00+08:00
798,2025-06-06 15:00:00+08:00
799,2025-06-06 16:00:00+08:00
800,2025-06-09 09:00:00+08:00
801,2025-06-09 10:00:00+08:00
802,2025-06-09 11:00:00+08:00
803,2025-06-09 12:00:00+08:00
804,2025-06-09 13:00:00+08:00
805,2025-06-09 14:00:00+08:00
806,2025-06-09 15:00:00+08:00
807,2025-06-09 16:00:00+08:00
808,2025-06-10 09:00:00+08:00
809,2025-06-10 10:00:00+08:00
810,2025-06-10 11:00:00+08:00
811,2025-06-10 12:00:00+08:00
812,2025-06-10 13:00:00+08:00
813,2025-06-10 14:00:00+08:00
814,2025-06-10 15:00:00+08:00
815,2025-06-10 16:00:00+08:00
816,2025-06-11 09:00:00+08:00
817,2025-06-11 10:00:00+08:00
818,2025-06-11 11:00:00+08:00
819,2025-06-11 12:00:00+08:00
820,2025-06-11 13:00:00+08:00
821,2025-06-11 14:00:00+08:00
822,2025-06-11 15:00:00+08:00
823,2025-06-11 16:00:00+08:00
824,2025-06-12 09:00:00+08:00
825,2025-06-12 10:00:00+08:00
826,2025-06-12 11:00:00+08:00
827,2025-06-12 12:00:00+08:00
828,2025-06-12 13:00:00+08:00
829,2025-06-12 14:00:00+08:00
830,2025-06-12 15:00:00+08:00
831,2025-06-12 16:00:00+08:00
832,2025-06-13 09:00:00+08:00
833,2025-06-13 10:00:00+08:00
834,2025-06-13 11:00:00+08:00
835,2025-06-13 12:00:00+08:00
836,2025-06-13 13:00:00+08:00
837,2025-06-13 14:00:00+08:00
838,2025-06-13 15:00:00+08:00
839,2025-06-13 16:00:00+08:00
840,2025-06-16 09:00:00+08:00
841,2025-06-16 10:00:00+08:00
842,2025-06-16 11:00:00+08:00
843,2025-06-16 12:00:00+08:00
844,2025-06-16 13:00:00+08:00
845,2025-06-16 14:00:00+08:00
846,2025-06-16 15:00:00+08:00
847,2025-06-16 16:00:00+08:00
848,2025-06-17 09:00:00+08:00
849,2025-06-17 10:00:00+08:00
850,2025-06-17 11:00:00+08:00
851,2025-06-17 12:00:00+08:00
852,2025-06-17 13:00:00+08:00
853,2025-06-17 14:00:00+08:00
854,2025-06-17 15:00:00+08:00
855,2025-06-17 16:00:00+08:00
856,2025-06-18 09:00:00+08:00
857,2025-06-18 10:00:00+08:00
858,2025-06-18 11:00:00+08:00
859,2025-06-18 12:00:00+08:00
860,2025-06-18 13:00:00+08:00
861,2025-06-18 14:00:00+08:00
862,2025-06-18 15:00:00+08:00
863,2025-06-18 16:00:00+08:00
864,2025-06-19 09:00:00+08:00
865,2025-06-19 10:00:00+08:00
866,2025-06-19 11:00:00+08:00
867,2025-06-19 12:00:00+08:00
868,2025-06-19 13:00:00+08:00
869,2025-06-19 14:00:00+08:00
870,2025-06-19 15:00:00+08:00
871,2025-06-19 16:00:00+08:00
872,2025-06-20 09:00:00+08:00
873,2025-06-20 10:00:00+08:00
874,2025-06-20 11:00:00+08:00
875,2025-06-20 12:00:00+08:00
876,2025-06-20 13:00:00+08:00
877,2025-06-20 14:00:00+08:00
878,2025-06-20 15:00:00+08:00
879,2025-06-20 16:00:00+08:00
880,2025-06-23 09:00:00+08:00
881,2025-06-23 10:00:00+08:00
882,2025-06-23 11:00:00+08:00
883,2025-06-23 12:00:00+08:00
884,2025-06-23 13:00:00+08:00
885,2025-06-23 14:00:00+08:00
886,2025-06-23 15:00:00+08:00
887,2025-06-23 16:00:00+08:00
888,2025-06-24 09:00:00+08:00
889,2025-06-24 10:00:00+08:00
890,2025-06-24 11:00:00+08:00
891,2025-06-24 12:00:00+08:00
892,2025-06-24 13:00:00+08:00
893,2025-06-24 14:00:00+08:00
894,2025-06-24 15:00:00+08:00
895,2025-06-24 16:00:00+08:00
896,2025-06-25 09:00:00+08:00
897,2025-06-25 10:00:00+08:00
898,2025-06-25 11:00:00+08:00
899,2025-06-25 12:00:00+08:00
900,2025-06-25 13:00:00+08:00
901,2025-06-25 14:00:00+08:00
902,2025-06-25 15:00:00+08:00
903,2025-06-25 16:00:00+08:00
904,2025-06-26 09:00:00+08:00
905,2025-06-26 10:00:00+08:00
906,2025-06-26 11:00:00+08:00
907,2025-06-26 12:00:00+08:00
908,2025-06-26 13:00:00+08:00
909,2025-06-26 14:00:00+08:00
910,2025-06-26 15:00:00+08:00
911,2025-06-26 16:00:00+08:00
912,2025-06-27 09:00:00+08:00
913,2025-06-27 10:00:00+08:00
914,2025-06-27 11:00:00+08:00
915,2025-06-27 12:00:00+08:00
916,2025-06-27 13:00:00+08:00
917,2025-06-27 14:00:00+08:00
918,2025-06-27 15:00:00+08:00
919,2025-06-27 16:00:00+08:00
920,2025-06-30 09:00:00+08:00
921,2025-06-30 10:00:00+08:00
922,2025-06-30 11:00:00+08:00
923,2025-06-30 12:00:00+08:00
924,2025-06-30 13:00:00+08:00
925,2025-06-30 14:00:00+08:00
926,2025-06-30 15:00:00+08:00
927,2025-06-30 16:00:00+08:00
928,2025-07-01 09:00:00+08:00
929,2025-07-01 10:00:00+08:00
930,2025-07-01 11:00:00+08:00
931,2025-07-01 12:00:00+08:00
932,2025-07-01 13:00:00+08:00
933,2025-07-01 14:00:00+08:00
934,2025-07-01 15:00:00+08:00
935,2025-07-01 16:00:00+08:00
936,2025-07-02 09:00:00+08:00
937,2025-07-02 10:00:00+08:00
938,2025-07-02 11:00:00+08:00
939,2025-07-02 12:00:00+08:00
940,2025-07-02 13:00:00+08:00
941,2025-07-02 14:00:00+08:00
942,2025-07-02 15:00:00+08:00
943,2025-07-02 16:00:00+08:00
944,2025-07-03 09:00:00+08:00
945,2025-07-03 10:00:00+08:00
946,2025-07-03 11:00:00+08:00
947,2025-07-03 12:00:00+08:00
948,2025-07-03 13:00:00+08:00
949,2025-07-03 14:00:00+08:00
950,2025-07-03 15:00:00+08:00
951,2025-07-03 16:00:00+08:00
952,2025-07-04 09:00:00+08:00
953,2025-07-04 10:00:00+08:00
954,2025-07-04 11:00:00+08:00
955,2025-07-04 12:00:00+08:00
956,2025-07-04 13:00:00+08:00
957,2025-07-04 14:00:00+08:00
958,2025-07-04 15:00:00+08:00
959,2025-07-04 16:00:00+08:00
960,2025-07-07 09:00:00+08:00
961,2025-07-07 10:00:00+08:00
962,2025-07-07 11:00:00+08:00
963,2025-07-07 12:00:00+08:00
964,2025-07-07 13:00:00+08:00
965,2025-07-07 14:00:00+08:00
966,2025-07-07 15:00:00+08:00
967,2025-07-07 16:00:00+08:00
968,2025-07-08 09:00:00+08:00
969,2025-07-08 10:00:00+08:00
970,2025-07-08 11:00:00+08:00
971,2025-07-08 12:00:00+08:00
972,2025-07-08 13:00:00+08:00
973,2025-07-08 14:00:00+08:00
974,2025-07-08 15:00:00+08:00
975,2025-07-08 16:00:00+08:00
976,2025-07-09 09:00:00+08:00
977,2025-07-09 10:00:00+08:00
978,2025-07-09 11:00:00+08:00
979,2025-07-09 12:00:00+08:00
980,2025-07-09 13:00:00+08:00
981,2025-07-09 14:00:00+08:00
982,2025-07-09 15:00:00+08:00
983,2025-07-09 16:00:00+08:00
984,2025-07-10 09:00:00+08:00
985,2025-07-10 10:00:00+08:00
986,2025-07-10 11:00:00+08:00
987,2025-07-10 12:00:00+08:00
988,2025-07-10 13:00:00+08:00
989,2025-07-10 14:00:00+08:00
990,2025-07-10 15:00:00+08:00
991,2025-07-10 16:00:00+08:00
992,2025-07-11 09:00:00+08:00
993,2025-07-11 10:00:00+08:00
994,2025-07-11 11:00:00+08:00
995,2025-07-11 12:00:00+08:00
996,2025-07-11 13:00:00+08:00
997,2025-07-11 14:00:00+08:00
998,2025-07-11 15:00:00+08:00
999,2025-07-11 16:00:00+08:00
1000,2025-07-14 09:00:00+08:00
1001,2025-07-14 10:00:00+08:00
1002,2025-07-14 11:00:00+08:00
1003,2025-07-14 12:00:00+08:00
1004,2025-07-14 13:00:00+08:00
1005,2025-07-14 14:00:00+08:00
1006,2025-07-14 15:00:00+08:00
1007,2025-07-14 16:00:00+08:00
1008,2025-07-15 09:00:00+08:00
1009,2025-07-15 10:00:00+08:00
1010,2025-07-15 11:00:00+08:00
1011,2025-07-15 12:00:00+08:00
1012,2025-07-15 13:00:00+08:00
1013,2025-07-15 14:00:00+08:00
1014,2025-07-15 15:00:00+08:00
1015,2025-07-15 16:00:00+08:00
1016,2025-07-16 09:00:00+08:00
1017,2025-07-16 10:00:00+08:00
1018,2025-07-16 11:00:00+08:00
1019,2025-07-16 12:00:00+08:00
1020,2025-07-16 13:00:00+08:00
1021,2025-07-16 14:00:00+08:00
1022,2025-07-16 15:00:00+08:00
1023,2025-07-16 16:00:00+08:00
1024,2025-07-17 09:00:00+08:00
1025,2025-07-17 10:00:00+08:00
1026,2025-07-17 11:00:00+08:00
1027,2025-07-17 12:00:00+08:00
1028,2025-07-17 13:00:00+08:00
1029,2025-07-17 14:00:00+08:00
1030,2025-07-17 15:00:00+08:00
1031,2025-07-17 16:00:00+08:00
1032,2025-07-18 09:00:00+08:00
1033,2025-07-18 10:00:00+08:00
1034,2025-07-18 11:00:00+08:00
1035,2025-07-18 12:00:00+08:00
1036,2025-07-18 13:00:00+08:00
1037,2025-07-18 14:00:00+08:00
1038,2025-07-18 15:00:00+08:00
1039,2025-07-18 16:00:00+08:00
1040,2025-07-21 09:00:00+08:00
1041,2025-07-21 10:00:00+08:00
1042,2025-07-21 11:00:00+08:00
1043,2025-07-21 12:00:00+08:00
1044,2025-07-21 13:00:00+08:00
1045,2025-07-21 14:00:00+08:00
1046,2025-07-21 15:00:00+08:00
1047,2025-07-21 16:00:00+08:00
1048,2025-07-22 09:00:00+08:00
1049,2025-07-22 10:00:00+08:00
1050,2025-07-22 11:00:00+08:00
1051,2025-07-22 12:00:00+08:00
1052,2025-07-22 13:00:00+08:00
1053,2025-07-22 14:00:00+08:00
1054,2025-07-22 15:00:00+08:00
1055,2025-07-22 16:00:00+08:00
1056,2025-07-23 09:00:00+08:00
1057,2025-07-23 10:00:00+08:00
1058,2025-07-23 11:00:00+08:00
1059,2025-07-23 12:00:00+08:00
1060,2025-07-23 13:00:00+08:00
1061,2025-07-23 14:00:00+08:00
1062,2025-07-23 15:00:00+08:00
1063,2025-07-23 16:00:00+08:00
1064,2025-07-24 09:00:00+08:00
1065,2025-07-24 10:00:00+08:00
1066,2025-07-24 11:00:00+08:00
1067,2025-07-24 12:00:00+08:00
1068,2025-07-24 13:00:00+08:00
1069,2025-07-24 14:00:00+08:00
1070,2025-07-24 15:00:00+08:00
1071,2025-07-24 16:00:00+08:00
1072,2025-07-25 09:00:00+08:00
1073,2025-07-25 10:00:00+08:00
1074,2025-07-25 11:00:00+08:00
1075,2025-07-25 12:00:00+08:00
1076,2025-07-25 13:00:00+08:00
1077,2025-07-25 14:00:00+08:00
1078,2025-07-25 15:00:00+08:00
1079,2025-07-25 16:00:00+08:00
1080,2025-07-28 09:00:00+08:00
1081,2025-07-28 10:00:00+08:00
1082,2025-07-28 11:00:00+08:00
1083,2025-07-28 12:00:00+08:00
1084,2025-07-28 13:00:00+08:00
1085,2025-07-28 14:00:00+08:00
1086,2025-07-28 15:00:00+08:00
1087,2025-07-28 16:00:00+08:00
1088,2025-07-29 09:00:00+08:00
1089,2025-07-29 10:00:00+08:00
1090,2025-07-29 11:00:00+08:00
1091,2025-07-29 12:00:00+08:00
1092,2025-07-29 13:00:00+08:00
1093,2025-07-29 14:00:00+08:00
1094,2025-07-29 15:00:00+08:00
1095,2025-07-29 16:00:00+08:00
1096,2025-07-30 09:00:00+08:00
1097,2025-07-30 10:00:00+08:00
1098,2025-07-30 11:00:00+08:00
1099,2025-07-30 12:00:00+08:00
1100,2025-07-30 13:00:00+08:00
1101,2025-07-30 14:00:00+08:00
1102,2025-07-30 15:00:00+08:00
1103,2025-07-30 16:00:00+08:00
1104,2025-07-31 09:00:00+08:00
1105,2025-07-31 10:00:00+08:00
1106,2025-07-31 11:00:00+08:00
1107,2025-07-31 12:00:00+08:00
1108,2025-07-31 13:00:00+08:00
1109,2025-07-31 14:00:00+08:00
1110,2025-07-31 15:00:00+08:00
1111,2025-07-31 16:00:00+08:00
1112,2025-08-01 09:00:00+08:00
1113,2025-08-01 10:00:00+08:00
1114,2025-08-01 11:00:00+08:00
1115,2025-08-01 12:00:00+08:00
1116,2025-08-01 13:00:00+08:00
1117,2025-08-01 14:00:00+08:00
1118,2025-08-01 15:00:00+08:00
1119,2025-08-01 16:00:00+08:00
1120,2025-08-04 09:00:00+08:00
1121,2025-08-04 10:00:00+08:00
1122,2025-08-04 11:00:00+08:00
1123,2025-08-04 12:00:00+08:00
1124,2025-08-04 13:00:00+08:00
1125,2025-08-04 14:00:00+08:00
1126,2025-08-04 15:00:00+08:00
1127,2025-08-04 16:00:00+08:00
1128,2025-08-05 09:00:00+08:00
1129,2025-08-05 10:00:00+08:00
1130,2025-08-05 11:00:00+08:00
1131,2025-08-05 12:00:00+08:00
1132,2025-08-05 13:00:00+08:00
1133,2025-08-05 14:00:00+08:00
1134,2025-08-05 15:00:00+08:00
1135,2025-08-05 16:00:00+08:00
1136,2025-08-06 09:00:00+08:00
1137,2025-08-06 10:00:00+08:00
1138,2025-08-06 11:00:00+08:00
1139,2025-08-06 12:00:00+08:00
1140,2025-08-06 13:00:00+08:00
1141,2025-08-06 14:00:00+08:00
1142,2025-08-06 15:00:00+08:00
1143,2025-08-06 16:00:00+08:00
