,time,cs_base_hour_current_hour,cs_base_hour_current_day,cs_base_hour_current_hour_minus,cs_base_hour_current_month,cs_base_hour_current_year,cs_base_hour_current_month_minus,cs_base_day_current_hour,cs_base_day_current_day,cs_base_day_current_hour_minus,cs_base_day_current_month,cs_base_day_current_year,cs_base_day_current_month_minus,cs_base_hour_minus_current_hour,cs_base_hour_minus_current_day,cs_base_hour_minus_current_hour_minus,cs_base_hour_minus_current_month,cs_base_hour_minus_current_year,cs_base_hour_minus_current_month_minus,cs_base_month_current_hour,cs_base_month_current_day,cs_base_month_current_hour_minus,cs_base_month_current_month,cs_base_month_current_year,cs_base_month_current_month_minus,cs_base_year_current_hour,cs_base_year_current_day,cs_base_year_current_hour_minus,cs_base_year_current_month,cs_base_year_current_year,cs_base_year_current_month_minus,cs_base_month_minus_current_hour,cs_base_month_minus_current_day,cs_base_month_minus_current_hour_minus,cs_base_month_minus_current_month,cs_base_month_minus_current_year,cs_base_month_minus_current_month_minus
0,1749086476013607000,6,8,1,5,8,4,7,7,9,3,7,10,2,3,0,2,3,6,3,4,1,7,4,8,2,2,11,4,2,5,9,10,9,8,10,7
1,1749172876013607000,6,2,7,2,5,6,7,6,8,6,3,2,2,5,10,5,2,4,3,10,5,10,7,3,2,8,6,8,4,7,9,4,3,4,8,5
2,1749432076013607000,6,3,7,2,5,6,7,5,8,6,3,2,2,8,10,5,2,4,3,6,5,10,7,3,2,10,6,8,4,7,9,2,3,4,8,5
3,1749518476013607000,6,1,7,2,5,6,7,9,8,6,3,2,2,0,10,5,2,4,3,1,5,10,7,3,2,11,6,8,4,7,9,9,3,4,8,5
4,1749604876013607000,6,6,7,2,5,6,7,2,8,6,3,2,2,4,10,5,2,4,3,3,5,10,7,3,2,7,6,8,4,7,9,5,3,4,8,5
5,1749691276013607000,6,7,7,2,5,6,7,8,8,6,3,2,2,10,10,5,2,4,3,5,5,10,7,3,2,6,6,8,4,7,9,3,3,4,8,5
6,1749777676013607000,6,11,7,2,5,6,7,0,8,6,3,2,2,11,10,5,2,4,3,9,5,10,7,3,2,1,6,8,4,7,9,1,3,4,8,5
7,1750036876013607000,6,0,7,2,5,6,7,11,8,6,3,2,2,1,10,5,2,4,3,0,5,10,7,3,2,9,6,8,4,7,9,11,3,4,8,5
8,1750123276013607000,6,8,7,2,5,6,7,7,8,6,3,2,2,3,10,5,2,4,3,4,5,10,7,3,2,2,6,8,4,7,9,10,3,4,8,5
9,1750209676013607000,6,2,7,2,5,6,7,6,8,6,3,2,2,5,10,5,2,4,3,10,5,10,7,3,2,8,6,8,4,7,9,4,3,4,8,5
10,1750296076013607000,6,9,7,2,5,6,7,1,8,6,3,2,2,9,10,5,2,4,3,11,5,10,7,3,2,0,6,8,4,7,9,0,3,4,8,5
11,1750382476013607000,6,5,7,2,5,6,7,3,8,6,3,2,2,2,10,5,2,4,3,7,5,10,7,3,2,4,6,8,4,7,9,8,3,4,8,5
12,1750641676013607000,6,6,7,3,5,10,7,2,8,5,3,4,2,4,10,8,2,7,3,3,5,6,7,2,2,7,6,10,4,3,9,5,3,2,8,6
13,1750728076013607000,6,7,7,3,5,10,7,8,8,5,3,4,2,10,10,8,2,7,3,5,5,6,7,2,2,6,6,10,4,3,9,3,3,2,8,6
14,1750814476013607000,6,11,7,3,5,10,7,0,8,5,3,4,2,11,10,8,2,7,3,9,5,6,7,2,2,1,6,10,4,3,9,1,3,2,8,6
15,1750900876013607000,6,10,7,3,5,10,7,4,8,5,3,4,2,7,10,8,2,7,3,2,5,6,7,2,2,3,6,10,4,3,9,6,3,2,8,6
16,1750987276013607000,6,4,7,3,5,10,7,10,8,5,3,4,2,6,10,8,2,7,3,8,5,6,7,2,2,5,6,10,4,3,9,7,3,2,8,6
17,1751246476013607000,6,2,7,3,5,10,7,6,8,5,3,4,2,5,10,8,2,7,3,10,5,6,7,2,2,8,6,10,4,3,9,4,3,2,8,6
18,1751332876013607000,6,9,7,3,5,10,7,1,8,5,3,4,2,9,10,8,2,7,3,11,5,6,7,2,2,0,6,10,4,3,9,0,3,2,8,6
19,1751419276013607000,6,5,7,3,5,10,7,3,8,5,3,4,2,2,10,8,2,7,3,7,5,6,7,2,2,4,6,10,4,3,9,8,3,2,8,6
20,1751505676013607000,6,3,7,3,5,10,7,5,8,5,3,4,2,8,10,8,2,7,3,6,5,6,7,2,2,10,6,10,4,3,9,2,3,2,8,6
21,1751592076013607000,6,1,7,3,5,10,7,9,8,5,3,4,2,0,10,8,2,7,3,1,5,6,7,2,2,11,6,10,4,3,9,9,3,2,8,6
22,1751851276013607000,6,11,7,9,5,7,7,0,8,1,3,8,2,11,10,9,2,10,3,9,5,11,7,5,2,1,6,0,4,6,9,1,3,0,8,3
23,1751937676013607000,6,10,7,9,5,7,7,4,8,1,3,8,2,7,10,9,2,10,3,2,5,11,7,5,2,3,6,0,4,6,9,6,3,0,8,3
24,1752024076013607000,6,4,7,9,5,7,7,10,8,1,3,8,2,6,10,9,2,10,3,8,5,11,7,5,2,5,6,0,4,6,9,7,3,0,8,3
25,1752110476013607000,6,0,7,9,5,7,7,11,8,1,3,8,2,1,10,9,2,10,3,0,5,11,7,5,2,9,6,0,4,6,9,11,3,0,8,3
26,1752196876013607000,6,8,7,9,5,7,7,7,8,1,3,8,2,3,10,9,2,10,3,4,5,11,7,5,2,2,6,0,4,6,9,10,3,0,8,3
27,1752456076013607000,6,5,7,9,5,7,7,3,8,1,3,8,2,2,10,9,2,10,3,7,5,11,7,5,2,4,6,0,4,6,9,8,3,0,8,3
28,1752542476013607000,6,3,7,9,5,7,7,5,8,1,3,8,2,8,10,9,2,10,3,6,5,11,7,5,2,10,6,0,4,6,9,2,3,0,8,3
29,1752628876013607000,6,1,7,9,5,7,7,9,8,1,3,8,2,0,10,9,2,10,3,1,5,11,7,5,2,11,6,0,4,6,9,9,3,0,8,3
30,1752715276013607000,6,6,7,9,5,7,7,2,8,1,3,8,2,4,10,9,2,10,3,3,5,11,7,5,2,7,6,0,4,6,9,5,3,0,8,3
31,1752801676013607000,6,7,7,9,5,7,7,8,8,1,3,8,2,10,10,9,2,10,3,5,5,11,7,5,2,6,6,0,4,6,9,3,3,0,8,3
32,1753060876013607000,6,4,7,9,5,7,7,10,8,1,3,8,2,6,10,9,2,10,3,8,5,11,7,5,2,5,6,0,4,6,9,7,3,0,8,3
33,1753147276013607000,6,0,7,9,5,7,7,11,8,1,3,8,2,1,10,9,2,10,3,0,5,11,7,5,2,9,6,0,4,6,9,11,3,0,8,3
34,1753233676013607000,6,8,7,1,5,4,7,7,8,9,3,10,2,3,10,0,2,6,3,4,5,1,7,8,2,2,6,11,4,5,9,10,3,9,8,7
35,1753320076013607000,6,2,7,1,5,4,7,6,8,9,3,10,2,5,10,0,2,6,3,10,5,1,7,8,2,8,6,11,4,5,9,4,3,9,8,7
36,1753406476013607000,6,9,7,1,5,4,7,1,8,9,3,10,2,9,10,0,2,6,3,11,5,1,7,8,2,0,6,11,4,5,9,0,3,9,8,7
37,1753665676013607000,6,1,7,1,5,4,7,9,8,9,3,10,2,0,10,0,2,6,3,1,5,1,7,8,2,11,6,11,4,5,9,9,3,9,8,7
38,1753752076013607000,6,6,7,1,5,4,7,2,8,9,3,10,2,4,10,0,2,6,3,3,5,1,7,8,2,7,6,11,4,5,9,5,3,9,8,7
39,1753838476013607000,6,7,7,1,5,4,7,8,8,9,3,10,2,10,10,0,2,6,3,5,5,1,7,8,2,6,6,11,4,5,9,3,3,9,8,7
40,1753924876013607000,6,11,7,1,5,4,7,0,8,9,3,10,2,11,10,0,2,6,3,9,5,1,7,8,2,1,6,11,4,5,9,1,3,9,8,7
41,1754011276013607000,6,10,7,1,5,4,7,4,8,9,3,10,2,7,10,0,2,6,3,2,5,1,7,8,2,3,6,11,4,5,9,6,3,9,8,7
42,1754270476013607000,6,8,7,1,5,4,7,7,8,9,3,10,2,3,10,0,2,6,3,4,5,1,7,8,2,2,6,11,4,5,9,10,3,9,8,7
43,1754356876013607000,6,2,7,1,5,4,7,6,8,9,3,10,2,5,10,0,2,6,3,10,5,1,7,8,2,8,6,11,4,5,9,4,3,9,8,7
44,1754443276013607000,6,9,7,1,5,4,7,1,8,9,3,10,2,9,10,0,2,6,3,11,5,1,7,8,2,0,6,11,4,5,9,0,3,9,8,7
45,1754529676013607000,6,5,7,1,5,4,7,3,8,9,3,10,2,2,10,0,2,6,3,7,5,1,7,8,2,4,6,11,4,5,9,8,3,9,8,7
46,1754616076013607000,6,3,7,5,5,11,7,5,8,3,3,0,2,8,10,2,2,11,3,6,5,7,7,9,2,10,6,4,4,1,9,2,3,8,8,1
47,1754875276013607000,6,7,7,5,5,11,7,8,8,3,3,0,2,10,10,2,2,11,3,5,5,7,7,9,2,6,6,4,4,1,9,3,3,8,8,1
48,1754961676013607000,6,11,7,5,5,11,7,0,8,3,3,0,2,11,10,2,2,11,3,9,5,7,7,9,2,1,6,4,4,1,9,1,3,8,8,1
49,1755048076013607000,6,10,7,5,5,11,7,4,8,3,3,0,2,7,10,2,2,11,3,2,5,7,7,9,2,3,6,4,4,1,9,6,3,8,8,1
50,1755134476013607000,6,4,7,5,5,11,7,10,8,3,3,0,2,6,10,2,2,11,3,8,5,7,7,9,2,5,6,4,4,1,9,7,3,8,8,1
51,1755220876013607000,6,0,7,5,5,11,7,11,8,3,3,0,2,1,10,2,2,11,3,0,5,7,7,9,2,9,6,4,4,1,9,11,3,8,8,1
52,1755480076013607000,6,9,7,5,5,11,7,1,8,3,3,0,2,9,10,2,2,11,3,11,5,7,7,9,2,0,6,4,4,1,9,0,3,8,8,1
53,1755566476013607000,6,5,7,5,5,11,7,3,8,3,3,0,2,2,10,2,2,11,3,7,5,7,7,9,2,4,6,4,4,1,9,8,3,8,8,1
54,1755652876013607000,6,3,7,5,5,11,7,5,8,3,3,0,2,8,10,2,2,11,3,6,5,7,7,9,2,10,6,4,4,1,9,2,3,8,8,1
55,1755739276013607000,6,1,7,5,5,11,7,9,8,3,3,0,2,0,10,2,2,11,3,1,5,7,7,9,2,11,6,4,4,1,9,9,3,8,8,1
56,1755825676013607000,6,6,7,5,5,11,7,2,8,3,3,0,2,4,10,2,2,11,3,3,5,7,7,9,2,7,6,4,4,1,9,5,3,8,8,1
57,1756084876013607000,6,10,7,6,5,0,7,4,8,2,3,11,2,7,10,4,2,1,3,2,5,3,7,0,2,3,6,7,4,9,9,6,3,5,8,11
58,1756171276013607000,6,4,7,6,5,0,7,10,8,2,3,11,2,6,10,4,2,1,3,8,5,3,7,0,2,5,6,7,4,9,9,7,3,5,8,11
59,1756257676013607000,6,0,7,6,5,0,7,11,8,2,3,11,2,1,10,4,2,1,3,0,5,3,7,0,2,9,6,7,4,9,9,11,3,5,8,11
60,1756344076013607000,6,8,7,6,5,0,7,7,8,2,3,11,2,3,10,4,2,1,3,4,5,3,7,0,2,2,6,7,4,9,9,10,3,5,8,11
61,1756430476013607000,6,2,7,6,5,0,7,6,8,2,3,11,2,5,10,4,2,1,3,10,5,3,7,0,2,8,6,7,4,9,9,4,3,5,8,11
62,1756689676013607000,6,3,7,6,5,0,7,5,8,2,3,11,2,8,10,4,2,1,3,6,5,3,7,0,2,10,6,7,4,9,9,2,3,5,8,11
63,1756776076013607000,6,1,7,6,5,0,7,9,8,2,3,11,2,0,10,4,2,1,3,1,5,3,7,0,2,11,6,7,4,9,9,9,3,5,8,11
64,1756862476013607000,6,6,7,6,5,0,7,2,8,2,3,11,2,4,10,4,2,1,3,3,5,3,7,0,2,7,6,7,4,9,9,5,3,5,8,11
65,1756948876013607000,6,7,7,6,5,0,7,8,8,2,3,11,2,10,10,4,2,1,3,5,5,3,7,0,2,6,6,7,4,9,9,3,3,5,8,11
66,1757035276013607000,6,11,7,6,5,0,7,0,8,2,3,11,2,11,10,4,2,1,3,9,5,3,7,0,2,1,6,7,4,9,9,1,3,5,8,11
67,1757294476013607000,6,0,7,3,5,10,7,11,8,5,3,4,2,1,10,8,2,7,3,0,5,6,7,2,2,9,6,10,4,3,9,11,3,2,8,6
68,1757380876013607000,6,8,7,3,5,10,7,7,8,5,3,4,2,3,10,8,2,7,3,4,5,6,7,2,2,2,6,10,4,3,9,10,3,2,8,6
69,1757467276013607000,6,2,7,3,5,10,7,6,8,5,3,4,2,5,10,8,2,7,3,10,5,6,7,2,2,8,6,10,4,3,9,4,3,2,8,6
70,1757553676013607000,6,9,7,3,5,10,7,1,8,5,3,4,2,9,10,8,2,7,3,11,5,6,7,2,2,0,6,10,4,3,9,0,3,2,8,6
71,1757640076013607000,6,5,7,3,5,10,7,3,8,5,3,4,2,2,10,8,2,7,3,7,5,6,7,2,2,4,6,10,4,3,9,8,3,2,8,6
72,1757899276013607000,6,6,7,3,5,10,7,2,8,5,3,4,2,4,10,8,2,7,3,3,5,6,7,2,2,7,6,10,4,3,9,5,3,2,8,6
73,1757985676013607000,6,7,7,3,5,10,7,8,8,5,3,4,2,10,10,8,2,7,3,5,5,6,7,2,2,6,6,10,4,3,9,3,3,2,8,6
74,1758072076013607000,6,11,7,3,5,10,7,0,8,5,3,4,2,11,10,8,2,7,3,9,5,6,7,2,2,1,6,10,4,3,9,1,3,2,8,6
75,1758158476013607000,6,10,7,3,5,10,7,4,8,5,3,4,2,7,10,8,2,7,3,2,5,6,7,2,2,3,6,10,4,3,9,6,3,2,8,6
76,1758244876013607000,6,4,7,3,5,10,7,10,8,5,3,4,2,6,10,8,2,7,3,8,5,6,7,2,2,5,6,10,4,3,9,7,3,2,8,6
77,1758504076013607000,6,2,7,3,5,10,7,6,8,5,3,4,2,5,10,8,2,7,3,10,5,6,7,2,2,8,6,10,4,3,9,4,3,2,8,6
78,1758590476013607000,6,9,7,7,5,8,7,1,8,8,3,7,2,9,10,10,2,3,3,11,5,5,7,4,2,0,6,6,4,2,9,0,3,3,8,10
79,1758676876013607000,6,5,7,7,5,8,7,3,8,8,3,7,2,2,10,10,2,3,3,7,5,5,7,4,2,4,6,6,4,2,9,8,3,3,8,10
80,1758763276013607000,6,3,7,7,5,8,7,5,8,8,3,7,2,8,10,10,2,3,3,6,5,5,7,4,2,10,6,6,4,2,9,2,3,3,8,10
81,1758849676013607000,6,1,7,7,5,8,7,9,8,8,3,7,2,0,10,10,2,3,3,1,5,5,7,4,2,11,6,6,4,2,9,9,3,3,8,10
82,1759108876013607000,6,11,7,7,5,8,7,0,8,8,3,7,2,11,10,10,2,3,3,9,5,5,7,4,2,1,6,6,4,2,9,1,3,3,8,10
83,1759195276013607000,6,10,7,7,5,8,7,4,8,8,3,7,2,7,10,10,2,3,3,2,5,5,7,4,2,3,6,6,4,2,9,6,3,3,8,10
84,1759281676013607000,6,4,7,7,5,8,7,10,8,8,3,7,2,6,10,10,2,3,3,8,5,5,7,4,2,5,6,6,4,2,9,7,3,3,8,10
85,1759368076013607000,6,0,7,7,5,8,7,11,8,8,3,7,2,1,10,10,2,3,3,0,5,5,7,4,2,9,6,6,4,2,9,11,3,3,8,10
86,1759454476013607000,6,8,7,7,5,8,7,7,8,8,3,7,2,3,10,10,2,3,3,4,5,5,7,4,2,2,6,6,4,2,9,10,3,3,8,10
87,1759713676013607000,6,5,7,7,5,8,7,3,8,8,3,7,2,2,10,10,2,3,3,7,5,5,7,4,2,4,6,6,4,2,9,8,3,3,8,10
88,1759800076013607000,6,3,7,7,5,8,7,5,8,8,3,7,2,8,10,10,2,3,3,6,5,5,7,4,2,10,6,6,4,2,9,2,3,3,8,10
89,1759886476013607000,6,1,7,1,5,4,7,9,8,9,3,10,2,0,10,0,2,6,3,1,5,1,7,8,2,11,6,11,4,5,9,9,3,9,8,7
90,1759972876013607000,6,6,7,1,5,4,7,2,8,9,3,10,2,4,10,0,2,6,3,3,5,1,7,8,2,7,6,11,4,5,9,5,3,9,8,7
91,1760059276013607000,6,7,7,1,5,4,7,8,8,9,3,10,2,10,10,0,2,6,3,5,5,1,7,8,2,6,6,11,4,5,9,3,3,9,8,7
92,1760318476013607000,6,4,7,1,5,4,7,10,8,9,3,10,2,6,10,0,2,6,3,8,5,1,7,8,2,5,6,11,4,5,9,7,3,9,8,7
93,1760404876013607000,6,0,7,1,5,4,7,11,8,9,3,10,2,1,10,0,2,6,3,0,5,1,7,8,2,9,6,11,4,5,9,11,3,9,8,7
94,1760491276013607000,6,8,7,1,5,4,7,7,8,9,3,10,2,3,10,0,2,6,3,4,5,1,7,8,2,2,6,11,4,5,9,10,3,9,8,7
95,1760577676013607000,6,2,7,1,5,4,7,6,8,9,3,10,2,5,10,0,2,6,3,10,5,1,7,8,2,8,6,11,4,5,9,4,3,9,8,7
96,1760664076013607000,6,9,7,1,5,4,7,1,8,9,3,10,2,9,10,0,2,6,3,11,5,1,7,8,2,0,6,11,4,5,9,0,3,9,8,7
97,1760923276013607000,6,1,7,1,5,4,7,9,8,9,3,10,2,0,10,0,2,6,3,1,5,1,7,8,2,11,6,11,4,5,9,9,3,9,8,7
98,1761009676013607000,6,6,7,1,5,4,7,2,8,9,3,10,2,4,10,0,2,6,3,3,5,1,7,8,2,7,6,11,4,5,9,5,3,9,8,7
99,1761096076013607000,6,7,7,1,5,4,7,8,8,9,3,10,2,10,10,0,2,6,3,5,5,1,7,8,2,6,6,11,4,5,9,3,3,9,8,7
100,1761182476013607000,6,11,7,1,5,4,7,0,8,9,3,10,2,11,10,0,2,6,3,9,5,1,7,8,2,1,6,11,4,5,9,1,3,9,8,7
101,1761268876013607000,6,10,7,11,5,2,7,4,8,0,3,6,2,7,10,11,2,5,3,2,5,9,7,10,2,3,6,1,4,8,9,6,3,1,8,4
102,1761528076013607000,6,8,7,11,5,2,7,7,8,0,3,6,2,3,10,11,2,5,3,4,5,9,7,10,2,2,6,1,4,8,9,10,3,1,8,4
103,1761614476013607000,6,2,7,11,5,2,7,6,8,0,3,6,2,5,10,11,2,5,3,10,5,9,7,10,2,8,6,1,4,8,9,4,3,1,8,4
104,1761700876013607000,6,9,7,11,5,2,7,1,8,0,3,6,2,9,10,11,2,5,3,11,5,9,7,10,2,0,6,1,4,8,9,0,3,1,8,4
105,1761787276013607000,6,5,7,11,5,2,7,3,8,0,3,6,2,2,10,11,2,5,3,7,5,9,7,10,2,4,6,1,4,8,9,8,3,1,8,4
106,1761873676013607000,6,3,7,11,5,2,7,5,8,0,3,6,2,8,10,11,2,5,3,6,5,9,7,10,2,10,6,1,4,8,9,2,3,1,8,4
107,1762132876013607000,6,7,7,11,5,2,7,8,8,0,3,6,2,10,10,11,2,5,3,5,5,9,7,10,2,6,6,1,4,8,9,3,3,1,8,4
108,1762219276013607000,6,11,7,11,5,2,7,0,8,0,3,6,2,11,10,11,2,5,3,9,5,9,7,10,2,1,6,1,4,8,9,1,3,1,8,4
109,1762305676013607000,6,10,7,11,5,2,7,4,8,0,3,6,2,7,10,11,2,5,3,2,5,9,7,10,2,3,6,1,4,8,9,6,3,1,8,4
110,1762392076013607000,6,4,7,11,5,2,7,10,8,0,3,6,2,6,10,11,2,5,3,8,5,9,7,10,2,5,6,1,4,8,9,7,3,1,8,4
111,1762478476013607000,6,0,7,11,5,2,7,11,8,0,3,6,2,1,10,11,2,5,3,0,5,9,7,10,2,9,6,1,4,8,9,11,3,1,8,4
112,1762737676013607000,6,9,7,6,5,0,7,1,8,2,3,11,2,9,10,4,2,1,3,11,5,3,7,0,2,0,6,7,4,9,9,0,3,5,8,11
113,1762824076013607000,6,5,7,6,5,0,7,3,8,2,3,11,2,2,10,4,2,1,3,7,5,3,7,0,2,4,6,7,4,9,9,8,3,5,8,11
114,1762910476013607000,6,3,7,6,5,0,7,5,8,2,3,11,2,8,10,4,2,1,3,6,5,3,7,0,2,10,6,7,4,9,9,2,3,5,8,11
115,1762996876013607000,6,1,7,6,5,0,7,9,8,2,3,11,2,0,10,4,2,1,3,1,5,3,7,0,2,11,6,7,4,9,9,9,3,5,8,11
116,1763083276013607000,6,6,7,6,5,0,7,2,8,2,3,11,2,4,10,4,2,1,3,3,5,3,7,0,2,7,6,7,4,9,9,5,3,5,8,11
117,1763342476013607000,6,10,7,6,5,0,7,4,8,2,3,11,2,7,10,4,2,1,3,2,5,3,7,0,2,3,6,7,4,9,9,6,3,5,8,11
118,1763428876013607000,6,4,7,6,5,0,7,10,8,2,3,11,2,6,10,4,2,1,3,8,5,3,7,0,2,5,6,7,4,9,9,7,3,5,8,11
119,1763515276013607000,6,0,7,6,5,0,7,11,8,2,3,11,2,1,10,4,2,1,3,0,5,3,7,0,2,9,6,7,4,9,9,11,3,5,8,11
120,1763601676013607000,6,8,7,6,5,0,7,7,8,2,3,11,2,3,10,4,2,1,3,4,5,3,7,0,2,2,6,7,4,9,9,10,3,5,8,11
121,1763688076013607000,6,2,7,6,5,0,7,6,8,2,3,11,2,5,10,4,2,1,3,10,5,3,7,0,2,8,6,7,4,9,9,4,3,5,8,11
122,1763947276013607000,6,3,7,10,5,9,7,5,8,4,3,1,2,8,10,7,2,9,3,6,5,2,7,11,2,10,6,3,4,0,9,2,3,6,8,0
123,1764033676013607000,6,1,7,10,5,9,7,9,8,4,3,1,2,0,10,7,2,9,3,1,5,2,7,11,2,11,6,3,4,0,9,9,3,6,8,0
124,1764120076013607000,6,6,7,10,5,9,7,2,8,4,3,1,2,4,10,7,2,9,3,3,5,2,7,11,2,7,6,3,4,0,9,5,3,6,8,0
125,1764206476013607000,6,7,7,10,5,9,7,8,8,4,3,1,2,10,10,7,2,9,3,5,5,2,7,11,2,6,6,3,4,0,9,3,3,6,8,0
126,1764292876013607000,6,11,7,10,5,9,7,0,8,4,3,1,2,11,10,7,2,9,3,9,5,2,7,11,2,1,6,3,4,0,9,1,3,6,8,0
127,1764552076013607000,6,0,7,10,5,9,7,11,8,4,3,1,2,1,10,7,2,9,3,0,5,2,7,11,2,9,6,3,4,0,9,11,3,6,8,0
128,1764638476013607000,6,8,7,10,5,9,7,7,8,4,3,1,2,3,10,7,2,9,3,4,5,2,7,11,2,2,6,3,4,0,9,10,3,6,8,0
129,1764724876013607000,6,2,7,10,5,9,7,6,8,4,3,1,2,5,10,7,2,9,3,10,5,2,7,11,2,8,6,3,4,0,9,4,3,6,8,0
130,1764811276013607000,6,9,7,10,5,9,7,1,8,4,3,1,2,9,10,7,2,9,3,11,5,2,7,11,2,0,6,3,4,0,9,0,3,6,8,0
131,1764897676013607000,6,5,7,10,5,9,7,3,8,4,3,1,2,2,10,7,2,9,3,7,5,2,7,11,2,4,6,3,4,0,9,8,3,6,8,0
132,1765156876013607000,6,6,7,7,5,8,7,2,8,8,3,7,2,4,10,10,2,3,3,3,5,5,7,4,2,7,6,6,4,2,9,5,3,3,8,10
133,1765243276013607000,6,7,7,7,5,8,7,8,8,8,3,7,2,10,10,10,2,3,3,5,5,5,7,4,2,6,6,6,4,2,9,3,3,3,8,10
134,1765329676013607000,6,11,7,7,5,8,7,0,8,8,3,7,2,11,10,10,2,3,3,9,5,5,7,4,2,1,6,6,4,2,9,1,3,3,8,10
135,1765416076013607000,6,10,7,7,5,8,7,4,8,8,3,7,2,7,10,10,2,3,3,2,5,5,7,4,2,3,6,6,4,2,9,6,3,3,8,10
136,1765502476013607000,6,4,7,7,5,8,7,10,8,8,3,7,2,6,10,10,2,3,3,8,5,5,7,4,2,5,6,6,4,2,9,7,3,3,8,10
137,1765761676013607000,6,2,7,7,5,8,7,6,8,8,3,7,2,5,10,10,2,3,3,10,5,5,7,4,2,8,6,6,4,2,9,4,3,3,8,10
138,1765848076013607000,6,9,7,7,5,8,7,1,8,8,3,7,2,9,10,10,2,3,3,11,5,5,7,4,2,0,6,6,4,2,9,0,3,3,8,10
139,1765934476013607000,6,5,7,7,5,8,7,3,8,8,3,7,2,2,10,10,2,3,3,7,5,5,7,4,2,4,6,6,4,2,9,8,3,3,8,10
140,1766020876013607000,6,3,7,7,5,8,7,5,8,8,3,7,2,8,10,10,2,3,3,6,5,5,7,4,2,10,6,6,4,2,9,2,3,3,8,10
141,1766107276013607000,6,1,7,7,5,8,7,9,8,8,3,7,2,0,10,10,2,3,3,1,5,5,7,4,2,11,6,6,4,2,9,9,3,3,8,10
142,1766366476013607000,6,11,7,4,5,5,7,0,8,10,3,3,2,11,10,6,2,2,3,9,5,8,7,7,2,1,6,5,4,4,9,1,3,7,8,8
143,1766452876013607000,6,10,7,4,5,5,7,4,8,10,3,3,2,7,10,6,2,2,3,2,5,8,7,7,2,3,6,5,4,4,9,6,3,7,8,8
144,1766539276013607000,6,4,7,4,5,5,7,10,8,10,3,3,2,6,10,6,2,2,3,8,5,8,7,7,2,5,6,5,4,4,9,7,3,7,8,8
145,1766625676013607000,6,0,7,4,5,5,7,11,8,10,3,3,2,1,10,6,2,2,3,0,5,8,7,7,2,9,6,5,4,4,9,11,3,7,8,8
146,1766712076013607000,6,8,7,4,5,5,7,7,8,10,3,3,2,3,10,6,2,2,3,4,5,8,7,7,2,2,6,5,4,4,9,10,3,7,8,8
147,1766971276013607000,6,5,7,4,5,5,7,3,8,10,3,3,2,2,10,6,2,2,3,7,5,8,7,7,2,4,6,5,4,4,9,8,3,7,8,8
148,1767057676013607000,6,3,7,4,5,5,7,5,8,10,3,3,2,8,10,6,2,2,3,6,5,8,7,7,2,10,6,5,4,4,9,2,3,7,8,8
149,1767144076013607000,6,1,7,4,5,5,7,9,8,10,3,3,2,0,10,6,2,2,3,1,5,8,7,7,2,11,6,5,4,4,9,9,3,7,8,8
150,1767230476013607000,6,6,7,4,5,5,7,2,8,10,3,3,2,4,10,6,2,2,3,3,5,8,7,7,2,7,6,5,4,4,9,5,3,7,8,8
151,1767316876013607000,6,7,7,4,5,5,7,8,8,10,3,3,2,10,10,6,2,2,3,5,5,8,7,7,2,6,6,5,4,4,9,3,3,7,8,8
152,1767576076013607000,6,4,7,4,5,5,7,10,8,10,3,3,2,6,10,6,2,2,3,8,5,8,7,7,2,5,6,5,4,4,9,7,3,7,8,8
153,1767662476013607000,6,0,7,11,5,2,7,11,8,0,3,6,2,1,10,11,2,5,3,0,5,9,7,10,2,9,6,1,4,8,9,11,3,1,8,4
154,1767748876013607000,6,8,7,11,5,2,7,7,8,0,3,6,2,3,10,11,2,5,3,4,5,9,7,10,2,2,6,1,4,8,9,10,3,1,8,4
155,1767835276013607000,6,2,7,11,5,2,7,6,8,0,3,6,2,5,10,11,2,5,3,10,5,9,7,10,2,8,6,1,4,8,9,4,3,1,8,4
156,1767921676013607000,6,9,7,11,5,2,7,1,8,0,3,6,2,9,10,11,2,5,3,11,5,9,7,10,2,0,6,1,4,8,9,0,3,1,8,4
157,1768180876013607000,6,1,7,11,5,2,7,9,8,0,3,6,2,0,10,11,2,5,3,1,5,9,7,10,2,11,6,1,4,8,9,9,3,1,8,4
158,1768267276013607000,6,6,7,11,5,2,7,2,8,0,3,6,2,4,10,11,2,5,3,3,5,9,7,10,2,7,6,1,4,8,9,5,3,1,8,4
159,1768353676013607000,6,7,7,11,5,2,7,8,8,0,3,6,2,10,10,11,2,5,3,5,5,9,7,10,2,6,6,1,4,8,9,3,3,1,8,4
160,1768440076013607000,6,11,7,11,5,2,7,0,8,0,3,6,2,11,10,11,2,5,3,9,5,9,7,10,2,1,6,1,4,8,9,1,3,1,8,4
161,1768526476013607000,6,10,7,11,5,2,7,4,8,0,3,6,2,7,10,11,2,5,3,2,5,9,7,10,2,3,6,1,4,8,9,6,3,1,8,4
162,1768785676013607000,6,8,7,11,5,2,7,7,8,0,3,6,2,3,10,11,2,5,3,4,5,9,7,10,2,2,6,1,4,8,9,10,3,1,8,4
163,1768872076013607000,6,2,7,11,5,2,7,6,8,0,3,6,2,5,10,11,2,5,3,10,5,9,7,10,2,8,6,1,4,8,9,4,3,1,8,4
164,1768958476013607000,6,9,1,0,8,6,7,1,9,11,7,2,2,9,0,1,3,4,3,11,1,0,4,3,2,0,11,9,2,7,9,0,9,11,10,5
165,1769044876013607000,6,5,1,0,8,6,7,3,9,11,7,2,2,2,0,1,3,4,3,7,1,0,4,3,2,4,11,9,2,7,9,8,9,11,10,5
166,1769131276013607000,6,3,1,0,8,6,7,5,9,11,7,2,2,8,0,1,3,4,3,6,1,0,4,3,2,10,11,9,2,7,9,2,9,11,10,5
167,1769390476013607000,6,7,1,0,8,6,7,8,9,11,7,2,2,10,0,1,3,4,3,5,1,0,4,3,2,6,11,9,2,7,9,3,9,11,10,5
168,1769476876013607000,6,11,1,0,8,6,7,0,9,11,7,2,2,11,0,1,3,4,3,9,1,0,4,3,2,1,11,9,2,7,9,1,9,11,10,5
169,1769563276013607000,6,10,1,0,8,6,7,4,9,11,7,2,2,7,0,1,3,4,3,2,1,0,4,3,2,3,11,9,2,7,9,6,9,11,10,5
170,1769649676013607000,6,4,1,0,8,6,7,10,9,11,7,2,2,6,0,1,3,4,3,8,1,0,4,3,2,5,11,9,2,7,9,7,9,11,10,5
171,1769736076013607000,6,0,1,0,8,6,7,11,9,11,7,2,2,1,0,1,3,4,3,0,1,0,4,3,2,9,11,9,2,7,9,11,9,11,10,5
172,1769995276013607000,6,9,1,0,8,6,7,1,9,11,7,2,2,9,0,1,3,4,3,11,1,0,4,3,2,0,11,9,2,7,9,0,9,11,10,5
173,1770081676013607000,6,5,1,0,8,6,7,3,9,11,7,2,2,2,0,1,3,4,3,7,1,0,4,3,2,4,11,9,2,7,9,8,9,11,10,5
174,1770168076013607000,6,3,1,10,8,3,7,5,9,4,7,5,2,8,0,7,3,8,3,6,1,2,4,6,2,10,11,3,2,10,9,2,9,6,10,2
175,1770254476013607000,6,1,1,10,8,3,7,9,9,4,7,5,2,0,0,7,3,8,3,1,1,2,4,6,2,11,11,3,2,10,9,9,9,6,10,2
176,1770340876013607000,6,6,1,10,8,3,7,2,9,4,7,5,2,4,0,7,3,8,3,3,1,2,4,6,2,7,11,3,2,10,9,5,9,6,10,2
177,1770600076013607000,6,10,1,10,8,3,7,4,9,4,7,5,2,7,0,7,3,8,3,2,1,2,4,6,2,3,11,3,2,10,9,6,9,6,10,2
178,1770686476013607000,6,4,1,10,8,3,7,10,9,4,7,5,2,6,0,7,3,8,3,8,1,2,4,6,2,5,11,3,2,10,9,7,9,6,10,2
179,1770772876013607000,6,0,1,10,8,3,7,11,9,4,7,5,2,1,0,7,3,8,3,0,1,2,4,6,2,9,11,3,2,10,9,11,9,6,10,2
180,1770859276013607000,6,8,1,10,8,3,7,7,9,4,7,5,2,3,0,7,3,8,3,4,1,2,4,6,2,2,11,3,2,10,9,10,9,6,10,2
181,1770945676013607000,6,2,1,10,8,3,7,6,9,4,7,5,2,5,0,7,3,8,3,10,1,2,4,6,2,8,11,3,2,10,9,4,9,6,10,2
182,1771204876013607000,6,3,1,10,8,3,7,5,9,4,7,5,2,8,0,7,3,8,3,6,1,2,4,6,2,10,11,3,2,10,9,2,9,6,10,2
183,1771291276013607000,6,1,7,10,2,9,7,9,8,4,6,1,2,0,10,7,5,9,3,1,5,2,10,11,2,11,6,3,8,0,9,9,3,6,4,0
184,1771377676013607000,6,6,7,10,2,9,7,2,8,4,6,1,2,4,10,7,5,9,3,3,5,2,10,11,2,7,6,3,8,0,9,5,3,6,4,0
185,1771464076013607000,6,7,7,8,2,1,7,8,8,7,6,9,2,10,10,3,5,0,3,5,5,4,10,1,2,6,6,2,8,11,9,3,3,10,4,9
186,1771550476013607000,6,11,7,8,2,1,7,0,8,7,6,9,2,11,10,3,5,0,3,9,5,4,10,1,2,1,6,2,8,11,9,1,3,10,4,9
187,1771809676013607000,6,0,7,8,2,1,7,11,8,7,6,9,2,1,10,3,5,0,3,0,5,4,10,1,2,9,6,2,8,11,9,11,3,10,4,9
188,1771896076013607000,6,8,7,8,2,1,7,7,8,7,6,9,2,3,10,3,5,0,3,4,5,4,10,1,2,2,6,2,8,11,9,10,3,10,4,9
189,1771982476013607000,6,2,7,8,2,1,7,6,8,7,6,9,2,5,10,3,5,0,3,10,5,4,10,1,2,8,6,2,8,11,9,4,3,10,4,9
190,1772068876013607000,6,9,7,8,2,1,7,1,8,7,6,9,2,9,10,3,5,0,3,11,5,4,10,1,2,0,6,2,8,11,9,0,3,10,4,9
191,1772155276013607000,6,5,7,8,2,1,7,3,8,7,6,9,2,2,10,3,5,0,3,7,5,4,10,1,2,4,6,2,8,11,9,8,3,10,4,9
192,1772414476013607000,6,6,7,8,2,1,7,2,8,7,6,9,2,4,10,3,5,0,3,3,5,4,10,1,2,7,6,2,8,11,9,5,3,10,4,9
193,1772500876013607000,6,7,7,8,2,1,7,8,8,7,6,9,2,10,10,3,5,0,3,5,5,4,10,1,2,6,6,2,8,11,9,3,3,10,4,9
194,1772587276013607000,6,11,7,8,2,1,7,0,8,7,6,9,2,11,10,3,5,0,3,9,5,4,10,1,2,1,6,2,8,11,9,1,3,10,4,9
195,1772673676013607000,6,10,7,8,2,1,7,4,8,7,6,9,2,7,10,3,5,0,3,2,5,4,10,1,2,3,6,2,8,11,9,6,3,10,4,9
196,1772760076013607000,6,4,7,4,2,5,7,10,8,10,6,3,2,6,10,6,5,2,3,8,5,8,10,7,2,5,6,5,8,4,9,7,3,7,4,8
197,1773019276013607000,6,2,7,4,2,5,7,6,8,10,6,3,2,5,10,6,5,2,3,10,5,8,10,7,2,8,6,5,8,4,9,4,3,7,4,8
198,1773105676013607000,6,9,7,4,2,5,7,1,8,10,6,3,2,9,10,6,5,2,3,11,5,8,10,7,2,0,6,5,8,4,9,0,3,7,4,8
199,1773192076013607000,6,5,7,4,2,5,7,3,8,10,6,3,2,2,10,6,5,2,3,7,5,8,10,7,2,4,6,5,8,4,9,8,3,7,4,8
200,1773278476013607000,6,3,7,4,2,5,7,5,8,10,6,3,2,8,10,6,5,2,3,6,5,8,10,7,2,10,6,5,8,4,9,2,3,7,4,8
201,1773364876013607000,6,1,7,4,2,5,7,9,8,10,6,3,2,0,10,6,5,2,3,1,5,8,10,7,2,11,6,5,8,4,9,9,3,7,4,8
202,1773624076013607000,6,11,7,4,2,5,7,0,8,10,6,3,2,11,10,6,5,2,3,9,5,8,10,7,2,1,6,5,8,4,9,1,3,7,4,8
203,1773710476013607000,6,10,7,4,2,5,7,4,8,10,6,3,2,7,10,6,5,2,3,2,5,8,10,7,2,3,6,5,8,4,9,6,3,7,4,8
204,1773796876013607000,6,4,7,4,2,5,7,10,8,10,6,3,2,6,10,6,5,2,3,8,5,8,10,7,2,5,6,5,8,4,9,7,3,7,4,8
205,1773883276013607000,6,0,7,4,2,5,7,11,8,10,6,3,2,1,10,6,5,2,3,0,5,8,10,7,2,9,6,5,8,4,9,11,3,7,4,8
206,1773969676013607000,6,8,7,4,2,5,7,7,8,10,6,3,2,3,10,6,5,2,3,4,5,8,10,7,2,2,6,5,8,4,9,10,3,7,4,8
207,1774228876013607000,6,5,7,2,2,6,7,3,8,6,6,2,2,2,10,5,5,4,3,7,5,10,10,3,2,4,6,8,8,7,9,8,3,4,4,5
208,1774315276013607000,6,3,7,2,2,6,7,5,8,6,6,2,2,8,10,5,5,4,3,6,5,10,10,3,2,10,6,8,8,7,9,2,3,4,4,5
209,1774401676013607000,6,1,7,2,2,6,7,9,8,6,6,2,2,0,10,5,5,4,3,1,5,10,10,3,2,11,6,8,8,7,9,9,3,4,4,5
210,1774488076013607000,6,6,7,2,2,6,7,2,8,6,6,2,2,4,10,5,5,4,3,3,5,10,10,3,2,7,6,8,8,7,9,5,3,4,4,5
211,1774574476013607000,6,7,7,2,2,6,7,8,8,6,6,2,2,10,10,5,5,4,3,5,5,10,10,3,2,6,6,8,8,7,9,3,3,4,4,5
212,1774833676013607000,6,4,7,2,2,6,7,10,8,6,6,2,2,6,10,5,5,4,3,8,5,10,10,3,2,5,6,8,8,7,9,7,3,4,4,5
213,1774920076013607000,6,0,7,2,2,6,7,11,8,6,6,2,2,1,10,5,5,4,3,0,5,10,10,3,2,9,6,8,8,7,9,11,3,4,4,5
214,1775006476013607000,6,8,7,2,2,6,7,7,8,6,6,2,2,3,10,5,5,4,3,4,5,10,10,3,2,2,6,8,8,7,9,10,3,4,4,5
215,1775092876013607000,6,2,7,2,2,6,7,6,8,6,6,2,2,5,10,5,5,4,3,10,5,10,10,3,2,8,6,8,8,7,9,4,3,4,4,5
216,1775179276013607000,6,9,7,2,2,6,7,1,8,6,6,2,2,9,10,5,5,4,3,11,5,10,10,3,2,0,6,8,8,7,9,0,3,4,4,5
217,1775438476013607000,6,1,7,0,2,3,7,9,8,11,6,5,2,0,10,1,5,8,3,1,5,0,10,6,2,11,6,9,8,10,9,9,3,11,4,2
218,1775524876013607000,6,6,7,0,2,3,7,2,8,11,6,5,2,4,10,1,5,8,3,3,5,0,10,6,2,7,6,9,8,10,9,5,3,11,4,2
219,1775611276013607000,6,7,7,0,2,3,7,8,8,11,6,5,2,10,10,1,5,8,3,5,5,0,10,6,2,6,6,9,8,10,9,3,3,11,4,2
220,1775697676013607000,6,11,7,0,2,3,7,0,8,11,6,5,2,11,10,1,5,8,3,9,5,0,10,6,2,1,6,9,8,10,9,1,3,11,4,2
221,1775784076013607000,6,10,7,0,2,3,7,4,8,11,6,5,2,7,10,1,5,8,3,2,5,0,10,6,2,3,6,9,8,10,9,6,3,11,4,2
222,1776043276013607000,6,8,7,0,2,3,7,7,8,11,6,5,2,3,10,1,5,8,3,4,5,0,10,6,2,2,6,9,8,10,9,10,3,11,4,2
223,1776129676013607000,6,2,7,0,2,3,7,6,8,11,6,5,2,5,10,1,5,8,3,10,5,0,10,6,2,8,6,9,8,10,9,4,3,11,4,2
224,1776216076013607000,6,9,7,0,2,3,7,1,8,11,6,5,2,9,10,1,5,8,3,11,5,0,10,6,2,0,6,9,8,10,9,0,3,11,4,2
225,1776302476013607000,6,5,7,0,2,3,7,3,8,11,6,5,2,2,10,1,5,8,3,7,5,0,10,6,2,4,6,9,8,10,9,8,3,11,4,2
226,1776388876013607000,6,3,7,0,2,3,7,5,8,11,6,5,2,8,10,1,5,8,3,6,5,0,10,6,2,10,6,9,8,10,9,2,3,11,4,2
227,1776648076013607000,6,7,7,0,2,3,7,8,8,11,6,5,2,10,10,1,5,8,3,5,5,0,10,6,2,6,6,9,8,10,9,3,3,11,4,2
228,1776734476013607000,6,11,7,9,2,7,7,0,8,1,6,8,2,11,10,9,5,10,3,9,5,11,10,5,2,1,6,0,8,6,9,1,3,0,4,3
229,1776820876013607000,6,10,7,9,2,7,7,4,8,1,6,8,2,7,10,9,5,10,3,2,5,11,10,5,2,3,6,0,8,6,9,6,3,0,4,3
230,1776907276013607000,6,4,7,9,2,7,7,10,8,1,6,8,2,6,10,9,5,10,3,8,5,11,10,5,2,5,6,0,8,6,9,7,3,0,4,3
231,1776993676013607000,6,0,7,9,2,7,7,11,8,1,6,8,2,1,10,9,5,10,3,0,5,11,10,5,2,9,6,0,8,6,9,11,3,0,4,3
232,1777252876013607000,6,9,7,9,2,7,7,1,8,1,6,8,2,9,10,9,5,10,3,11,5,11,10,5,2,0,6,0,8,6,9,0,3,0,4,3
233,1777339276013607000,6,5,7,9,2,7,7,3,8,1,6,8,2,2,10,9,5,10,3,7,5,11,10,5,2,4,6,0,8,6,9,8,3,0,4,3
234,1777425676013607000,6,3,7,9,2,7,7,5,8,1,6,8,2,8,10,9,5,10,3,6,5,11,10,5,2,10,6,0,8,6,9,2,3,0,4,3
235,1777512076013607000,6,1,7,9,2,7,7,9,8,1,6,8,2,0,10,9,5,10,3,1,5,11,10,5,2,11,6,0,8,6,9,9,3,0,4,3
236,1777598476013607000,6,6,7,9,2,7,7,2,8,1,6,8,2,4,10,9,5,10,3,3,5,11,10,5,2,7,6,0,8,6,9,5,3,0,4,3
237,1777857676013607000,6,10,7,9,2,7,7,4,8,1,6,8,2,7,10,9,5,10,3,2,5,11,10,5,2,3,6,0,8,6,9,6,3,0,4,3
238,1777944076013607000,6,4,7,9,2,7,7,10,8,1,6,8,2,6,10,9,5,10,3,8,5,11,10,5,2,5,6,0,8,6,9,7,3,0,4,3
239,1778030476013607000,6,0,7,8,2,1,7,11,8,7,6,9,2,1,10,3,5,0,3,0,5,4,10,1,2,9,6,2,8,11,9,11,3,10,4,9
240,1778116876013607000,6,8,7,8,2,1,7,7,8,7,6,9,2,3,10,3,5,0,3,4,5,4,10,1,2,2,6,2,8,11,9,10,3,10,4,9
241,1778203276013607000,6,2,7,8,2,1,7,6,8,7,6,9,2,5,10,3,5,0,3,10,5,4,10,1,2,8,6,2,8,11,9,4,3,10,4,9
242,1778462476013607000,6,3,7,8,2,1,7,5,8,7,6,9,2,8,10,3,5,0,3,6,5,4,10,1,2,10,6,2,8,11,9,2,3,10,4,9
243,1778548876013607000,6,1,7,8,2,1,7,9,8,7,6,9,2,0,10,3,5,0,3,1,5,4,10,1,2,11,6,2,8,11,9,9,3,10,4,9
244,1778635276013607000,6,6,7,8,2,1,7,2,8,7,6,9,2,4,10,3,5,0,3,3,5,4,10,1,2,7,6,2,8,11,9,5,3,10,4,9
245,1778721676013607000,6,7,7,8,2,1,7,8,8,7,6,9,2,10,10,3,5,0,3,5,5,4,10,1,2,6,6,2,8,11,9,3,3,10,4,9
246,1778808076013607000,6,11,7,8,2,1,7,0,8,7,6,9,2,11,10,3,5,0,3,9,5,4,10,1,2,1,6,2,8,11,9,1,3,10,4,9
247,1779067276013607000,6,0,7,8,2,1,7,11,8,7,6,9,2,1,10,3,5,0,3,0,5,4,10,1,2,9,6,2,8,11,9,11,3,10,4,9
248,1779153676013607000,6,8,7,8,2,1,7,7,8,7,6,9,2,3,10,3,5,0,3,4,5,4,10,1,2,2,6,2,8,11,9,10,3,10,4,9
249,1779240076013607000,6,2,7,8,2,1,7,6,8,7,6,9,2,5,10,3,5,0,3,10,5,4,10,1,2,8,6,2,8,11,9,4,3,10,4,9
250,1779326476013607000,6,9,7,5,2,11,7,1,8,3,6,0,2,9,10,2,5,11,3,11,5,7,10,9,2,0,6,4,8,1,9,0,3,8,4,1
251,1779412876013607000,6,5,7,5,2,11,7,3,8,3,6,0,2,2,10,2,5,11,3,7,5,7,10,9,2,4,6,4,8,1,9,8,3,8,4,1
252,1779672076013607000,6,6,7,5,2,11,7,2,8,3,6,0,2,4,10,2,5,11,3,3,5,7,10,9,2,7,6,4,8,1,9,5,3,8,4,1
253,1779758476013607000,6,7,7,5,2,11,7,8,8,3,6,0,2,10,10,2,5,11,3,5,5,7,10,9,2,6,6,4,8,1,9,3,3,8,4,1
254,1779844876013607000,6,11,7,5,2,11,7,0,8,3,6,0,2,11,10,2,5,11,3,9,5,7,10,9,2,1,6,4,8,1,9,1,3,8,4,1
255,1779931276013607000,6,10,7,5,2,11,7,4,8,3,6,0,2,7,10,2,5,11,3,2,5,7,10,9,2,3,6,4,8,1,9,6,3,8,4,1
256,1780017676013607000,6,4,7,5,2,11,7,10,8,3,6,0,2,6,10,2,5,11,3,8,5,7,10,9,2,5,6,4,8,1,9,7,3,8,4,1
257,1780276876013607000,6,2,7,5,2,11,7,6,8,3,6,0,2,5,10,2,5,11,3,10,5,7,10,9,2,8,6,4,8,1,9,4,3,8,4,1
258,1780363276013607000,6,9,7,5,2,11,7,1,8,3,6,0,2,9,10,2,5,11,3,11,5,7,10,9,2,0,6,4,8,1,9,0,3,8,4,1
259,1780449676013607000,6,5,7,5,2,11,7,3,8,3,6,0,2,2,10,2,5,11,3,7,5,7,10,9,2,4,6,4,8,1,9,8,3,8,4,1
260,1780536076013607000,6,3,7,5,2,11,7,5,8,3,6,0,2,8,10,2,5,11,3,6,5,7,10,9,2,10,6,4,8,1,9,2,3,8,4,1
261,1780622476013607000,6,1,7,5,2,11,7,9,8,3,6,0,2,0,10,2,5,11,3,1,5,7,10,9,2,11,6,4,8,1,9,9,3,8,4,1
262,1780881676013607000,6,11,1,2,3,11,7,0,9,6,5,0,2,11,0,5,8,11,3,9,1,10,6,9,2,1,11,8,10,1,9,1,9,4,2,1
263,1780968076013607000,6,10,1,2,3,11,7,4,9,6,5,0,2,7,0,5,8,11,3,2,1,10,6,9,2,3,11,8,10,1,9,6,9,4,2,1
264,1781054476013607000,6,4,1,2,3,11,7,10,9,6,5,0,2,6,0,5,8,11,3,8,1,10,6,9,2,5,11,8,10,1,9,7,9,4,2,1
265,1781140876013607000,6,0,1,2,3,11,7,11,9,6,5,0,2,1,0,5,8,11,3,0,1,10,6,9,2,9,11,8,10,1,9,11,9,4,2,1
266,1781227276013607000,6,8,1,2,3,11,7,7,9,6,5,0,2,3,0,5,8,11,3,4,1,10,6,9,2,2,11,8,10,1,9,10,9,4,2,1
267,1781486476013607000,6,5,1,2,3,11,7,3,9,6,5,0,2,2,0,5,8,11,3,7,1,10,6,9,2,4,11,8,10,1,9,8,9,4,2,1
268,1781572876013607000,6,3,1,2,3,11,7,5,9,6,5,0,2,8,0,5,8,11,3,6,1,10,6,9,2,10,11,8,10,1,9,2,9,4,2,1
269,1781659276013607000,6,1,1,2,3,11,7,9,9,6,5,0,2,0,0,5,8,11,3,1,1,10,6,9,2,11,11,8,10,1,9,9,9,4,2,1
270,1781745676013607000,6,6,1,2,3,11,7,2,9,6,5,0,2,4,0,5,8,11,3,3,1,10,6,9,2,7,11,8,10,1,9,5,9,4,2,1
271,1781832076013607000,6,7,1,2,3,11,7,8,9,6,5,0,2,10,0,5,8,11,3,5,1,10,6,9,2,6,11,8,10,1,9,3,9,4,2,1
272,1782091276013607000,6,4,1,3,3,0,7,10,9,5,5,11,2,6,0,8,8,1,3,8,1,6,6,0,2,5,11,10,10,9,9,7,9,2,2,11
273,1782177676013607000,6,0,1,3,3,0,7,11,9,5,5,11,2,1,0,8,8,1,3,0,1,6,6,0,2,9,11,10,10,9,9,11,9,2,2,11
274,1782264076013607000,6,8,1,3,3,0,7,7,9,5,5,11,2,3,0,8,8,1,3,4,1,6,6,0,2,2,11,10,10,9,9,10,9,2,2,11
275,1782350476013607000,6,2,1,3,3,0,7,6,9,5,5,11,2,5,0,8,8,1,3,10,1,6,6,0,2,8,11,10,10,9,9,4,9,2,2,11
276,1782436876013607000,6,9,1,3,3,0,7,1,9,5,5,11,2,9,0,8,8,1,3,11,1,6,6,0,2,0,11,10,10,9,9,0,9,2,2,11
277,1782696076013607000,6,1,1,3,3,0,7,9,9,5,5,11,2,0,0,8,8,1,3,1,1,6,6,0,2,11,11,10,10,9,9,9,9,2,2,11
278,1782782476013607000,6,6,1,3,3,0,7,2,9,5,5,11,2,4,0,8,8,1,3,3,1,6,6,0,2,7,11,10,10,9,9,5,9,2,2,11
279,1782868876013607000,6,7,1,3,3,0,7,8,9,5,5,11,2,10,0,8,8,1,3,5,1,6,6,0,2,6,11,10,10,9,9,3,9,2,2,11
280,1782955276013607000,6,11,1,3,3,0,7,0,9,5,5,11,2,11,0,8,8,1,3,9,1,6,6,0,2,1,11,10,10,9,9,1,9,2,2,11
281,1783041676013607000,6,10,1,3,3,0,7,4,9,5,5,11,2,7,0,8,8,1,3,2,1,6,6,0,2,3,11,10,10,9,9,6,9,2,2,11
282,1783300876013607000,6,8,1,3,3,0,7,7,9,5,5,11,2,3,0,8,8,1,3,4,1,6,6,0,2,2,11,10,10,9,9,10,9,2,2,11
283,1783387276013607000,6,2,1,3,3,0,7,6,9,5,5,11,2,5,0,8,8,1,3,10,1,6,6,0,2,8,11,10,10,9,9,4,9,2,2,11
284,1783473676013607000,6,9,1,9,3,10,7,1,9,1,5,4,2,9,0,9,8,7,3,11,1,11,6,2,2,0,11,0,10,3,9,0,9,0,2,6
285,1783560076013607000,6,5,1,9,3,10,7,3,9,1,5,4,2,2,0,9,8,7,3,7,1,11,6,2,2,4,11,0,10,3,9,8,9,0,2,6
286,1783646476013607000,6,3,1,9,3,10,7,5,9,1,5,4,2,8,0,9,8,7,3,6,1,11,6,2,2,10,11,0,10,3,9,2,9,0,2,6
287,1783905676013607000,6,7,1,9,3,10,7,8,9,1,5,4,2,10,0,9,8,7,3,5,1,11,6,2,2,6,11,0,10,3,9,3,9,0,2,6
288,1783992076013607000,6,11,1,9,3,10,7,0,9,1,5,4,2,11,0,9,8,7,3,9,1,11,6,2,2,1,11,0,10,3,9,1,9,0,2,6
289,1784078476013607000,6,10,1,9,3,10,7,4,9,1,5,4,2,7,0,9,8,7,3,2,1,11,6,2,2,3,11,0,10,3,9,6,9,0,2,6
290,1784164876013607000,6,4,1,9,3,10,7,10,9,1,5,4,2,6,0,9,8,7,3,8,1,11,6,2,2,5,11,0,10,3,9,7,9,0,2,6
291,1784251276013607000,6,0,1,9,3,10,7,11,9,1,5,4,2,1,0,9,8,7,3,0,1,11,6,2,2,9,11,0,10,3,9,11,9,0,2,6
292,1784510476013607000,6,9,1,9,3,10,7,1,9,1,5,4,2,9,0,9,8,7,3,11,1,11,6,2,2,0,11,0,10,3,9,0,9,0,2,6
293,1784596876013607000,6,5,1,9,3,10,7,3,9,1,5,4,2,2,0,9,8,7,3,7,1,11,6,2,2,4,11,0,10,3,9,8,9,0,2,6
294,1784683276013607000,6,3,1,9,3,10,7,5,9,1,5,4,2,8,0,9,8,7,3,6,1,11,6,2,2,10,11,0,10,3,9,2,9,0,2,6
295,1784769676013607000,6,1,1,1,3,8,7,9,9,9,5,7,2,0,0,0,8,3,3,1,1,1,6,4,2,11,11,11,10,2,9,9,9,9,2,10
296,1784856076013607000,6,6,1,1,3,8,7,2,9,9,5,7,2,4,0,0,8,3,3,3,1,1,6,4,2,7,11,11,10,2,9,5,9,9,2,10
297,1785115276013607000,6,10,1,1,3,8,7,4,9,9,5,7,2,7,0,0,8,3,3,2,1,1,6,4,2,3,11,11,10,2,9,6,9,9,2,10
298,1785201676013607000,6,4,1,1,3,8,7,10,9,9,5,7,2,6,0,0,8,3,3,8,1,1,6,4,2,5,11,11,10,2,9,7,9,9,2,10
299,1785288076013607000,6,0,1,1,3,8,7,11,9,9,5,7,2,1,0,0,8,3,3,0,1,1,6,4,2,9,11,11,10,2,9,11,9,9,2,10
300,1785374476013607000,6,8,1,1,3,8,7,7,9,9,5,7,2,3,0,0,8,3,3,4,1,1,6,4,2,2,11,11,10,2,9,10,9,9,2,10
301,1785460876013607000,6,2,1,1,3,8,7,6,9,9,5,7,2,5,0,0,8,3,3,10,1,1,6,4,2,8,11,11,10,2,9,4,9,9,2,10
302,1785720076013607000,6,3,1,1,3,8,7,5,9,9,5,7,2,8,0,0,8,3,3,6,1,1,6,4,2,10,11,11,10,2,9,2,9,9,2,10
303,1785806476013607000,6,1,1,1,3,8,7,9,9,9,5,7,2,0,0,0,8,3,3,1,1,1,6,4,2,11,11,11,10,2,9,9,9,9,2,10
304,1785892876013607000,6,6,1,1,3,8,7,2,9,9,5,7,2,4,0,0,8,3,3,3,1,1,6,4,2,7,11,11,10,2,9,5,9,9,2,10
305,1785979276013607000,6,7,1,1,3,8,7,8,9,9,5,7,2,10,0,0,8,3,3,5,1,1,6,4,2,6,11,11,10,2,9,3,9,9,2,10
306,1786065676013607000,6,11,1,1,3,8,7,0,9,9,5,7,2,11,0,0,8,3,3,9,1,1,6,4,2,1,11,11,10,2,9,1,9,9,2,10
307,1786324876013607000,6,0,1,5,3,4,7,11,9,3,5,10,2,1,0,2,8,6,3,0,1,7,6,8,2,9,11,4,10,5,9,11,9,8,2,7
308,1786411276013607000,6,8,1,5,3,4,7,7,9,3,5,10,2,3,0,2,8,6,3,4,1,7,6,8,2,2,11,4,10,5,9,10,9,8,2,7
309,1786497676013607000,6,2,1,5,3,4,7,6,9,3,5,10,2,5,0,2,8,6,3,10,1,7,6,8,2,8,11,4,10,5,9,4,9,8,2,7
310,1786584076013607000,6,9,1,5,3,4,7,1,9,3,5,10,2,9,0,2,8,6,3,11,1,7,6,8,2,0,11,4,10,5,9,0,9,8,2,7
311,1786670476013607000,6,5,1,5,3,4,7,3,9,3,5,10,2,2,0,2,8,6,3,7,1,7,6,8,2,4,11,4,10,5,9,8,9,8,2,7
312,1786929676013607000,6,6,1,5,3,4,7,2,9,3,5,10,2,4,0,2,8,6,3,3,1,7,6,8,2,7,11,4,10,5,9,5,9,8,2,7
313,1787016076013607000,6,7,1,5,3,4,7,8,9,3,5,10,2,10,0,2,8,6,3,5,1,7,6,8,2,6,11,4,10,5,9,3,9,8,2,7
314,1787102476013607000,6,11,1,5,3,4,7,0,9,3,5,10,2,11,0,2,8,6,3,9,1,7,6,8,2,1,11,4,10,5,9,1,9,8,2,7
315,1787188876013607000,6,10,1,5,3,4,7,4,9,3,5,10,2,7,0,2,8,6,3,2,1,7,6,8,2,3,11,4,10,5,9,6,9,8,2,7
316,1787275276013607000,6,4,1,5,3,4,7,10,9,3,5,10,2,6,0,2,8,6,3,8,1,7,6,8,2,5,11,4,10,5,9,7,9,8,2,7
317,1787534476013607000,6,2,1,6,3,2,7,6,9,2,5,6,2,5,0,4,8,5,3,10,1,3,6,10,2,8,11,7,10,8,9,4,9,5,2,4
318,1787620876013607000,6,9,1,6,3,2,7,1,9,2,5,6,2,9,0,4,8,5,3,11,1,3,6,10,2,0,11,7,10,8,9,0,9,5,2,4
319,1787707276013607000,6,5,1,6,3,2,7,3,9,2,5,6,2,2,0,4,8,5,3,7,1,3,6,10,2,4,11,7,10,8,9,8,9,5,2,4
320,1787793676013607000,6,3,1,6,3,2,7,5,9,2,5,6,2,8,0,4,8,5,3,6,1,3,6,10,2,10,11,7,10,8,9,2,9,5,2,4
321,1787880076013607000,6,1,1,6,3,2,7,9,9,2,5,6,2,0,0,4,8,5,3,1,1,3,6,10,2,11,11,7,10,8,9,9,9,5,2,4
322,1788139276013607000,6,11,1,6,3,2,7,0,9,2,5,6,2,11,0,4,8,5,3,9,1,3,6,10,2,1,11,7,10,8,9,1,9,5,2,4
323,1788225676013607000,6,10,1,6,3,2,7,4,9,2,5,6,2,7,0,4,8,5,3,2,1,3,6,10,2,3,11,7,10,8,9,6,9,5,2,4
324,1788312076013607000,6,4,1,6,3,2,7,10,9,2,5,6,2,6,0,4,8,5,3,8,1,3,6,10,2,5,11,7,10,8,9,7,9,5,2,4
325,1788398476013607000,6,0,1,6,3,2,7,11,9,2,5,6,2,1,0,4,8,5,3,0,1,3,6,10,2,9,11,7,10,8,9,11,9,5,2,4
326,1788484876013607000,6,8,1,6,3,2,7,7,9,2,5,6,2,3,0,4,8,5,3,4,1,3,6,10,2,2,11,7,10,8,9,10,9,5,2,4
327,1788744076013607000,6,5,1,6,3,2,7,3,9,2,5,6,2,2,0,4,8,5,3,7,1,3,6,10,2,4,11,7,10,8,9,8,9,5,2,4
328,1788830476013607000,6,3,1,3,3,0,7,5,9,5,5,11,2,8,0,8,8,1,3,6,1,6,6,0,2,10,11,10,10,9,9,2,9,2,2,11
329,1788916876013607000,6,1,1,3,3,0,7,9,9,5,5,11,2,0,0,8,8,1,3,1,1,6,6,0,2,11,11,10,10,9,9,9,9,2,2,11
330,1789003276013607000,6,6,1,3,3,0,7,2,9,5,5,11,2,4,0,8,8,1,3,3,1,6,6,0,2,7,11,10,10,9,9,5,9,2,2,11
331,1789089676013607000,6,7,1,3,3,0,7,8,9,5,5,11,2,10,0,8,8,1,3,5,1,6,6,0,2,6,11,10,10,9,9,3,9,2,2,11
332,1789348876013607000,6,4,1,3,3,0,7,10,9,5,5,11,2,6,0,8,8,1,3,8,1,6,6,0,2,5,11,10,10,9,9,7,9,2,2,11
333,1789435276013607000,6,0,1,3,3,0,7,11,9,5,5,11,2,1,0,8,8,1,3,0,1,6,6,0,2,9,11,10,10,9,9,11,9,2,2,11
334,1789521676013607000,6,8,1,3,3,0,7,7,9,5,5,11,2,3,0,8,8,1,3,4,1,6,6,0,2,2,11,10,10,9,9,10,9,2,2,11
335,1789608076013607000,6,2,1,3,3,0,7,6,9,5,5,11,2,5,0,8,8,1,3,10,1,6,6,0,2,8,11,10,10,9,9,4,9,2,2,11
336,1789694476013607000,6,9,1,3,3,0,7,1,9,5,5,11,2,9,0,8,8,1,3,11,1,6,6,0,2,0,11,10,10,9,9,0,9,2,2,11
337,1789953676013607000,6,1,1,3,3,0,7,9,9,5,5,11,2,0,0,8,8,1,3,1,1,6,6,0,2,11,11,10,10,9,9,9,9,2,2,11
338,1790040076013607000,6,6,1,3,3,0,7,2,9,5,5,11,2,4,0,8,8,1,3,3,1,6,6,0,2,7,11,10,10,9,9,5,9,2,2,11
339,1790126476013607000,6,7,1,7,3,9,7,8,9,8,5,1,2,10,0,10,8,9,3,5,1,5,6,11,2,6,11,6,10,0,9,3,9,3,2,0
340,1790212876013607000,6,11,1,7,3,9,7,0,9,8,5,1,2,11,0,10,8,9,3,9,1,5,6,11,2,1,11,6,10,0,9,1,9,3,2,0
341,1790299276013607000,6,10,1,7,3,9,7,4,9,8,5,1,2,7,0,10,8,9,3,2,1,5,6,11,2,3,11,6,10,0,9,6,9,3,2,0
342,1790558476013607000,6,8,1,7,3,9,7,7,9,8,5,1,2,3,0,10,8,9,3,4,1,5,6,11,2,2,11,6,10,0,9,10,9,3,2,0
343,1790644876013607000,6,2,1,7,3,9,7,6,9,8,5,1,2,5,0,10,8,9,3,10,1,5,6,11,2,8,11,6,10,0,9,4,9,3,2,0
344,1790731276013607000,6,9,1,7,3,9,7,1,9,8,5,1,2,9,0,10,8,9,3,11,1,5,6,11,2,0,11,6,10,0,9,0,9,3,2,0
345,1790817676013607000,6,5,1,7,3,9,7,3,9,8,5,1,2,2,0,10,8,9,3,7,1,5,6,11,2,4,11,6,10,0,9,8,9,3,2,0
346,1790904076013607000,6,3,1,7,3,9,7,5,9,8,5,1,2,8,0,10,8,9,3,6,1,5,6,11,2,10,11,6,10,0,9,2,9,3,2,0
347,1791163276013607000,6,7,1,7,3,9,7,8,9,8,5,1,2,10,0,10,8,9,3,5,1,5,6,11,2,6,11,6,10,0,9,3,9,3,2,0
348,1791249676013607000,6,11,1,7,3,9,7,0,9,8,5,1,2,11,0,10,8,9,3,9,1,5,6,11,2,1,11,6,10,0,9,1,9,3,2,0
349,1791336076013607000,6,10,1,7,3,9,7,4,9,8,5,1,2,7,0,10,8,9,3,2,1,5,6,11,2,3,11,6,10,0,9,6,9,3,2,0
350,1791422476013607000,6,4,1,7,3,9,7,10,9,8,5,1,2,6,0,10,8,9,3,8,1,5,6,11,2,5,11,6,10,0,9,7,9,3,2,0
351,1791508876013607000,6,0,1,1,3,8,7,11,9,9,5,7,2,1,0,0,8,3,3,0,1,1,6,4,2,9,11,11,10,2,9,11,9,9,2,10
352,1791768076013607000,6,9,1,1,3,8,7,1,9,9,5,7,2,9,0,0,8,3,3,11,1,1,6,4,2,0,11,11,10,2,9,0,9,9,2,10
353,1791854476013607000,6,5,1,1,3,8,7,3,9,9,5,7,2,2,0,0,8,3,3,7,1,1,6,4,2,4,11,11,10,2,9,8,9,9,2,10
354,1791940876013607000,6,3,1,1,3,8,7,5,9,9,5,7,2,8,0,0,8,3,3,6,1,1,6,4,2,10,11,11,10,2,9,2,9,9,2,10
355,1792027276013607000,6,1,1,1,3,8,7,9,9,9,5,7,2,0,0,0,8,3,3,1,1,1,6,4,2,11,11,11,10,2,9,9,9,9,2,10
356,1792113676013607000,6,6,1,1,3,8,7,2,9,9,5,7,2,4,0,0,8,3,3,3,1,1,6,4,2,7,11,11,10,2,9,5,9,9,2,10
357,1792372876013607000,6,10,1,1,3,8,7,4,9,9,5,7,2,7,0,0,8,3,3,2,1,1,6,4,2,3,11,11,10,2,9,6,9,9,2,10
358,1792459276013607000,6,4,1,1,3,8,7,10,9,9,5,7,2,6,0,0,8,3,3,8,1,1,6,4,2,5,11,11,10,2,9,7,9,9,2,10
359,1792545676013607000,6,0,1,1,3,8,7,11,9,9,5,7,2,1,0,0,8,3,3,0,1,1,6,4,2,9,11,11,10,2,9,11,9,9,2,10
360,1792632076013607000,6,8,1,1,3,8,7,7,9,9,5,7,2,3,0,0,8,3,3,4,1,1,6,4,2,2,11,11,10,2,9,10,9,9,2,10
361,1792718476013607000,6,2,1,1,3,8,7,6,9,9,5,7,2,5,0,0,8,3,3,10,1,1,6,4,2,8,11,11,10,2,9,4,9,9,2,10
362,1792977676013607000,6,3,1,11,3,5,7,5,9,0,5,3,2,8,0,11,8,2,3,6,1,9,6,7,2,10,11,1,10,4,9,2,9,1,2,8
363,1793064076013607000,6,1,1,11,3,5,7,9,9,0,5,3,2,0,0,11,8,2,3,1,1,9,6,7,2,11,11,1,10,4,9,9,9,1,2,8
364,1793150476013607000,6,6,1,11,3,5,7,2,9,0,5,3,2,4,0,11,8,2,3,3,1,9,6,7,2,7,11,1,10,4,9,5,9,1,2,8
365,1793236876013607000,6,7,1,11,3,5,7,8,9,0,5,3,2,10,0,11,8,2,3,5,1,9,6,7,2,6,11,1,10,4,9,3,9,1,2,8
366,1793323276013607000,6,11,1,11,3,5,7,0,9,0,5,3,2,11,0,11,8,2,3,9,1,9,6,7,2,1,11,1,10,4,9,1,9,1,2,8
367,1793582476013607000,6,0,1,11,3,5,7,11,9,0,5,3,2,1,0,11,8,2,3,0,1,9,6,7,2,9,11,1,10,4,9,11,9,1,2,8
368,1793668876013607000,6,8,1,11,3,5,7,7,9,0,5,3,2,3,0,11,8,2,3,4,1,9,6,7,2,2,11,1,10,4,9,10,9,1,2,8
369,1793755276013607000,6,2,1,11,3,5,7,6,9,0,5,3,2,5,0,11,8,2,3,10,1,9,6,7,2,8,11,1,10,4,9,4,9,1,2,8
370,1793841676013607000,6,9,1,11,3,5,7,1,9,0,5,3,2,9,0,11,8,2,3,11,1,9,6,7,2,0,11,1,10,4,9,0,9,1,2,8
371,1793928076013607000,6,5,1,11,3,5,7,3,9,0,5,3,2,2,0,11,8,2,3,7,1,9,6,7,2,4,11,1,10,4,9,8,9,1,2,8
372,1794187276013607000,6,6,1,6,3,2,7,2,9,2,5,6,2,4,0,4,8,5,3,3,1,3,6,10,2,7,11,7,10,8,9,5,9,5,2,4
373,1794273676013607000,6,7,1,6,3,2,7,8,9,2,5,6,2,10,0,4,8,5,3,5,1,3,6,10,2,6,11,7,10,8,9,3,9,5,2,4
374,1794360076013607000,6,11,1,6,3,2,7,0,9,2,5,6,2,11,0,4,8,5,3,9,1,3,6,10,2,1,11,7,10,8,9,1,9,5,2,4
375,1794446476013607000,6,10,1,6,3,2,7,4,9,2,5,6,2,7,0,4,8,5,3,2,1,3,6,10,2,3,11,7,10,8,9,6,9,5,2,4
376,1794532876013607000,6,4,1,6,3,2,7,10,9,2,5,6,2,6,0,4,8,5,3,8,1,3,6,10,2,5,11,7,10,8,9,7,9,5,2,4
377,1794792076013607000,6,2,1,6,3,2,7,6,9,2,5,6,2,5,0,4,8,5,3,10,1,3,6,10,2,8,11,7,10,8,9,4,9,5,2,4
378,1794878476013607000,6,9,1,6,3,2,7,1,9,2,5,6,2,9,0,4,8,5,3,11,1,3,6,10,2,0,11,7,10,8,9,0,9,5,2,4
379,1794964876013607000,6,5,1,6,3,2,7,3,9,2,5,6,2,2,0,4,8,5,3,7,1,3,6,10,2,4,11,7,10,8,9,8,9,5,2,4
380,1795051276013607000,6,3,1,6,3,2,7,5,9,2,5,6,2,8,0,4,8,5,3,6,1,3,6,10,2,10,11,7,10,8,9,2,9,5,2,4
381,1795137676013607000,6,1,1,6,3,2,7,9,9,2,5,6,2,0,0,4,8,5,3,1,1,3,6,10,2,11,11,7,10,8,9,9,9,5,2,4
382,1795396876013607000,6,11,1,10,3,3,7,0,9,4,5,5,2,11,0,7,8,8,3,9,1,2,6,6,2,1,11,3,10,10,9,1,9,6,2,2
383,1795483276013607000,6,10,1,10,3,3,7,4,9,4,5,5,2,7,0,7,8,8,3,2,1,2,6,6,2,3,11,3,10,10,9,6,9,6,2,2
384,1795569676013607000,6,4,1,10,3,3,7,10,9,4,5,5,2,6,0,7,8,8,3,8,1,2,6,6,2,5,11,3,10,10,9,7,9,6,2,2
385,1795656076013607000,6,0,1,10,3,3,7,11,9,4,5,5,2,1,0,7,8,8,3,0,1,2,6,6,2,9,11,3,10,10,9,11,9,6,2,2
386,1795742476013607000,6,8,1,10,3,3,7,7,9,4,5,5,2,3,0,7,8,8,3,4,1,2,6,6,2,2,11,3,10,10,9,10,9,6,2,2
387,1796001676013607000,6,5,1,10,3,3,7,3,9,4,5,5,2,2,0,7,8,8,3,7,1,2,6,6,2,4,11,3,10,10,9,8,9,6,2,2
388,1796088076013607000,6,3,1,10,3,3,7,5,9,4,5,5,2,8,0,7,8,8,3,6,1,2,6,6,2,10,11,3,10,10,9,2,9,6,2,2
389,1796174476013607000,6,1,1,10,3,3,7,9,9,4,5,5,2,0,0,7,8,8,3,1,1,2,6,6,2,11,11,3,10,10,9,9,9,6,2,2
390,1796260876013607000,6,6,1,10,3,3,7,2,9,4,5,5,2,4,0,7,8,8,3,3,1,2,6,6,2,7,11,3,10,10,9,5,9,6,2,2
391,1796347276013607000,6,7,1,10,3,3,7,8,9,4,5,5,2,10,0,7,8,8,3,5,1,2,6,6,2,6,11,3,10,10,9,3,9,6,2,2
392,1796606476013607000,6,4,1,10,3,3,7,10,9,4,5,5,2,6,0,7,8,8,3,8,1,2,6,6,2,5,11,3,10,10,9,7,9,6,2,2
393,1796692876013607000,6,0,1,7,3,9,7,11,9,8,5,1,2,1,0,10,8,9,3,0,1,5,6,11,2,9,11,6,10,0,9,11,9,3,2,0
394,1796779276013607000,6,8,1,7,3,9,7,7,9,8,5,1,2,3,0,10,8,9,3,4,1,5,6,11,2,2,11,6,10,0,9,10,9,3,2,0
395,1796865676013607000,6,2,1,7,3,9,7,6,9,8,5,1,2,5,0,10,8,9,3,10,1,5,6,11,2,8,11,6,10,0,9,4,9,3,2,0
396,1796952076013607000,6,9,1,7,3,9,7,1,9,8,5,1,2,9,0,10,8,9,3,11,1,5,6,11,2,0,11,6,10,0,9,0,9,3,2,0
397,1797211276013607000,6,1,1,7,3,9,7,9,9,8,5,1,2,0,0,10,8,9,3,1,1,5,6,11,2,11,11,6,10,0,9,9,9,3,2,0
398,1797297676013607000,6,6,1,7,3,9,7,2,9,8,5,1,2,4,0,10,8,9,3,3,1,5,6,11,2,7,11,6,10,0,9,5,9,3,2,0
399,1797384076013607000,6,7,1,7,3,9,7,8,9,8,5,1,2,10,0,10,8,9,3,5,1,5,6,11,2,6,11,6,10,0,9,3,9,3,2,0
400,1797470476013607000,6,11,1,7,3,9,7,0,9,8,5,1,2,11,0,10,8,9,3,9,1,5,6,11,2,1,11,6,10,0,9,1,9,3,2,0
401,1797556876013607000,6,10,1,7,3,9,7,4,9,8,5,1,2,7,0,10,8,9,3,2,1,5,6,11,2,3,11,6,10,0,9,6,9,3,2,0
402,1797816076013607000,6,8,1,7,3,9,7,7,9,8,5,1,2,3,0,10,8,9,3,4,1,5,6,11,2,2,11,6,10,0,9,10,9,3,2,0
403,1797902476013607000,6,2,1,4,3,1,7,6,9,10,5,9,2,5,0,6,8,0,3,10,1,8,6,1,2,8,11,5,10,11,9,4,9,7,2,9
404,1797988876013607000,6,9,1,4,3,1,7,1,9,10,5,9,2,9,0,6,8,0,3,11,1,8,6,1,2,0,11,5,10,11,9,0,9,7,2,9
405,1798075276013607000,6,5,1,4,3,1,7,3,9,10,5,9,2,2,0,6,8,0,3,7,1,8,6,1,2,4,11,5,10,11,9,8,9,7,2,9
406,1798161676013607000,6,3,1,4,3,1,7,5,9,10,5,9,2,8,0,6,8,0,3,6,1,8,6,1,2,10,11,5,10,11,9,2,9,7,2,9
407,1798420876013607000,6,7,1,4,3,1,7,8,9,10,5,9,2,10,0,6,8,0,3,5,1,8,6,1,2,6,11,5,10,11,9,3,9,7,2,9
408,1798507276013607000,6,11,1,4,3,1,7,0,9,10,5,9,2,11,0,6,8,0,3,9,1,8,6,1,2,1,11,5,10,11,9,1,9,7,2,9
409,1798593676013607000,6,10,1,4,3,1,7,4,9,10,5,9,2,7,0,6,8,0,3,2,1,8,6,1,2,3,11,5,10,11,9,6,9,7,2,9
410,1798680076013607000,6,4,1,4,3,1,7,10,9,10,5,9,2,6,0,6,8,0,3,8,1,8,6,1,2,5,11,5,10,11,9,7,9,7,2,9
411,1798766476013607000,6,0,1,4,3,1,7,11,9,10,5,9,2,1,0,6,8,0,3,0,1,8,6,1,2,9,11,5,10,11,9,11,9,7,2,9
412,1799025676013607000,6,9,1,4,3,1,7,1,9,10,5,9,2,9,0,6,8,0,3,11,1,8,6,1,2,0,11,5,10,11,9,0,9,7,2,9
413,1799112076013607000,6,5,1,4,3,1,7,3,9,10,5,9,2,2,0,6,8,0,3,7,1,8,6,1,2,4,11,5,10,11,9,8,9,7,2,9
414,1799198476013607000,6,3,1,11,3,5,7,5,9,0,5,3,2,8,0,11,8,2,3,6,1,9,6,7,2,10,11,1,10,4,9,2,9,1,2,8
415,1799284876013607000,6,1,1,11,3,5,7,9,9,0,5,3,2,0,0,11,8,2,3,1,1,9,6,7,2,11,11,1,10,4,9,9,9,1,2,8
416,1799371276013607000,6,6,1,11,3,5,7,2,9,0,5,3,2,4,0,11,8,2,3,3,1,9,6,7,2,7,11,1,10,4,9,5,9,1,2,8
417,1799630476013607000,6,10,1,11,3,5,7,4,9,0,5,3,2,7,0,11,8,2,3,2,1,9,6,7,2,3,11,1,10,4,9,6,9,1,2,8
418,1799716876013607000,6,4,1,11,3,5,7,10,9,0,5,3,2,6,0,11,8,2,3,8,1,9,6,7,2,5,11,1,10,4,9,7,9,1,2,8
419,1799803276013607000,6,0,1,11,3,5,7,11,9,0,5,3,2,1,0,11,8,2,3,0,1,9,6,7,2,9,11,1,10,4,9,11,9,1,2,8
420,1799889676013607000,6,8,1,11,3,5,7,7,9,0,5,3,2,3,0,11,8,2,3,4,1,9,6,7,2,2,11,1,10,4,9,10,9,1,2,8
421,1799976076013607000,6,2,1,11,3,5,7,6,9,0,5,3,2,5,0,11,8,2,3,10,1,9,6,7,2,8,11,1,10,4,9,4,9,1,2,8
422,1800235276013607000,6,3,1,11,3,5,7,5,9,0,5,3,2,8,0,11,8,2,3,6,1,9,6,7,2,10,11,1,10,4,9,2,9,1,2,8
423,1800321676013607000,6,1,1,11,3,5,7,9,9,0,5,3,2,0,0,11,8,2,3,1,1,9,6,7,2,11,11,1,10,4,9,9,9,1,2,8
424,1800408076013607000,6,6,1,11,3,5,7,2,9,0,5,3,2,4,0,11,8,2,3,3,1,9,6,7,2,7,11,1,10,4,9,5,9,1,2,8
425,1800494476013607000,6,7,7,0,2,3,7,8,8,11,6,5,2,10,10,1,5,8,3,5,5,0,10,6,2,6,6,9,8,10,9,3,3,11,4,2
426,1800580876013607000,6,11,7,0,2,3,7,0,8,11,6,5,2,11,10,1,5,8,3,9,5,0,10,6,2,1,6,9,8,10,9,1,3,11,4,2
427,1800840076013607000,6,0,7,0,2,3,7,11,8,11,6,5,2,1,10,1,5,8,3,0,5,0,10,6,2,9,6,9,8,10,9,11,3,11,4,2
428,1800926476013607000,6,8,7,0,2,3,7,7,8,11,6,5,2,3,10,1,5,8,3,4,5,0,10,6,2,2,6,9,8,10,9,10,3,11,4,2
429,1801012876013607000,6,2,7,0,2,3,7,6,8,11,6,5,2,5,10,1,5,8,3,10,5,0,10,6,2,8,6,9,8,10,9,4,3,11,4,2
430,1801099276013607000,6,9,7,0,2,3,7,1,8,11,6,5,2,9,10,1,5,8,3,11,5,0,10,6,2,0,6,9,8,10,9,0,3,11,4,2
431,1801185676013607000,6,5,7,0,2,3,7,3,8,11,6,5,2,2,10,1,5,8,3,7,5,0,10,6,2,4,6,9,8,10,9,8,3,11,4,2
432,1801444876013607000,6,6,7,0,2,3,7,2,8,11,6,5,2,4,10,1,5,8,3,3,5,0,10,6,2,7,6,9,8,10,9,5,3,11,4,2
433,1801531276013607000,6,7,7,0,2,3,7,8,8,11,6,5,2,10,10,1,5,8,3,5,5,0,10,6,2,6,6,9,8,10,9,3,3,11,4,2
434,1801617676013607000,6,11,7,0,2,3,7,0,8,11,6,5,2,11,10,1,5,8,3,9,5,0,10,6,2,1,6,9,8,10,9,1,3,11,4,2
435,1801704076013607000,6,10,7,0,2,3,7,4,8,11,6,5,2,7,10,1,5,8,3,2,5,0,10,6,2,3,6,9,8,10,9,6,3,11,4,2
436,1801790476013607000,6,4,7,10,2,9,7,10,8,4,6,1,2,6,10,7,5,9,3,8,5,2,10,11,2,5,6,3,8,0,9,7,3,6,4,0
437,1802049676013607000,6,2,1,10,9,3,7,6,9,4,1,5,2,5,0,7,9,8,3,10,1,2,11,6,2,8,11,3,0,10,9,4,9,6,0,2
438,1802136076013607000,6,9,1,10,9,3,7,1,9,4,1,5,2,9,0,7,9,8,3,11,1,2,11,6,2,0,11,3,0,10,9,0,9,6,0,2
439,1802222476013607000,6,5,1,10,9,3,7,3,9,4,1,5,2,2,0,7,9,8,3,7,1,2,11,6,2,4,11,3,0,10,9,8,9,6,0,2
440,1802308876013607000,6,3,1,10,9,3,7,5,9,4,1,5,2,8,0,7,9,8,3,6,1,2,11,6,2,10,11,3,0,10,9,2,9,6,0,2
441,1802395276013607000,6,1,1,10,9,3,7,9,9,4,1,5,2,0,0,7,9,8,3,1,1,2,11,6,2,11,11,3,0,10,9,9,9,6,0,2
442,1802654476013607000,6,11,1,10,9,3,7,0,9,4,1,5,2,11,0,7,9,8,3,9,1,2,11,6,2,1,11,3,0,10,9,1,9,6,0,2
443,1802740876013607000,6,10,1,10,9,3,7,4,9,4,1,5,2,7,0,7,9,8,3,2,1,2,11,6,2,3,11,3,0,10,9,6,9,6,0,2
444,1802827276013607000,6,4,1,10,9,3,7,10,9,4,1,5,2,6,0,7,9,8,3,8,1,2,11,6,2,5,11,3,0,10,9,7,9,6,0,2
445,1802913676013607000,6,0,1,10,9,3,7,11,9,4,1,5,2,1,0,7,9,8,3,0,1,2,11,6,2,9,11,3,0,10,9,11,9,6,0,2
446,1803000076013607000,6,8,1,8,9,7,7,7,9,7,1,8,2,3,0,3,9,10,3,4,1,4,11,5,2,2,11,2,0,6,9,10,9,10,0,3
447,1803259276013607000,6,5,1,8,9,7,7,3,9,7,1,8,2,2,0,3,9,10,3,7,1,4,11,5,2,4,11,2,0,6,9,8,9,10,0,3
448,1803345676013607000,6,3,1,8,9,7,7,5,9,7,1,8,2,8,0,3,9,10,3,6,1,4,11,5,2,10,11,2,0,6,9,2,9,10,0,3
449,1803432076013607000,6,1,1,8,9,7,7,9,9,7,1,8,2,0,0,3,9,10,3,1,1,4,11,5,2,11,11,2,0,6,9,9,9,10,0,3
450,1803518476013607000,6,6,1,8,9,7,7,2,9,7,1,8,2,4,0,3,9,10,3,3,1,4,11,5,2,7,11,2,0,6,9,5,9,10,0,3
451,1803604876013607000,6,7,1,8,9,7,7,8,9,7,1,8,2,10,0,3,9,10,3,5,1,4,11,5,2,6,11,2,0,6,9,3,9,10,0,3
452,1803864076013607000,6,4,1,8,9,7,7,10,9,7,1,8,2,6,0,3,9,10,3,8,1,4,11,5,2,5,11,2,0,6,9,7,9,10,0,3
453,1803950476013607000,6,0,1,8,9,7,7,11,9,7,1,8,2,1,0,3,9,10,3,0,1,4,11,5,2,9,11,2,0,6,9,11,9,10,0,3
454,1804036876013607000,6,8,1,8,9,7,7,7,9,7,1,8,2,3,0,3,9,10,3,4,1,4,11,5,2,2,11,2,0,6,9,10,9,10,0,3
455,1804123276013607000,6,2,1,8,9,7,7,6,9,7,1,8,2,5,0,3,9,10,3,10,1,4,11,5,2,8,11,2,0,6,9,4,9,10,0,3
456,1804209676013607000,6,9,1,8,9,7,7,1,9,7,1,8,2,9,0,3,9,10,3,11,1,4,11,5,2,0,11,2,0,6,9,0,9,10,0,3
457,1804468876013607000,6,1,1,4,9,1,7,9,9,10,1,9,2,0,0,6,9,0,3,1,1,8,11,1,2,11,11,5,0,11,9,9,9,7,0,9
458,1804555276013607000,6,6,1,4,9,1,7,2,9,10,1,9,2,4,0,6,9,0,3,3,1,8,11,1,2,7,11,5,0,11,9,5,9,7,0,9
459,1804641676013607000,6,7,1,4,9,1,7,8,9,10,1,9,2,10,0,6,9,0,3,5,1,8,11,1,2,6,11,5,0,11,9,3,9,7,0,9
460,1804728076013607000,6,11,1,4,9,1,7,0,9,10,1,9,2,11,0,6,9,0,3,9,1,8,11,1,2,1,11,5,0,11,9,1,9,7,0,9
461,1804814476013607000,6,10,1,4,9,1,7,4,9,10,1,9,2,7,0,6,9,0,3,2,1,8,11,1,2,3,11,5,0,11,9,6,9,7,0,9
462,1805073676013607000,6,8,1,4,9,1,7,7,9,10,1,9,2,3,0,6,9,0,3,4,1,8,11,1,2,2,11,5,0,11,9,10,9,7,0,9
463,1805160076013607000,6,2,1,4,9,1,7,6,9,10,1,9,2,5,0,6,9,0,3,10,1,8,11,1,2,8,11,5,0,11,9,4,9,7,0,9
464,1805246476013607000,6,9,1,4,9,1,7,1,9,10,1,9,2,9,0,6,9,0,3,11,1,8,11,1,2,0,11,5,0,11,9,0,9,7,0,9
465,1805332876013607000,6,5,1,4,9,1,7,3,9,10,1,9,2,2,0,6,9,0,3,7,1,8,11,1,2,4,11,5,0,11,9,8,9,7,0,9
466,1805419276013607000,6,3,1,4,9,1,7,5,9,10,1,9,2,8,0,6,9,0,3,6,1,8,11,1,2,10,11,5,0,11,9,2,9,7,0,9
467,1805678476013607000,6,7,1,2,9,11,7,8,9,6,1,0,2,10,0,5,9,11,3,5,1,10,11,9,2,6,11,8,0,1,9,3,9,4,0,1
468,1805764876013607000,6,11,1,2,9,11,7,0,9,6,1,0,2,11,0,5,9,11,3,9,1,10,11,9,2,1,11,8,0,1,9,1,9,4,0,1
469,1805851276013607000,6,10,1,2,9,11,7,4,9,6,1,0,2,7,0,5,9,11,3,2,1,10,11,9,2,3,11,8,0,1,9,6,9,4,0,1
470,1805937676013607000,6,4,1,2,9,11,7,10,9,6,1,0,2,6,0,5,9,11,3,8,1,10,11,9,2,5,11,8,0,1,9,7,9,4,0,1
471,1806024076013607000,6,0,1,2,9,11,7,11,9,6,1,0,2,1,0,5,9,11,3,0,1,10,11,9,2,9,11,8,0,1,9,11,9,4,0,1
472,1806283276013607000,6,9,1,2,9,11,7,1,9,6,1,0,2,9,0,5,9,11,3,11,1,10,11,9,2,0,11,8,0,1,9,0,9,4,0,1
473,1806369676013607000,6,5,1,2,9,11,7,3,9,6,1,0,2,2,0,5,9,11,3,7,1,10,11,9,2,4,11,8,0,1,9,8,9,4,0,1
474,1806456076013607000,6,3,1,2,9,11,7,5,9,6,1,0,2,8,0,5,9,11,3,6,1,10,11,9,2,10,11,8,0,1,9,2,9,4,0,1
475,1806542476013607000,6,1,1,2,9,11,7,9,9,6,1,0,2,0,0,5,9,11,3,1,1,10,11,9,2,11,11,8,0,1,9,9,9,4,0,1
476,1806628876013607000,6,6,1,2,9,11,7,2,9,6,1,0,2,4,0,5,9,11,3,3,1,10,11,9,2,7,11,8,0,1,9,5,9,4,0,1
477,1806888076013607000,6,10,1,0,9,6,7,4,9,11,1,2,2,7,0,1,9,4,3,2,1,0,11,3,2,3,11,9,0,7,9,6,9,11,0,5
478,1806974476013607000,6,4,1,0,9,6,7,10,9,11,1,2,2,6,0,1,9,4,3,8,1,0,11,3,2,5,11,9,0,7,9,7,9,11,0,5
479,1807060876013607000,6,0,1,0,9,6,7,11,9,11,1,2,2,1,0,1,9,4,3,0,1,0,11,3,2,9,11,9,0,7,9,11,9,11,0,5
480,1807147276013607000,6,8,1,0,9,6,7,7,9,11,1,2,2,3,0,1,9,4,3,4,1,0,11,3,2,2,11,9,0,7,9,10,9,11,0,5
481,1807233676013607000,6,2,1,0,9,6,7,6,9,11,1,2,2,5,0,1,9,4,3,10,1,0,11,3,2,8,11,9,0,7,9,4,9,11,0,5
482,1807492876013607000,6,3,1,0,9,6,7,5,9,11,1,2,2,8,0,1,9,4,3,6,1,0,11,3,2,10,11,9,0,7,9,2,9,11,0,5
483,1807579276013607000,6,1,1,0,9,6,7,9,9,11,1,2,2,0,0,1,9,4,3,1,1,0,11,3,2,11,11,9,0,7,9,9,9,11,0,5
484,1807665676013607000,6,6,1,0,9,6,7,2,9,11,1,2,2,4,0,1,9,4,3,3,1,0,11,3,2,7,11,9,0,7,9,5,9,11,0,5
485,1807752076013607000,6,7,1,0,9,6,7,8,9,11,1,2,2,10,0,1,9,4,3,5,1,0,11,3,2,6,11,9,0,7,9,3,9,11,0,5
486,1807838476013607000,6,11,1,0,9,6,7,0,9,11,1,2,2,11,0,1,9,4,3,9,1,0,11,3,2,1,11,9,0,7,9,1,9,11,0,5
487,1808097676013607000,6,0,1,0,9,6,7,11,9,11,1,2,2,1,0,1,9,4,3,0,1,0,11,3,2,9,11,9,0,7,9,11,9,11,0,5
488,1808184076013607000,6,8,1,0,9,6,7,7,9,11,1,2,2,3,0,1,9,4,3,4,1,0,11,3,2,2,11,9,0,7,9,10,9,11,0,5
489,1808270476013607000,6,2,1,9,9,10,7,6,9,1,1,4,2,5,0,9,9,7,3,10,1,11,11,2,2,8,11,0,0,3,9,4,9,0,0,6
490,1808356876013607000,6,9,1,9,9,10,7,1,9,1,1,4,2,9,0,9,9,7,3,11,1,11,11,2,2,0,11,0,0,3,9,0,9,0,0,6
491,1808443276013607000,6,5,1,9,9,10,7,3,9,1,1,4,2,2,0,9,9,7,3,7,1,11,11,2,2,4,11,0,0,3,9,8,9,0,0,6
492,1808702476013607000,6,6,1,9,9,10,7,2,9,1,1,4,2,4,0,9,9,7,3,3,1,11,11,2,2,7,11,0,0,3,9,5,9,0,0,6
493,1808788876013607000,6,7,1,9,9,10,7,8,9,1,1,4,2,10,0,9,9,7,3,5,1,11,11,2,2,6,11,0,0,3,9,3,9,0,0,6
494,1808875276013607000,6,11,1,9,9,10,7,0,9,1,1,4,2,11,0,9,9,7,3,9,1,11,11,2,2,1,11,0,0,3,9,1,9,0,0,6
495,1808961676013607000,6,10,1,9,9,10,7,4,9,1,1,4,2,7,0,9,9,7,3,2,1,11,11,2,2,3,11,0,0,3,9,6,9,0,0,6
496,1809048076013607000,6,4,1,9,9,10,7,10,9,1,1,4,2,6,0,9,9,7,3,8,1,11,11,2,2,5,11,0,0,3,9,7,9,0,0,6
497,1809307276013607000,6,2,1,9,9,10,7,6,9,1,1,4,2,5,0,9,9,7,3,10,1,11,11,2,2,8,11,0,0,3,9,4,9,0,0,6
498,1809393676013607000,6,9,1,9,9,10,7,1,9,1,1,4,2,9,0,9,9,7,3,11,1,11,11,2,2,0,11,0,0,3,9,0,9,0,0,6
499,1809480076013607000,6,5,1,9,9,10,7,3,9,1,1,4,2,2,0,9,9,7,3,7,1,11,11,2,2,4,11,0,0,3,9,8,9,0,0,6
500,1809566476013607000,6,3,1,8,9,7,7,5,9,7,1,8,2,8,0,3,9,10,3,6,1,4,11,5,2,10,11,2,0,6,9,2,9,10,0,3
501,1809652876013607000,6,1,1,8,9,7,7,9,9,7,1,8,2,0,0,3,9,10,3,1,1,4,11,5,2,11,11,2,0,6,9,9,9,10,0,3
502,1809912076013607000,6,11,1,8,9,7,7,0,9,7,1,8,2,11,0,3,9,10,3,9,1,4,11,5,2,1,11,2,0,6,9,1,9,10,0,3
503,1809998476013607000,6,10,1,8,9,7,7,4,9,7,1,8,2,7,0,3,9,10,3,2,1,4,11,5,2,3,11,2,0,6,9,6,9,10,0,3
504,1810084876013607000,6,4,1,8,9,7,7,10,9,7,1,8,2,6,0,3,9,10,3,8,1,4,11,5,2,5,11,2,0,6,9,7,9,10,0,3
505,1810171276013607000,6,0,1,8,9,7,7,11,9,7,1,8,2,1,0,3,9,10,3,0,1,4,11,5,2,9,11,2,0,6,9,11,9,10,0,3
506,1810257676013607000,6,8,1,8,9,7,7,7,9,7,1,8,2,3,0,3,9,10,3,4,1,4,11,5,2,2,11,2,0,6,9,10,9,10,0,3
507,1810516876013607000,6,5,1,8,9,7,7,3,9,7,1,8,2,2,0,3,9,10,3,7,1,4,11,5,2,4,11,2,0,6,9,8,9,10,0,3
508,1810603276013607000,6,3,1,8,9,7,7,5,9,7,1,8,2,8,0,3,9,10,3,6,1,4,11,5,2,10,11,2,0,6,9,2,9,10,0,3
509,1810689676013607000,6,1,1,8,9,7,7,9,9,7,1,8,2,0,0,3,9,10,3,1,1,4,11,5,2,11,11,2,0,6,9,9,9,10,0,3
510,1810776076013607000,6,6,1,8,9,7,7,2,9,7,1,8,2,4,0,3,9,10,3,3,1,4,11,5,2,7,11,2,0,6,9,5,9,10,0,3
511,1810862476013607000,6,7,1,8,9,7,7,8,9,7,1,8,2,10,0,3,9,10,3,5,1,4,11,5,2,6,11,2,0,6,9,3,9,10,0,3
512,1811121676013607000,6,4,1,5,9,4,7,10,9,3,1,10,2,6,0,2,9,6,3,8,1,7,11,8,2,5,11,4,0,5,9,7,9,8,0,7
513,1811208076013607000,6,0,1,5,9,4,7,11,9,3,1,10,2,1,0,2,9,6,3,0,1,7,11,8,2,9,11,4,0,5,9,11,9,8,0,7
514,1811294476013607000,6,8,1,5,9,4,7,7,9,3,1,10,2,3,0,2,9,6,3,4,1,7,11,8,2,2,11,4,0,5,9,10,9,8,0,7
515,1811380876013607000,6,2,1,5,9,4,7,6,9,3,1,10,2,5,0,2,9,6,3,10,1,7,11,8,2,8,11,4,0,5,9,4,9,8,0,7
516,1811467276013607000,6,9,1,5,9,4,7,1,9,3,1,10,2,9,0,2,9,6,3,11,1,7,11,8,2,0,11,4,0,5,9,0,9,8,0,7
517,1811726476013607000,6,1,1,5,9,4,7,9,9,3,1,10,2,0,0,2,9,6,3,1,1,7,11,8,2,11,11,4,0,5,9,9,9,8,0,7
518,1811812876013607000,6,6,1,5,9,4,7,2,9,3,1,10,2,4,0,2,9,6,3,3,1,7,11,8,2,7,11,4,0,5,9,5,9,8,0,7
519,1811899276013607000,6,7,1,5,9,4,7,8,9,3,1,10,2,10,0,2,9,6,3,5,1,7,11,8,2,6,11,4,0,5,9,3,9,8,0,7
520,1811985676013607000,6,11,1,5,9,4,7,0,9,3,1,10,2,11,0,2,9,6,3,9,1,7,11,8,2,1,11,4,0,5,9,1,9,8,0,7
521,1812072076013607000,6,10,1,5,9,4,7,4,9,3,1,10,2,7,0,2,9,6,3,2,1,7,11,8,2,3,11,4,0,5,9,6,9,8,0,7
522,1812331276013607000,6,8,7,2,1,6,7,7,8,6,9,2,2,3,10,5,0,4,3,4,5,10,1,3,2,2,6,8,11,7,9,10,3,4,9,5
523,1812417676013607000,6,2,7,2,1,6,7,6,8,6,9,2,2,5,10,5,0,4,3,10,5,10,1,3,2,8,6,8,11,7,9,4,3,4,9,5
524,1812504076013607000,6,9,7,2,1,6,7,1,8,6,9,2,2,9,10,5,0,4,3,11,5,10,1,3,2,0,6,8,11,7,9,0,3,4,9,5
525,1812590476013607000,6,5,7,2,1,6,7,3,8,6,9,2,2,2,10,5,0,4,3,7,5,10,1,3,2,4,6,8,11,7,9,8,3,4,9,5
526,1812676876013607000,6,3,7,2,1,6,7,5,8,6,9,2,2,8,10,5,0,4,3,6,5,10,1,3,2,10,6,8,11,7,9,2,3,4,9,5
527,1812936076013607000,6,7,7,2,1,6,7,8,8,6,9,2,2,10,10,5,0,4,3,5,5,10,1,3,2,6,6,8,11,7,9,3,3,4,9,5
