,date,cs_base_hour_current_hour,cs_base_hour_current_day,cs_base_hour_current_hour_minus,cs_base_hour_current_month,cs_base_hour_current_year,cs_base_hour_current_month_minus,cs_base_day_current_hour,cs_base_day_current_day,cs_base_day_current_hour_minus,cs_base_day_current_month,cs_base_day_current_year,cs_base_day_current_month_minus,cs_base_hour_minus_current_hour,cs_base_hour_minus_current_day,cs_base_hour_minus_current_hour_minus,cs_base_hour_minus_current_month,cs_base_hour_minus_current_year,cs_base_hour_minus_current_month_minus,cs_base_month_current_hour,cs_base_month_current_day,cs_base_month_current_hour_minus,cs_base_month_current_month,cs_base_month_current_year,cs_base_month_current_month_minus,cs_base_year_current_hour,cs_base_year_current_day,cs_base_year_current_hour_minus,cs_base_year_current_month,cs_base_year_current_year,cs_base_year_current_month_minus,cs_base_month_minus_current_hour,cs_base_month_minus_current_day,cs_base_month_minus_current_hour_minus,cs_base_month_minus_current_month,cs_base_month_minus_current_year,cs_base_month_minus_current_month_minus
0,1733691230807477000,8,9,9,7,9,9,4,1,1,8,1,1,5,9,9,10,9,9,1,11,11,5,11,11,3,0,0,6,0,0,6,0,0,3,0,0
1,1733777630807477000,8,5,9,7,9,9,4,3,1,8,1,1,5,2,9,10,9,9,1,7,11,5,11,11,3,4,0,6,0,0,6,8,0,3,0,0
2,1733864030807477000,8,3,9,7,9,9,4,5,1,8,1,1,5,8,9,10,9,9,1,6,11,5,11,11,3,10,0,6,0,0,6,2,0,3,0,0
3,1733950430807477000,8,1,9,7,9,9,4,9,1,8,1,1,5,0,9,10,9,9,1,1,11,5,11,11,3,11,0,6,0,0,6,9,0,3,0,0
4,1734036830807477000,8,6,9,7,9,9,4,2,1,8,1,1,5,4,9,10,9,9,1,3,11,5,11,11,3,7,0,6,0,0,6,5,0,3,0,0
5,1734296030807477000,8,10,9,7,9,9,4,4,1,8,1,1,5,7,9,10,9,9,1,2,11,5,11,11,3,3,0,6,0,0,6,6,0,3,0,0
6,1734382430807477000,8,4,9,7,9,9,4,10,1,8,1,1,5,6,9,10,9,9,1,8,11,5,11,11,3,5,0,6,0,0,6,7,0,3,0,0
7,1734468830807477000,8,0,9,7,9,9,4,11,1,8,1,1,5,1,9,10,9,9,1,0,11,5,11,11,3,9,0,6,0,0,6,11,0,3,0,0
8,1734555230807477000,8,8,9,7,9,9,4,7,1,8,1,1,5,3,9,10,9,9,1,4,11,5,11,11,3,2,0,6,0,0,6,10,0,3,0,0
9,1734641630807477000,8,2,9,7,9,9,4,6,1,8,1,1,5,5,9,10,9,9,1,10,11,5,11,11,3,8,0,6,0,0,6,4,0,3,0,0
10,1734900830807477000,8,3,9,4,9,1,4,5,1,10,1,9,5,8,9,6,9,0,1,6,11,8,11,1,3,10,0,5,0,11,6,2,0,7,0,9
11,1734987230807477000,8,1,9,4,9,1,4,9,1,10,1,9,5,0,9,6,9,0,1,1,11,8,11,1,3,11,0,5,0,11,6,9,0,7,0,9
12,1735073630807477000,8,6,9,4,9,1,4,2,1,10,1,9,5,4,9,6,9,0,1,3,11,8,11,1,3,7,0,5,0,11,6,5,0,7,0,9
13,1735160030807477000,8,7,9,4,9,1,4,8,1,10,1,9,5,10,9,6,9,0,1,5,11,8,11,1,3,6,0,5,0,11,6,3,0,7,0,9
14,1735246430807477000,8,11,9,4,9,1,4,0,1,10,1,9,5,11,9,6,9,0,1,9,11,8,11,1,3,1,0,5,0,11,6,1,0,7,0,9
15,1735505630807477000,8,0,9,4,9,1,4,11,1,10,1,9,5,1,9,6,9,0,1,0,11,8,11,1,3,9,0,5,0,11,6,11,0,7,0,9
16,1735592030807477000,8,8,9,4,9,1,4,7,1,10,1,9,5,3,9,6,9,0,1,4,11,8,11,1,3,2,0,5,0,11,6,10,0,7,0,9
17,1735678430807477000,8,2,9,4,9,1,4,6,1,10,1,9,5,5,9,6,9,0,1,10,11,8,11,1,3,8,0,5,0,11,6,4,0,7,0,9
18,1735764830807477000,8,9,9,4,9,1,4,1,1,10,1,9,5,9,9,6,9,0,1,11,11,8,11,1,3,0,0,5,0,11,6,0,0,7,0,9
19,1735851230807477000,8,5,9,4,9,1,4,3,1,10,1,9,5,2,9,6,9,0,1,7,11,8,11,1,3,4,0,5,0,11,6,8,0,7,0,9
20,1736110430807477000,8,6,9,11,9,5,4,2,1,0,1,3,5,4,9,11,9,2,1,3,11,9,11,7,3,7,0,1,0,4,6,5,0,1,0,8
21,1736196830807477000,8,7,9,11,9,5,4,8,1,0,1,3,5,10,9,11,9,2,1,5,11,9,11,7,3,6,0,1,0,4,6,3,0,1,0,8
22,1736283230807477000,8,11,9,11,9,5,4,0,1,0,1,3,5,11,9,11,9,2,1,9,11,9,11,7,3,1,0,1,0,4,6,1,0,1,0,8
23,1736369630807477000,8,10,9,11,9,5,4,4,1,0,1,3,5,7,9,11,9,2,1,2,11,9,11,7,3,3,0,1,0,4,6,6,0,1,0,8
24,1736456030807477000,8,4,9,11,9,5,4,10,1,0,1,3,5,6,9,11,9,2,1,8,11,9,11,7,3,5,0,1,0,4,6,7,0,1,0,8
25,1736715230807477000,8,2,9,11,9,5,4,6,1,0,1,3,5,5,9,11,9,2,1,10,11,9,11,7,3,8,0,1,0,4,6,4,0,1,0,8
26,1736801630807477000,8,9,9,11,9,5,4,1,1,0,1,3,5,9,9,11,9,2,1,11,11,9,11,7,3,0,0,1,0,4,6,0,0,1,0,8
27,1736888030807477000,8,5,9,11,9,5,4,3,1,0,1,3,5,2,9,11,9,2,1,7,11,9,11,7,3,4,0,1,0,4,6,8,0,1,0,8
28,1736974430807477000,8,3,9,11,9,5,4,5,1,0,1,3,5,8,9,11,9,2,1,6,11,9,11,7,3,10,0,1,0,4,6,2,0,1,0,8
29,1737060830807477000,8,1,9,11,9,5,4,9,1,0,1,3,5,0,9,11,9,2,1,1,11,9,11,7,3,11,0,1,0,4,6,9,0,1,0,8
30,1737320030807477000,8,11,3,0,0,3,4,0,5,11,11,5,5,11,8,1,1,8,1,9,6,0,0,6,3,1,10,9,9,10,6,1,2,11,11,2
31,1737406430807477000,8,10,3,0,0,3,4,4,5,11,11,5,5,7,8,1,1,8,1,2,6,0,0,6,3,3,10,9,9,10,6,6,2,11,11,2
32,1737492830807477000,8,4,3,0,0,3,4,10,5,11,11,5,5,6,8,1,1,8,1,8,6,0,0,6,3,5,10,9,9,10,6,7,2,11,11,2
33,1737579230807477000,8,0,3,0,0,3,4,11,5,11,11,5,5,1,8,1,1,8,1,0,6,0,0,6,3,9,10,9,9,10,6,11,2,11,11,2
34,1737665630807477000,8,8,3,0,0,3,4,7,5,11,11,5,5,3,8,1,1,8,1,4,6,0,0,6,3,2,10,9,9,10,6,10,2,11,11,2
35,1737924830807477000,8,5,3,0,0,3,4,3,5,11,11,5,5,2,8,1,1,8,1,7,6,0,0,6,3,4,10,9,9,10,6,8,2,11,11,2
36,1738011230807477000,8,3,3,0,0,3,4,5,5,11,11,5,5,8,8,1,1,8,1,6,6,0,0,6,3,10,10,9,9,10,6,2,2,11,11,2
37,1738097630807477000,8,1,9,0,8,6,4,9,1,11,7,2,5,0,9,1,3,4,1,1,11,0,4,3,3,11,0,9,2,7,6,9,0,11,10,5
38,1738184030807477000,8,6,9,0,8,6,4,2,1,11,7,2,5,4,9,1,3,4,1,3,11,0,4,3,3,7,0,9,2,7,6,5,0,11,10,5
39,1738270430807477000,8,7,9,0,8,6,4,8,1,11,7,2,5,10,9,1,3,4,1,5,11,0,4,3,3,6,0,9,2,7,6,3,0,11,10,5
40,1738529630807477000,8,4,9,0,8,6,4,10,1,11,7,2,5,6,9,1,3,4,1,8,11,0,4,3,3,5,0,9,2,7,6,7,0,11,10,5
41,1738616030807477000,8,0,9,10,8,3,4,11,1,4,7,5,5,1,9,7,3,8,1,0,11,2,4,6,3,9,0,3,2,10,6,11,0,6,10,2
42,1738702430807477000,8,8,9,10,8,3,4,7,1,4,7,5,5,3,9,7,3,8,1,4,11,2,4,6,3,2,0,3,2,10,6,10,0,6,10,2
43,1738788830807477000,8,2,9,10,8,3,4,6,1,4,7,5,5,5,9,7,3,8,1,10,11,2,4,6,3,8,0,3,2,10,6,4,0,6,10,2
44,1738875230807477000,8,9,9,10,8,3,4,1,1,4,7,5,5,9,9,7,3,8,1,11,11,2,4,6,3,0,0,3,2,10,6,0,0,6,10,2
45,1739134430807477000,8,1,9,10,8,3,4,9,1,4,7,5,5,0,9,7,3,8,1,1,11,2,4,6,3,11,0,3,2,10,6,9,0,6,10,2
46,1739220830807477000,8,6,9,10,8,3,4,2,1,4,7,5,5,4,9,7,3,8,1,3,11,2,4,6,3,7,0,3,2,10,6,5,0,6,10,2
47,1739307230807477000,8,7,9,10,8,3,4,8,1,4,7,5,5,10,9,7,3,8,1,5,11,2,4,6,3,6,0,3,2,10,6,3,0,6,10,2
48,1739393630807477000,8,11,9,10,8,3,4,0,1,4,7,5,5,11,9,7,3,8,1,9,11,2,4,6,3,1,0,3,2,10,6,1,0,6,10,2
49,1739480030807477000,8,10,9,10,8,3,4,4,1,4,7,5,5,7,9,7,3,8,1,2,11,2,4,6,3,3,0,3,2,10,6,6,0,6,10,2
50,1739739230807477000,8,8,9,10,8,3,4,7,1,4,7,5,5,3,9,7,3,8,1,4,11,2,4,6,3,2,0,3,2,10,6,10,0,6,10,2
51,1739825630807477000,8,2,9,10,8,3,4,6,1,4,7,5,5,5,9,7,3,8,1,10,11,2,4,6,3,8,0,3,2,10,6,4,0,6,10,2
52,1739912030807477000,8,9,9,8,8,7,4,1,1,7,7,8,5,9,9,3,3,10,1,11,11,4,4,5,3,0,0,2,2,6,6,0,0,10,10,3
53,1739998430807477000,8,5,9,8,8,7,4,3,1,7,7,8,5,2,9,3,3,10,1,7,11,4,4,5,3,4,0,2,2,6,6,8,0,10,10,3
54,1740084830807477000,8,3,9,8,8,7,4,5,1,7,7,8,5,8,9,3,3,10,1,6,11,4,4,5,3,10,0,2,2,6,6,2,0,10,10,3
55,1740344030807477000,8,7,9,8,8,7,4,8,1,7,7,8,5,10,9,3,3,10,1,5,11,4,4,5,3,6,0,2,2,6,6,3,0,10,10,3
56,1740430430807477000,8,11,9,8,8,7,4,0,1,7,7,8,5,11,9,3,3,10,1,9,11,4,4,5,3,1,0,2,2,6,6,1,0,10,10,3
57,1740516830807477000,8,10,9,8,8,7,4,4,1,7,7,8,5,7,9,3,3,10,1,2,11,4,4,5,3,3,0,2,2,6,6,6,0,10,10,3
58,1740603230807477000,8,4,9,8,8,7,4,10,1,7,7,8,5,6,9,3,3,10,1,8,11,4,4,5,3,5,0,2,2,6,6,7,0,10,10,3
59,1740689630807477000,8,0,9,8,8,7,4,11,1,7,7,8,5,1,9,3,3,10,1,0,11,4,4,5,3,9,0,2,2,6,6,11,0,10,10,3
60,1740948830807477000,8,9,9,8,8,7,4,1,1,7,7,8,5,9,9,3,3,10,1,11,11,4,4,5,3,0,0,2,2,6,6,0,0,10,10,3
61,1741035230807477000,8,5,9,8,8,7,4,3,1,7,7,8,5,2,9,3,3,10,1,7,11,4,4,5,3,4,0,2,2,6,6,8,0,10,10,3
62,1741121630807477000,8,3,9,8,8,7,4,5,1,7,7,8,5,8,9,3,3,10,1,6,11,4,4,5,3,10,0,2,2,6,6,2,0,10,10,3
63,1741208030807477000,8,1,9,4,8,1,4,9,1,10,7,9,5,0,9,6,3,0,1,1,11,8,4,1,3,11,0,5,2,11,6,9,0,7,10,9
64,1741294430807477000,8,6,9,4,8,1,4,2,1,10,7,9,5,4,9,6,3,0,1,3,11,8,4,1,3,7,0,5,2,11,6,5,0,7,10,9
65,1741553630807477000,8,10,9,4,8,1,4,4,1,10,7,9,5,7,9,6,3,0,1,2,11,8,4,1,3,3,0,5,2,11,6,6,0,7,10,9
66,1741640030807477000,8,4,9,4,8,1,4,10,1,10,7,9,5,6,9,6,3,0,1,8,11,8,4,1,3,5,0,5,2,11,6,7,0,7,10,9
67,1741726430807477000,8,0,9,4,8,1,4,11,1,10,7,9,5,1,9,6,3,0,1,0,11,8,4,1,3,9,0,5,2,11,6,11,0,7,10,9
68,1741812830807477000,8,8,9,4,8,1,4,7,1,10,7,9,5,3,9,6,3,0,1,4,11,8,4,1,3,2,0,5,2,11,6,10,0,7,10,9
69,1741899230807477000,8,2,9,4,8,1,4,6,1,10,7,9,5,5,9,6,3,0,1,10,11,8,4,1,3,8,0,5,2,11,6,4,0,7,10,9
70,1742158430807477000,8,3,9,4,8,1,4,5,1,10,7,9,5,8,9,6,3,0,1,6,11,8,4,1,3,10,0,5,2,11,6,2,0,7,10,9
71,1742244830807477000,8,1,9,4,8,1,4,9,1,10,7,9,5,0,9,6,3,0,1,1,11,8,4,1,3,11,0,5,2,11,6,9,0,7,10,9
72,1742331230807477000,8,6,9,4,8,1,4,2,1,10,7,9,5,4,9,6,3,0,1,3,11,8,4,1,3,7,0,5,2,11,6,5,0,7,10,9
73,1742417630807477000,8,7,9,4,8,1,4,8,1,10,7,9,5,10,9,6,3,0,1,5,11,8,4,1,3,6,0,5,2,11,6,3,0,7,10,9
74,1742504030807477000,8,11,9,2,8,11,4,0,1,6,7,0,5,11,9,5,3,11,1,9,11,10,4,9,3,1,0,8,2,1,6,1,0,4,10,1
75,1742763230807477000,8,0,9,2,8,11,4,11,1,6,7,0,5,1,9,5,3,11,1,0,11,10,4,9,3,9,0,8,2,1,6,11,0,4,10,1
76,1742849630807477000,8,8,9,2,8,11,4,7,1,6,7,0,5,3,9,5,3,11,1,4,11,10,4,9,3,2,0,8,2,1,6,10,0,4,10,1
77,1742936030807477000,8,2,9,2,8,11,4,6,1,6,7,0,5,5,9,5,3,11,1,10,11,10,4,9,3,8,0,8,2,1,6,4,0,4,10,1
78,1743022430807477000,8,9,9,2,8,11,4,1,1,6,7,0,5,9,9,5,3,11,1,11,11,10,4,9,3,0,0,8,2,1,6,0,0,4,10,1
79,1743108830807477000,8,5,9,2,8,11,4,3,1,6,7,0,5,2,9,5,3,11,1,7,11,10,4,9,3,4,0,8,2,1,6,8,0,4,10,1
80,1743368030807477000,8,6,9,2,8,11,4,2,1,6,7,0,5,4,9,5,3,11,1,3,11,10,4,9,3,7,0,8,2,1,6,5,0,4,10,1
81,1743454430807477000,8,7,9,2,8,11,4,8,1,6,7,0,5,10,9,5,3,11,1,5,11,10,4,9,3,6,0,8,2,1,6,3,0,4,10,1
82,1743540830807477000,8,11,9,2,8,11,4,0,1,6,7,0,5,11,9,5,3,11,1,9,11,10,4,9,3,1,0,8,2,1,6,1,0,4,10,1
83,1743627230807477000,8,10,9,2,8,11,4,4,1,6,7,0,5,7,9,5,3,11,1,2,11,10,4,9,3,3,0,8,2,1,6,6,0,4,10,1
84,1743713630807477000,8,4,9,2,8,11,4,10,1,6,7,0,5,6,9,5,3,11,1,8,11,10,4,9,3,5,0,8,2,1,6,7,0,4,10,1
85,1743972830807477000,8,2,9,0,8,6,4,6,1,11,7,2,5,5,9,1,3,4,1,10,11,0,4,3,3,8,0,9,2,7,6,4,0,11,10,5
86,1744059230807477000,8,9,9,0,8,6,4,1,1,11,7,2,5,9,9,1,3,4,1,11,11,0,4,3,3,0,0,9,2,7,6,0,0,11,10,5
87,1744145630807477000,8,5,9,0,8,6,4,3,1,11,7,2,5,2,9,1,3,4,1,7,11,0,4,3,3,4,0,9,2,7,6,8,0,11,10,5
88,1744232030807477000,8,3,9,0,8,6,4,5,1,11,7,2,5,8,9,1,3,4,1,6,11,0,4,3,3,10,0,9,2,7,6,2,0,11,10,5
89,1744318430807477000,8,1,9,0,8,6,4,9,1,11,7,2,5,0,9,1,3,4,1,1,11,0,4,3,3,11,0,9,2,7,6,9,0,11,10,5
90,1744577630807477000,8,11,9,0,8,6,4,0,1,11,7,2,5,11,9,1,3,4,1,9,11,0,4,3,3,1,0,9,2,7,6,1,0,11,10,5
91,1744664030807477000,8,10,9,0,8,6,4,4,1,11,7,2,5,7,9,1,3,4,1,2,11,0,4,3,3,3,0,9,2,7,6,6,0,11,10,5
92,1744750430807477000,8,4,9,0,8,6,4,10,1,11,7,2,5,6,9,1,3,4,1,8,11,0,4,3,3,5,0,9,2,7,6,7,0,11,10,5
93,1744836830807477000,8,0,9,0,8,6,4,11,1,11,7,2,5,1,9,1,3,4,1,0,11,0,4,3,3,9,0,9,2,7,6,11,0,11,10,5
94,1744923230807477000,8,8,9,0,8,6,4,7,1,11,7,2,5,3,9,1,3,4,1,4,11,0,4,3,3,2,0,9,2,7,6,10,0,11,10,5
95,1745182430807477000,8,5,9,9,8,10,4,3,1,1,7,4,5,2,9,9,3,7,1,7,11,11,4,2,3,4,0,0,2,3,6,8,0,0,10,6
96,1745268830807477000,8,3,9,9,8,10,4,5,1,1,7,4,5,8,9,9,3,7,1,6,11,11,4,2,3,10,0,0,2,3,6,2,0,0,10,6
97,1745355230807477000,8,1,9,9,8,10,4,9,1,1,7,4,5,0,9,9,3,7,1,1,11,11,4,2,3,11,0,0,2,3,6,9,0,0,10,6
98,1745441630807477000,8,6,9,9,8,10,4,2,1,1,7,4,5,4,9,9,3,7,1,3,11,11,4,2,3,7,0,0,2,3,6,5,0,0,10,6
99,1745528030807477000,8,7,9,9,8,10,4,8,1,1,7,4,5,10,9,9,3,7,1,5,11,11,4,2,3,6,0,0,2,3,6,3,0,0,10,6
100,1745787230807477000,8,4,9,9,8,10,4,10,1,1,7,4,5,6,9,9,3,7,1,8,11,11,4,2,3,5,0,0,2,3,6,7,0,0,10,6
101,1745873630807477000,8,0,9,9,8,10,4,11,1,1,7,4,5,1,9,9,3,7,1,0,11,11,4,2,3,9,0,0,2,3,6,11,0,0,10,6
102,1745960030807477000,8,8,9,9,8,10,4,7,1,1,7,4,5,3,9,9,3,7,1,4,11,11,4,2,3,2,0,0,2,3,6,10,0,0,10,6
103,1746046430807477000,8,2,9,9,8,10,4,6,1,1,7,4,5,5,9,9,3,7,1,10,11,11,4,2,3,8,0,0,2,3,6,4,0,0,10,6
104,1746132830807477000,8,9,9,9,8,10,4,1,1,1,7,4,5,9,9,9,3,7,1,11,11,11,4,2,3,0,0,0,2,3,6,0,0,0,10,6
105,1746392030807477000,8,1,9,9,8,10,4,9,1,1,7,4,5,0,9,9,3,7,1,1,11,11,4,2,3,11,0,0,2,3,6,9,0,0,10,6
106,1746478430807477000,8,6,9,8,8,7,4,2,1,7,7,8,5,4,9,3,3,10,1,3,11,4,4,5,3,7,0,2,2,6,6,5,0,10,10,3
107,1746564830807477000,8,7,9,8,8,7,4,8,1,7,7,8,5,10,9,3,3,10,1,5,11,4,4,5,3,6,0,2,2,6,6,3,0,10,10,3
108,1746651230807477000,8,11,9,8,8,7,4,0,1,7,7,8,5,11,9,3,3,10,1,9,11,4,4,5,3,1,0,2,2,6,6,1,0,10,10,3
109,1746737630807477000,8,10,9,8,8,7,4,4,1,7,7,8,5,7,9,3,3,10,1,2,11,4,4,5,3,3,0,2,2,6,6,6,0,10,10,3
110,1746996830807477000,8,8,9,8,8,7,4,7,1,7,7,8,5,3,9,3,3,10,1,4,11,4,4,5,3,2,0,2,2,6,6,10,0,10,10,3
111,1747083230807477000,8,2,9,8,8,7,4,6,1,7,7,8,5,5,9,3,3,10,1,10,11,4,4,5,3,8,0,2,2,6,6,4,0,10,10,3
112,1747169630807477000,8,9,9,8,8,7,4,1,1,7,7,8,5,9,9,3,3,10,1,11,11,4,4,5,3,0,0,2,2,6,6,0,0,10,10,3
113,1747256030807477000,8,5,9,8,8,7,4,3,1,7,7,8,5,2,9,3,3,10,1,7,11,4,4,5,3,4,0,2,2,6,6,8,0,10,10,3
114,1747342430807477000,8,3,9,8,8,7,4,5,1,7,7,8,5,8,9,3,3,10,1,6,11,4,4,5,3,10,0,2,2,6,6,2,0,10,10,3
115,1747601630807477000,8,7,9,8,8,7,4,8,1,7,7,8,5,10,9,3,3,10,1,5,11,4,4,5,3,6,0,2,2,6,6,3,0,10,10,3
116,1747688030807477000,8,11,9,8,8,7,4,0,1,7,7,8,5,11,9,3,3,10,1,9,11,4,4,5,3,1,0,2,2,6,6,1,0,10,10,3
117,1747774430807477000,8,10,9,5,8,4,4,4,1,3,7,10,5,7,9,2,3,6,1,2,11,7,4,8,3,3,0,4,2,5,6,6,0,8,10,7
118,1747860830807477000,8,4,9,5,8,4,4,10,1,3,7,10,5,6,9,2,3,6,1,8,11,7,4,8,3,5,0,4,2,5,6,7,0,8,10,7
119,1747947230807477000,8,0,9,5,8,4,4,11,1,3,7,10,5,1,9,2,3,6,1,0,11,7,4,8,3,9,0,4,2,5,6,11,0,8,10,7
120,1748206430807477000,8,9,9,5,8,4,4,1,1,3,7,10,5,9,9,2,3,6,1,11,11,7,4,8,3,0,0,4,2,5,6,0,0,8,10,7
121,1748292830807477000,8,5,9,5,8,4,4,3,1,3,7,10,5,2,9,2,3,6,1,7,11,7,4,8,3,4,0,4,2,5,6,8,0,8,10,7
122,1748379230807477000,8,3,9,5,8,4,4,5,1,3,7,10,5,8,9,2,3,6,1,6,11,7,4,8,3,10,0,4,2,5,6,2,0,8,10,7
123,1748465630807477000,8,1,9,5,8,4,4,9,1,3,7,10,5,0,9,2,3,6,1,1,11,7,4,8,3,11,0,4,2,5,6,9,0,8,10,7
124,1748552030807477000,8,6,9,5,8,4,4,2,1,3,7,10,5,4,9,2,3,6,1,3,11,7,4,8,3,7,0,4,2,5,6,5,0,8,10,7
125,1748811230807477000,8,10,9,5,8,4,4,4,1,3,7,10,5,7,9,2,3,6,1,2,11,7,4,8,3,3,0,4,2,5,6,6,0,8,10,7
126,1748897630807477000,8,4,9,5,8,4,4,10,1,3,7,10,5,6,9,2,3,6,1,8,11,7,4,8,3,5,0,4,2,5,6,7,0,8,10,7
127,1748984030807477000,8,0,9,5,8,4,4,11,1,3,7,10,5,1,9,2,3,6,1,0,11,7,4,8,3,9,0,4,2,5,6,11,0,8,10,7
128,1749070430807477000,8,8,9,5,8,4,4,7,1,3,7,10,5,3,9,2,3,6,1,4,11,7,4,8,3,2,0,4,2,5,6,10,0,8,10,7
129,1749156830807477000,8,2,3,2,5,6,4,6,5,6,3,2,5,5,8,5,2,4,1,10,6,10,7,3,3,8,10,8,4,7,6,4,2,4,8,5
130,1749416030807477000,8,3,3,2,5,6,4,5,5,6,3,2,5,8,8,5,2,4,1,6,6,10,7,3,3,10,10,8,4,7,6,2,2,4,8,5
131,1749502430807477000,8,1,3,2,5,6,4,9,5,6,3,2,5,0,8,5,2,4,1,1,6,10,7,3,3,11,10,8,4,7,6,9,2,4,8,5
132,1749588830807477000,8,6,3,2,5,6,4,2,5,6,3,2,5,4,8,5,2,4,1,3,6,10,7,3,3,7,10,8,4,7,6,5,2,4,8,5
133,1749675230807477000,8,7,3,2,5,6,4,8,5,6,3,2,5,10,8,5,2,4,1,5,6,10,7,3,3,6,10,8,4,7,6,3,2,4,8,5
134,1749761630807477000,8,11,3,2,5,6,4,0,5,6,3,2,5,11,8,5,2,4,1,9,6,10,7,3,3,1,10,8,4,7,6,1,2,4,8,5
135,1750020830807477000,8,0,3,2,5,6,4,11,5,6,3,2,5,1,8,5,2,4,1,0,6,10,7,3,3,9,10,8,4,7,6,11,2,4,8,5
136,1750107230807477000,8,8,3,2,5,6,4,7,5,6,3,2,5,3,8,5,2,4,1,4,6,10,7,3,3,2,10,8,4,7,6,10,2,4,8,5
137,1750193630807477000,8,2,3,2,5,6,4,6,5,6,3,2,5,5,8,5,2,4,1,10,6,10,7,3,3,8,10,8,4,7,6,4,2,4,8,5
138,1750280030807477000,8,9,3,2,5,6,4,1,5,6,3,2,5,9,8,5,2,4,1,11,6,10,7,3,3,0,10,8,4,7,6,0,2,4,8,5
139,1750366430807477000,8,5,3,2,5,6,4,3,5,6,3,2,5,2,8,5,2,4,1,7,6,10,7,3,3,4,10,8,4,7,6,8,2,4,8,5
140,1750625630807477000,8,6,3,3,5,10,4,2,5,5,3,4,5,4,8,8,2,7,1,3,6,6,7,2,3,7,10,10,4,3,6,5,2,2,8,6
141,1750712030807477000,8,7,3,3,5,10,4,8,5,5,3,4,5,10,8,8,2,7,1,5,6,6,7,2,3,6,10,10,4,3,6,3,2,2,8,6
142,1750798430807477000,8,11,3,3,5,10,4,0,5,5,3,4,5,11,8,8,2,7,1,9,6,6,7,2,3,1,10,10,4,3,6,1,2,2,8,6
143,1750884830807477000,8,10,3,3,5,10,4,4,5,5,3,4,5,7,8,8,2,7,1,2,6,6,7,2,3,3,10,10,4,3,6,6,2,2,8,6
144,1750971230807477000,8,4,3,3,5,10,4,10,5,5,3,4,5,6,8,8,2,7,1,8,6,6,7,2,3,5,10,10,4,3,6,7,2,2,8,6
145,1751230430807477000,8,2,3,3,5,10,4,6,5,5,3,4,5,5,8,8,2,7,1,10,6,6,7,2,3,8,10,10,4,3,6,4,2,2,8,6
146,1751316830807477000,8,9,3,3,5,10,4,1,5,5,3,4,5,9,8,8,2,7,1,11,6,6,7,2,3,0,10,10,4,3,6,0,2,2,8,6
147,1751403230807477000,8,5,3,3,5,10,4,3,5,5,3,4,5,2,8,8,2,7,1,7,6,6,7,2,3,4,10,10,4,3,6,8,2,2,8,6
148,1751489630807477000,8,3,3,3,5,10,4,5,5,5,3,4,5,8,8,8,2,7,1,6,6,6,7,2,3,10,10,10,4,3,6,2,2,2,8,6
149,1751576030807477000,8,1,3,3,5,10,4,9,5,5,3,4,5,0,8,8,2,7,1,1,6,6,7,2,3,11,10,10,4,3,6,9,2,2,8,6
150,1751835230807477000,8,11,3,9,5,7,4,0,5,1,3,8,5,11,8,9,2,10,1,9,6,11,7,5,3,1,10,0,4,6,6,1,2,0,8,3
151,1751921630807477000,8,10,3,9,5,7,4,4,5,1,3,8,5,7,8,9,2,10,1,2,6,11,7,5,3,3,10,0,4,6,6,6,2,0,8,3
152,1752008030807477000,8,4,3,9,5,7,4,10,5,1,3,8,5,6,8,9,2,10,1,8,6,11,7,5,3,5,10,0,4,6,6,7,2,0,8,3
153,1752094430807477000,8,0,3,9,5,7,4,11,5,1,3,8,5,1,8,9,2,10,1,0,6,11,7,5,3,9,10,0,4,6,6,11,2,0,8,3
154,1752180830807477000,8,8,3,9,5,7,4,7,5,1,3,8,5,3,8,9,2,10,1,4,6,11,7,5,3,2,10,0,4,6,6,10,2,0,8,3
155,1752440030807477000,8,5,3,9,5,7,4,3,5,1,3,8,5,2,8,9,2,10,1,7,6,11,7,5,3,4,10,0,4,6,6,8,2,0,8,3
156,1752526430807477000,8,3,3,9,5,7,4,5,5,1,3,8,5,8,8,9,2,10,1,6,6,11,7,5,3,10,10,0,4,6,6,2,2,0,8,3
157,1752612830807477000,8,1,3,9,5,7,4,9,5,1,3,8,5,0,8,9,2,10,1,1,6,11,7,5,3,11,10,0,4,6,6,9,2,0,8,3
158,1752699230807477000,8,6,3,9,5,7,4,2,5,1,3,8,5,4,8,9,2,10,1,3,6,11,7,5,3,7,10,0,4,6,6,5,2,0,8,3
159,1752785630807477000,8,7,3,9,5,7,4,8,5,1,3,8,5,10,8,9,2,10,1,5,6,11,7,5,3,6,10,0,4,6,6,3,2,0,8,3
160,1753044830807477000,8,4,3,9,5,7,4,10,5,1,3,8,5,6,8,9,2,10,1,8,6,11,7,5,3,5,10,0,4,6,6,7,2,0,8,3
161,1753131230807477000,8,0,3,9,5,7,4,11,5,1,3,8,5,1,8,9,2,10,1,0,6,11,7,5,3,9,10,0,4,6,6,11,2,0,8,3
162,1753217630807477000,8,8,3,1,5,4,4,7,5,9,3,10,5,3,8,0,2,6,1,4,6,1,7,8,3,2,10,11,4,5,6,10,2,9,8,7
163,1753304030807477000,8,2,3,1,5,4,4,6,5,9,3,10,5,5,8,0,2,6,1,10,6,1,7,8,3,8,10,11,4,5,6,4,2,9,8,7
164,1753390430807477000,8,9,3,1,5,4,4,1,5,9,3,10,5,9,8,0,2,6,1,11,6,1,7,8,3,0,10,11,4,5,6,0,2,9,8,7
165,1753649630807477000,8,1,3,1,5,4,4,9,5,9,3,10,5,0,8,0,2,6,1,1,6,1,7,8,3,11,10,11,4,5,6,9,2,9,8,7
166,1753736030807477000,8,6,3,1,5,4,4,2,5,9,3,10,5,4,8,0,2,6,1,3,6,1,7,8,3,7,10,11,4,5,6,5,2,9,8,7
167,1753822430807477000,8,7,3,1,5,4,4,8,5,9,3,10,5,10,8,0,2,6,1,5,6,1,7,8,3,6,10,11,4,5,6,3,2,9,8,7
168,1753908830807477000,8,11,3,1,5,4,4,0,5,9,3,10,5,11,8,0,2,6,1,9,6,1,7,8,3,1,10,11,4,5,6,1,2,9,8,7
169,1753995230807477000,8,10,3,1,5,4,4,4,5,9,3,10,5,7,8,0,2,6,1,2,6,1,7,8,3,3,10,11,4,5,6,6,2,9,8,7
170,1754254430807477000,8,8,3,1,5,4,4,7,5,9,3,10,5,3,8,0,2,6,1,4,6,1,7,8,3,2,10,11,4,5,6,10,2,9,8,7
171,1754340830807477000,8,2,3,1,5,4,4,6,5,9,3,10,5,5,8,0,2,6,1,10,6,1,7,8,3,8,10,11,4,5,6,4,2,9,8,7
172,1754427230807477000,8,9,3,1,5,4,4,1,5,9,3,10,5,9,8,0,2,6,1,11,6,1,7,8,3,0,10,11,4,5,6,0,2,9,8,7
173,1754513630807477000,8,5,3,1,5,4,4,3,5,9,3,10,5,2,8,0,2,6,1,7,6,1,7,8,3,4,10,11,4,5,6,8,2,9,8,7
174,1754600030807477000,8,3,3,5,5,11,4,5,5,3,3,0,5,8,8,2,2,11,1,6,6,7,7,9,3,10,10,4,4,1,6,2,2,8,8,1
175,1754859230807477000,8,7,3,5,5,11,4,8,5,3,3,0,5,10,8,2,2,11,1,5,6,7,7,9,3,6,10,4,4,1,6,3,2,8,8,1
176,1754945630807477000,8,11,3,5,5,11,4,0,5,3,3,0,5,11,8,2,2,11,1,9,6,7,7,9,3,1,10,4,4,1,6,1,2,8,8,1
177,1755032030807477000,8,10,3,5,5,11,4,4,5,3,3,0,5,7,8,2,2,11,1,2,6,7,7,9,3,3,10,4,4,1,6,6,2,8,8,1
178,1755118430807477000,8,4,3,5,5,11,4,10,5,3,3,0,5,6,8,2,2,11,1,8,6,7,7,9,3,5,10,4,4,1,6,7,2,8,8,1
179,1755204830807477000,8,0,3,5,5,11,4,11,5,3,3,0,5,1,8,2,2,11,1,0,6,7,7,9,3,9,10,4,4,1,6,11,2,8,8,1
180,1755464030807477000,8,9,3,5,5,11,4,1,5,3,3,0,5,9,8,2,2,11,1,11,6,7,7,9,3,0,10,4,4,1,6,0,2,8,8,1
181,1755550430807477000,8,5,3,5,5,11,4,3,5,3,3,0,5,2,8,2,2,11,1,7,6,7,7,9,3,4,10,4,4,1,6,8,2,8,8,1
182,1755636830807477000,8,3,3,5,5,11,4,5,5,3,3,0,5,8,8,2,2,11,1,6,6,7,7,9,3,10,10,4,4,1,6,2,2,8,8,1
183,1755723230807477000,8,1,3,5,5,11,4,9,5,3,3,0,5,0,8,2,2,11,1,1,6,7,7,9,3,11,10,4,4,1,6,9,2,8,8,1
184,1755809630807477000,8,6,3,5,5,11,4,2,5,3,3,0,5,4,8,2,2,11,1,3,6,7,7,9,3,7,10,4,4,1,6,5,2,8,8,1
185,1756068830807477000,8,10,3,6,5,0,4,4,5,2,3,11,5,7,8,4,2,1,1,2,6,3,7,0,3,3,10,7,4,9,6,6,2,5,8,11
186,1756155230807477000,8,4,3,6,5,0,4,10,5,2,3,11,5,6,8,4,2,1,1,8,6,3,7,0,3,5,10,7,4,9,6,7,2,5,8,11
187,1756241630807477000,8,0,3,6,5,0,4,11,5,2,3,11,5,1,8,4,2,1,1,0,6,3,7,0,3,9,10,7,4,9,6,11,2,5,8,11
188,1756328030807477000,8,8,3,6,5,0,4,7,5,2,3,11,5,3,8,4,2,1,1,4,6,3,7,0,3,2,10,7,4,9,6,10,2,5,8,11
189,1756414430807477000,8,2,3,6,5,0,4,6,5,2,3,11,5,5,8,4,2,1,1,10,6,3,7,0,3,8,10,7,4,9,6,4,2,5,8,11
190,1756673630807477000,8,3,3,6,5,0,4,5,5,2,3,11,5,8,8,4,2,1,1,6,6,3,7,0,3,10,10,7,4,9,6,2,2,5,8,11
191,1756760030807477000,8,1,3,6,5,0,4,9,5,2,3,11,5,0,8,4,2,1,1,1,6,3,7,0,3,11,10,7,4,9,6,9,2,5,8,11
192,1756846430807477000,8,6,3,6,5,0,4,2,5,2,3,11,5,4,8,4,2,1,1,3,6,3,7,0,3,7,10,7,4,9,6,5,2,5,8,11
193,1756932830807477000,8,7,3,6,5,0,4,8,5,2,3,11,5,10,8,4,2,1,1,5,6,3,7,0,3,6,10,7,4,9,6,3,2,5,8,11
194,1757019230807477000,8,11,3,6,5,0,4,0,5,2,3,11,5,11,8,4,2,1,1,9,6,3,7,0,3,1,10,7,4,9,6,1,2,5,8,11
195,1757278430807477000,8,0,3,3,5,10,4,11,5,5,3,4,5,1,8,8,2,7,1,0,6,6,7,2,3,9,10,10,4,3,6,11,2,2,8,6
196,1757364830807477000,8,8,3,3,5,10,4,7,5,5,3,4,5,3,8,8,2,7,1,4,6,6,7,2,3,2,10,10,4,3,6,10,2,2,8,6
197,1757451230807477000,8,2,3,3,5,10,4,6,5,5,3,4,5,5,8,8,2,7,1,10,6,6,7,2,3,8,10,10,4,3,6,4,2,2,8,6
198,1757537630807477000,8,9,3,3,5,10,4,1,5,5,3,4,5,9,8,8,2,7,1,11,6,6,7,2,3,0,10,10,4,3,6,0,2,2,8,6
199,1757624030807477000,8,5,3,3,5,10,4,3,5,5,3,4,5,2,8,8,2,7,1,7,6,6,7,2,3,4,10,10,4,3,6,8,2,2,8,6
200,1757883230807477000,8,6,3,3,5,10,4,2,5,5,3,4,5,4,8,8,2,7,1,3,6,6,7,2,3,7,10,10,4,3,6,5,2,2,8,6
201,1757969630807477000,8,7,3,3,5,10,4,8,5,5,3,4,5,10,8,8,2,7,1,5,6,6,7,2,3,6,10,10,4,3,6,3,2,2,8,6
202,1758056030807477000,8,11,3,3,5,10,4,0,5,5,3,4,5,11,8,8,2,7,1,9,6,6,7,2,3,1,10,10,4,3,6,1,2,2,8,6
203,1758142430807477000,8,10,3,3,5,10,4,4,5,5,3,4,5,7,8,8,2,7,1,2,6,6,7,2,3,3,10,10,4,3,6,6,2,2,8,6
204,1758228830807477000,8,4,3,3,5,10,4,10,5,5,3,4,5,6,8,8,2,7,1,8,6,6,7,2,3,5,10,10,4,3,6,7,2,2,8,6
205,1758488030807477000,8,2,3,3,5,10,4,6,5,5,3,4,5,5,8,8,2,7,1,10,6,6,7,2,3,8,10,10,4,3,6,4,2,2,8,6
206,1758574430807477000,8,9,3,7,5,8,4,1,5,8,3,7,5,9,8,10,2,3,1,11,6,5,7,4,3,0,10,6,4,2,6,0,2,3,8,10
207,1758660830807477000,8,5,3,7,5,8,4,3,5,8,3,7,5,2,8,10,2,3,1,7,6,5,7,4,3,4,10,6,4,2,6,8,2,3,8,10
208,1758747230807477000,8,3,3,7,5,8,4,5,5,8,3,7,5,8,8,10,2,3,1,6,6,5,7,4,3,10,10,6,4,2,6,2,2,3,8,10
209,1758833630807477000,8,1,3,7,5,8,4,9,5,8,3,7,5,0,8,10,2,3,1,1,6,5,7,4,3,11,10,6,4,2,6,9,2,3,8,10
210,1759092830807477000,8,11,3,7,5,8,4,0,5,8,3,7,5,11,8,10,2,3,1,9,6,5,7,4,3,1,10,6,4,2,6,1,2,3,8,10
211,1759179230807477000,8,10,3,7,5,8,4,4,5,8,3,7,5,7,8,10,2,3,1,2,6,5,7,4,3,3,10,6,4,2,6,6,2,3,8,10
212,1759265630807477000,8,4,3,7,5,8,4,10,5,8,3,7,5,6,8,10,2,3,1,8,6,5,7,4,3,5,10,6,4,2,6,7,2,3,8,10
213,1759352030807477000,8,0,3,7,5,8,4,11,5,8,3,7,5,1,8,10,2,3,1,0,6,5,7,4,3,9,10,6,4,2,6,11,2,3,8,10
214,1759438430807477000,8,8,3,7,5,8,4,7,5,8,3,7,5,3,8,10,2,3,1,4,6,5,7,4,3,2,10,6,4,2,6,10,2,3,8,10
215,1759697630807477000,8,5,3,7,5,8,4,3,5,8,3,7,5,2,8,10,2,3,1,7,6,5,7,4,3,4,10,6,4,2,6,8,2,3,8,10
216,1759784030807477000,8,3,3,7,5,8,4,5,5,8,3,7,5,8,8,10,2,3,1,6,6,5,7,4,3,10,10,6,4,2,6,2,2,3,8,10
217,1759870430807477000,8,1,3,7,5,8,4,9,5,8,3,7,5,0,8,10,2,3,1,1,6,5,7,4,3,11,10,6,4,2,6,9,2,3,8,10
218,1759956830807477000,8,6,3,1,5,4,4,2,5,9,3,10,5,4,8,0,2,6,1,3,6,1,7,8,3,7,10,11,4,5,6,5,2,9,8,7
219,1760043230807477000,8,7,3,1,5,4,4,8,5,9,3,10,5,10,8,0,2,6,1,5,6,1,7,8,3,6,10,11,4,5,6,3,2,9,8,7
220,1760302430807477000,8,4,3,1,5,4,4,10,5,9,3,10,5,6,8,0,2,6,1,8,6,1,7,8,3,5,10,11,4,5,6,7,2,9,8,7
221,1760388830807477000,8,0,3,1,5,4,4,11,5,9,3,10,5,1,8,0,2,6,1,0,6,1,7,8,3,9,10,11,4,5,6,11,2,9,8,7
222,1760475230807477000,8,8,3,1,5,4,4,7,5,9,3,10,5,3,8,0,2,6,1,4,6,1,7,8,3,2,10,11,4,5,6,10,2,9,8,7
223,1760561630807477000,8,2,3,1,5,4,4,6,5,9,3,10,5,5,8,0,2,6,1,10,6,1,7,8,3,8,10,11,4,5,6,4,2,9,8,7
224,1760648030807477000,8,9,3,1,5,4,4,1,5,9,3,10,5,9,8,0,2,6,1,11,6,1,7,8,3,0,10,11,4,5,6,0,2,9,8,7
225,1760907230807477000,8,1,3,1,5,4,4,9,5,9,3,10,5,0,8,0,2,6,1,1,6,1,7,8,3,11,10,11,4,5,6,9,2,9,8,7
226,1760993630807477000,8,6,3,1,5,4,4,2,5,9,3,10,5,4,8,0,2,6,1,3,6,1,7,8,3,7,10,11,4,5,6,5,2,9,8,7
227,1761080030807477000,8,7,3,1,5,4,4,8,5,9,3,10,5,10,8,0,2,6,1,5,6,1,7,8,3,6,10,11,4,5,6,3,2,9,8,7
228,1761166430807477000,8,11,3,1,5,4,4,0,5,9,3,10,5,11,8,0,2,6,1,9,6,1,7,8,3,1,10,11,4,5,6,1,2,9,8,7
229,1761252830807477000,8,10,3,11,5,2,4,4,5,0,3,6,5,7,8,11,2,5,1,2,6,9,7,10,3,3,10,1,4,8,6,6,2,1,8,4
230,1761512030807477000,8,8,3,11,5,2,4,7,5,0,3,6,5,3,8,11,2,5,1,4,6,9,7,10,3,2,10,1,4,8,6,10,2,1,8,4
231,1761598430807477000,8,2,3,11,5,2,4,6,5,0,3,6,5,5,8,11,2,5,1,10,6,9,7,10,3,8,10,1,4,8,6,4,2,1,8,4
232,1761684830807477000,8,9,3,11,5,2,4,1,5,0,3,6,5,9,8,11,2,5,1,11,6,9,7,10,3,0,10,1,4,8,6,0,2,1,8,4
233,1761771230807477000,8,5,3,11,5,2,4,3,5,0,3,6,5,2,8,11,2,5,1,7,6,9,7,10,3,4,10,1,4,8,6,8,2,1,8,4
234,1761857630807477000,8,3,3,11,5,2,4,5,5,0,3,6,5,8,8,11,2,5,1,6,6,9,7,10,3,10,10,1,4,8,6,2,2,1,8,4
235,1762116830807477000,8,7,3,11,5,2,4,8,5,0,3,6,5,10,8,11,2,5,1,5,6,9,7,10,3,6,10,1,4,8,6,3,2,1,8,4
236,1762203230807477000,8,11,3,11,5,2,4,0,5,0,3,6,5,11,8,11,2,5,1,9,6,9,7,10,3,1,10,1,4,8,6,1,2,1,8,4
237,1762289630807477000,8,10,3,11,5,2,4,4,5,0,3,6,5,7,8,11,2,5,1,2,6,9,7,10,3,3,10,1,4,8,6,6,2,1,8,4
238,1762376030807477000,8,4,3,11,5,2,4,10,5,0,3,6,5,6,8,11,2,5,1,8,6,9,7,10,3,5,10,1,4,8,6,7,2,1,8,4
239,1762462430807477000,8,0,3,11,5,2,4,11,5,0,3,6,5,1,8,11,2,5,1,0,6,9,7,10,3,9,10,1,4,8,6,11,2,1,8,4
240,1762721630807477000,8,9,3,6,5,0,4,1,5,2,3,11,5,9,8,4,2,1,1,11,6,3,7,0,3,0,10,7,4,9,6,0,2,5,8,11
241,1762808030807477000,8,5,3,6,5,0,4,3,5,2,3,11,5,2,8,4,2,1,1,7,6,3,7,0,3,4,10,7,4,9,6,8,2,5,8,11
242,1762894430807477000,8,3,3,6,5,0,4,5,5,2,3,11,5,8,8,4,2,1,1,6,6,3,7,0,3,10,10,7,4,9,6,2,2,5,8,11
243,1762980830807477000,8,1,3,6,5,0,4,9,5,2,3,11,5,0,8,4,2,1,1,1,6,3,7,0,3,11,10,7,4,9,6,9,2,5,8,11
244,1763067230807477000,8,6,3,6,5,0,4,2,5,2,3,11,5,4,8,4,2,1,1,3,6,3,7,0,3,7,10,7,4,9,6,5,2,5,8,11
245,1763326430807477000,8,10,3,6,5,0,4,4,5,2,3,11,5,7,8,4,2,1,1,2,6,3,7,0,3,3,10,7,4,9,6,6,2,5,8,11
246,1763412830807477000,8,4,3,6,5,0,4,10,5,2,3,11,5,6,8,4,2,1,1,8,6,3,7,0,3,5,10,7,4,9,6,7,2,5,8,11
247,1763499230807477000,8,0,3,6,5,0,4,11,5,2,3,11,5,1,8,4,2,1,1,0,6,3,7,0,3,9,10,7,4,9,6,11,2,5,8,11
248,1763585630807477000,8,8,3,6,5,0,4,7,5,2,3,11,5,3,8,4,2,1,1,4,6,3,7,0,3,2,10,7,4,9,6,10,2,5,8,11
249,1763672030807477000,8,2,3,6,5,0,4,6,5,2,3,11,5,5,8,4,2,1,1,10,6,3,7,0,3,8,10,7,4,9,6,4,2,5,8,11
250,1763931230807477000,8,3,3,10,5,9,4,5,5,4,3,1,5,8,8,7,2,9,1,6,6,2,7,11,3,10,10,3,4,0,6,2,2,6,8,0
251,1764017630807477000,8,1,3,10,5,9,4,9,5,4,3,1,5,0,8,7,2,9,1,1,6,2,7,11,3,11,10,3,4,0,6,9,2,6,8,0
252,1764104030807477000,8,6,3,10,5,9,4,2,5,4,3,1,5,4,8,7,2,9,1,3,6,2,7,11,3,7,10,3,4,0,6,5,2,6,8,0
253,1764190430807477000,8,7,3,10,5,9,4,8,5,4,3,1,5,10,8,7,2,9,1,5,6,2,7,11,3,6,10,3,4,0,6,3,2,6,8,0
254,1764276830807477000,8,11,3,10,5,9,4,0,5,4,3,1,5,11,8,7,2,9,1,9,6,2,7,11,3,1,10,3,4,0,6,1,2,6,8,0
255,1764536030807477000,8,0,3,10,5,9,4,11,5,4,3,1,5,1,8,7,2,9,1,0,6,2,7,11,3,9,10,3,4,0,6,11,2,6,8,0
256,1764622430807477000,8,8,3,10,5,9,4,7,5,4,3,1,5,3,8,7,2,9,1,4,6,2,7,11,3,2,10,3,4,0,6,10,2,6,8,0
257,1764708830807477000,8,2,3,10,5,9,4,6,5,4,3,1,5,5,8,7,2,9,1,10,6,2,7,11,3,8,10,3,4,0,6,4,2,6,8,0
258,1764795230807477000,8,9,3,10,5,9,4,1,5,4,3,1,5,9,8,7,2,9,1,11,6,2,7,11,3,0,10,3,4,0,6,0,2,6,8,0
259,1764881630807477000,8,5,3,10,5,9,4,3,5,4,3,1,5,2,8,7,2,9,1,7,6,2,7,11,3,4,10,3,4,0,6,8,2,6,8,0
260,1765140830807477000,8,6,3,7,5,8,4,2,5,8,3,7,5,4,8,10,2,3,1,3,6,5,7,4,3,7,10,6,4,2,6,5,2,3,8,10
261,1765227230807477000,8,7,3,7,5,8,4,8,5,8,3,7,5,10,8,10,2,3,1,5,6,5,7,4,3,6,10,6,4,2,6,3,2,3,8,10
262,1765313630807477000,8,11,3,7,5,8,4,0,5,8,3,7,5,11,8,10,2,3,1,9,6,5,7,4,3,1,10,6,4,2,6,1,2,3,8,10
263,1765400030807477000,8,10,3,7,5,8,4,4,5,8,3,7,5,7,8,10,2,3,1,2,6,5,7,4,3,3,10,6,4,2,6,6,2,3,8,10
264,1765486430807477000,8,4,3,7,5,8,4,10,5,8,3,7,5,6,8,10,2,3,1,8,6,5,7,4,3,5,10,6,4,2,6,7,2,3,8,10
265,1765745630807477000,8,2,3,7,5,8,4,6,5,8,3,7,5,5,8,10,2,3,1,10,6,5,7,4,3,8,10,6,4,2,6,4,2,3,8,10
266,1765832030807477000,8,9,3,7,5,8,4,1,5,8,3,7,5,9,8,10,2,3,1,11,6,5,7,4,3,0,10,6,4,2,6,0,2,3,8,10
267,1765918430807477000,8,5,3,7,5,8,4,3,5,8,3,7,5,2,8,10,2,3,1,7,6,5,7,4,3,4,10,6,4,2,6,8,2,3,8,10
268,1766004830807477000,8,3,3,7,5,8,4,5,5,8,3,7,5,8,8,10,2,3,1,6,6,5,7,4,3,10,10,6,4,2,6,2,2,3,8,10
269,1766091230807477000,8,1,3,7,5,8,4,9,5,8,3,7,5,0,8,10,2,3,1,1,6,5,7,4,3,11,10,6,4,2,6,9,2,3,8,10
270,1766350430807477000,8,11,3,4,5,5,4,0,5,10,3,3,5,11,8,6,2,2,1,9,6,8,7,7,3,1,10,5,4,4,6,1,2,7,8,8
271,1766436830807477000,8,10,3,4,5,5,4,4,5,10,3,3,5,7,8,6,2,2,1,2,6,8,7,7,3,3,10,5,4,4,6,6,2,7,8,8
272,1766523230807477000,8,4,3,4,5,5,4,10,5,10,3,3,5,6,8,6,2,2,1,8,6,8,7,7,3,5,10,5,4,4,6,7,2,7,8,8
273,1766609630807477000,8,0,3,4,5,5,4,11,5,10,3,3,5,1,8,6,2,2,1,0,6,8,7,7,3,9,10,5,4,4,6,11,2,7,8,8
274,1766696030807477000,8,8,3,4,5,5,4,7,5,10,3,3,5,3,8,6,2,2,1,4,6,8,7,7,3,2,10,5,4,4,6,10,2,7,8,8
275,1766955230807477000,8,5,3,4,5,5,4,3,5,10,3,3,5,2,8,6,2,2,1,7,6,8,7,7,3,4,10,5,4,4,6,8,2,7,8,8
276,1767041630807477000,8,3,3,4,5,5,4,5,5,10,3,3,5,8,8,6,2,2,1,6,6,8,7,7,3,10,10,5,4,4,6,2,2,7,8,8
277,1767128030807477000,8,1,3,4,5,5,4,9,5,10,3,3,5,0,8,6,2,2,1,1,6,8,7,7,3,11,10,5,4,4,6,9,2,7,8,8
278,1767214430807477000,8,6,3,4,5,5,4,2,5,10,3,3,5,4,8,6,2,2,1,3,6,8,7,7,3,7,10,5,4,4,6,5,2,7,8,8
279,1767300830807477000,8,7,3,4,5,5,4,8,5,10,3,3,5,10,8,6,2,2,1,5,6,8,7,7,3,6,10,5,4,4,6,3,2,7,8,8
280,1767560030807477000,8,4,3,4,5,5,4,10,5,10,3,3,5,6,8,6,2,2,1,8,6,8,7,7,3,5,10,5,4,4,6,7,2,7,8,8
281,1767646430807477000,8,0,3,11,5,2,4,11,5,0,3,6,5,1,8,11,2,5,1,0,6,9,7,10,3,9,10,1,4,8,6,11,2,1,8,4
282,1767732830807477000,8,8,3,11,5,2,4,7,5,0,3,6,5,3,8,11,2,5,1,4,6,9,7,10,3,2,10,1,4,8,6,10,2,1,8,4
283,1767819230807477000,8,2,3,11,5,2,4,6,5,0,3,6,5,5,8,11,2,5,1,10,6,9,7,10,3,8,10,1,4,8,6,4,2,1,8,4
284,1767905630807477000,8,9,3,11,5,2,4,1,5,0,3,6,5,9,8,11,2,5,1,11,6,9,7,10,3,0,10,1,4,8,6,0,2,1,8,4
285,1768164830807477000,8,1,3,11,5,2,4,9,5,0,3,6,5,0,8,11,2,5,1,1,6,9,7,10,3,11,10,1,4,8,6,9,2,1,8,4
286,1768251230807477000,8,6,3,11,5,2,4,2,5,0,3,6,5,4,8,11,2,5,1,3,6,9,7,10,3,7,10,1,4,8,6,5,2,1,8,4
287,1768337630807477000,8,7,3,11,5,2,4,8,5,0,3,6,5,10,8,11,2,5,1,5,6,9,7,10,3,6,10,1,4,8,6,3,2,1,8,4
288,1768424030807477000,8,11,3,11,5,2,4,0,5,0,3,6,5,11,8,11,2,5,1,9,6,9,7,10,3,1,10,1,4,8,6,1,2,1,8,4
289,1768510430807477000,8,10,3,11,5,2,4,4,5,0,3,6,5,7,8,11,2,5,1,2,6,9,7,10,3,3,10,1,4,8,6,6,2,1,8,4
290,1768769630807477000,8,8,3,11,5,2,4,7,5,0,3,6,5,3,8,11,2,5,1,4,6,9,7,10,3,2,10,1,4,8,6,10,2,1,8,4
291,1768856030807477000,8,2,3,11,5,2,4,6,5,0,3,6,5,5,8,11,2,5,1,10,6,9,7,10,3,8,10,1,4,8,6,4,2,1,8,4
292,1768942430807477000,8,9,9,0,8,6,4,1,1,11,7,2,5,9,9,1,3,4,1,11,11,0,4,3,3,0,0,9,2,7,6,0,0,11,10,5
293,1769028830807477000,8,5,9,0,8,6,4,3,1,11,7,2,5,2,9,1,3,4,1,7,11,0,4,3,3,4,0,9,2,7,6,8,0,11,10,5
294,1769115230807477000,8,3,9,0,8,6,4,5,1,11,7,2,5,8,9,1,3,4,1,6,11,0,4,3,3,10,0,9,2,7,6,2,0,11,10,5
295,1769374430807477000,8,7,9,0,8,6,4,8,1,11,7,2,5,10,9,1,3,4,1,5,11,0,4,3,3,6,0,9,2,7,6,3,0,11,10,5
296,1769460830807477000,8,11,9,0,8,6,4,0,1,11,7,2,5,11,9,1,3,4,1,9,11,0,4,3,3,1,0,9,2,7,6,1,0,11,10,5
297,1769547230807477000,8,10,9,0,8,6,4,4,1,11,7,2,5,7,9,1,3,4,1,2,11,0,4,3,3,3,0,9,2,7,6,6,0,11,10,5
298,1769633630807477000,8,4,9,0,8,6,4,10,1,11,7,2,5,6,9,1,3,4,1,8,11,0,4,3,3,5,0,9,2,7,6,7,0,11,10,5
299,1769720030807477000,8,0,9,0,8,6,4,11,1,11,7,2,5,1,9,1,3,4,1,0,11,0,4,3,3,9,0,9,2,7,6,11,0,11,10,5
300,1769979230807477000,8,9,9,0,8,6,4,1,1,11,7,2,5,9,9,1,3,4,1,11,11,0,4,3,3,0,0,9,2,7,6,0,0,11,10,5
301,1770065630807477000,8,5,9,0,8,6,4,3,1,11,7,2,5,2,9,1,3,4,1,7,11,0,4,3,3,4,0,9,2,7,6,8,0,11,10,5
302,1770152030807477000,8,3,9,10,8,3,4,5,1,4,7,5,5,8,9,7,3,8,1,6,11,2,4,6,3,10,0,3,2,10,6,2,0,6,10,2
303,1770238430807477000,8,1,9,10,8,3,4,9,1,4,7,5,5,0,9,7,3,8,1,1,11,2,4,6,3,11,0,3,2,10,6,9,0,6,10,2
304,1770324830807477000,8,6,9,10,8,3,4,2,1,4,7,5,5,4,9,7,3,8,1,3,11,2,4,6,3,7,0,3,2,10,6,5,0,6,10,2
305,1770584030807477000,8,10,9,10,8,3,4,4,1,4,7,5,5,7,9,7,3,8,1,2,11,2,4,6,3,3,0,3,2,10,6,6,0,6,10,2
306,1770670430807477000,8,4,9,10,8,3,4,10,1,4,7,5,5,6,9,7,3,8,1,8,11,2,4,6,3,5,0,3,2,10,6,7,0,6,10,2
307,1770756830807477000,8,0,9,10,8,3,4,11,1,4,7,5,5,1,9,7,3,8,1,0,11,2,4,6,3,9,0,3,2,10,6,11,0,6,10,2
308,1770843230807477000,8,8,9,10,8,3,4,7,1,4,7,5,5,3,9,7,3,8,1,4,11,2,4,6,3,2,0,3,2,10,6,10,0,6,10,2
309,1770929630807477000,8,2,9,10,8,3,4,6,1,4,7,5,5,5,9,7,3,8,1,10,11,2,4,6,3,8,0,3,2,10,6,4,0,6,10,2
310,1771188830807477000,8,3,9,10,8,3,4,5,1,4,7,5,5,8,9,7,3,8,1,6,11,2,4,6,3,10,0,3,2,10,6,2,0,6,10,2
311,1771275230807477000,8,1,3,10,2,9,4,9,5,4,6,1,5,0,8,7,5,9,1,1,6,2,10,11,3,11,10,3,8,0,6,9,2,6,4,0
312,1771361630807477000,8,6,3,10,2,9,4,2,5,4,6,1,5,4,8,7,5,9,1,3,6,2,10,11,3,7,10,3,8,0,6,5,2,6,4,0
313,1771448030807477000,8,7,3,8,2,1,4,8,5,7,6,9,5,10,8,3,5,0,1,5,6,4,10,1,3,6,10,2,8,11,6,3,2,10,4,9
314,1771534430807477000,8,11,3,8,2,1,4,0,5,7,6,9,5,11,8,3,5,0,1,9,6,4,10,1,3,1,10,2,8,11,6,1,2,10,4,9
315,1771793630807477000,8,0,3,8,2,1,4,11,5,7,6,9,5,1,8,3,5,0,1,0,6,4,10,1,3,9,10,2,8,11,6,11,2,10,4,9
316,1771880030807477000,8,8,3,8,2,1,4,7,5,7,6,9,5,3,8,3,5,0,1,4,6,4,10,1,3,2,10,2,8,11,6,10,2,10,4,9
317,1771966430807477000,8,2,3,8,2,1,4,6,5,7,6,9,5,5,8,3,5,0,1,10,6,4,10,1,3,8,10,2,8,11,6,4,2,10,4,9
318,1772052830807477000,8,9,3,8,2,1,4,1,5,7,6,9,5,9,8,3,5,0,1,11,6,4,10,1,3,0,10,2,8,11,6,0,2,10,4,9
319,1772139230807477000,8,5,3,8,2,1,4,3,5,7,6,9,5,2,8,3,5,0,1,7,6,4,10,1,3,4,10,2,8,11,6,8,2,10,4,9
320,1772398430807477000,8,6,3,8,2,1,4,2,5,7,6,9,5,4,8,3,5,0,1,3,6,4,10,1,3,7,10,2,8,11,6,5,2,10,4,9
321,1772484830807477000,8,7,3,8,2,1,4,8,5,7,6,9,5,10,8,3,5,0,1,5,6,4,10,1,3,6,10,2,8,11,6,3,2,10,4,9
322,1772571230807477000,8,11,3,8,2,1,4,0,5,7,6,9,5,11,8,3,5,0,1,9,6,4,10,1,3,1,10,2,8,11,6,1,2,10,4,9
323,1772657630807477000,8,10,3,8,2,1,4,4,5,7,6,9,5,7,8,3,5,0,1,2,6,4,10,1,3,3,10,2,8,11,6,6,2,10,4,9
324,1772744030807477000,8,4,3,4,2,5,4,10,5,10,6,3,5,6,8,6,5,2,1,8,6,8,10,7,3,5,10,5,8,4,6,7,2,7,4,8
325,1773003230807477000,8,2,3,4,2,5,4,6,5,10,6,3,5,5,8,6,5,2,1,10,6,8,10,7,3,8,10,5,8,4,6,4,2,7,4,8
326,1773089630807477000,8,9,3,4,2,5,4,1,5,10,6,3,5,9,8,6,5,2,1,11,6,8,10,7,3,0,10,5,8,4,6,0,2,7,4,8
327,1773176030807477000,8,5,3,4,2,5,4,3,5,10,6,3,5,2,8,6,5,2,1,7,6,8,10,7,3,4,10,5,8,4,6,8,2,7,4,8
328,1773262430807477000,8,3,3,4,2,5,4,5,5,10,6,3,5,8,8,6,5,2,1,6,6,8,10,7,3,10,10,5,8,4,6,2,2,7,4,8
329,1773348830807477000,8,1,3,4,2,5,4,9,5,10,6,3,5,0,8,6,5,2,1,1,6,8,10,7,3,11,10,5,8,4,6,9,2,7,4,8
330,1773608030807477000,8,11,3,4,2,5,4,0,5,10,6,3,5,11,8,6,5,2,1,9,6,8,10,7,3,1,10,5,8,4,6,1,2,7,4,8
331,1773694430807477000,8,10,3,4,2,5,4,4,5,10,6,3,5,7,8,6,5,2,1,2,6,8,10,7,3,3,10,5,8,4,6,6,2,7,4,8
332,1773780830807477000,8,4,3,4,2,5,4,10,5,10,6,3,5,6,8,6,5,2,1,8,6,8,10,7,3,5,10,5,8,4,6,7,2,7,4,8
333,1773867230807477000,8,0,3,4,2,5,4,11,5,10,6,3,5,1,8,6,5,2,1,0,6,8,10,7,3,9,10,5,8,4,6,11,2,7,4,8
334,1773953630807477000,8,8,3,4,2,5,4,7,5,10,6,3,5,3,8,6,5,2,1,4,6,8,10,7,3,2,10,5,8,4,6,10,2,7,4,8
335,1774212830807477000,8,5,3,2,2,6,4,3,5,6,6,2,5,2,8,5,5,4,1,7,6,10,10,3,3,4,10,8,8,7,6,8,2,4,4,5
336,1774299230807477000,8,3,3,2,2,6,4,5,5,6,6,2,5,8,8,5,5,4,1,6,6,10,10,3,3,10,10,8,8,7,6,2,2,4,4,5
337,1774385630807477000,8,1,3,2,2,6,4,9,5,6,6,2,5,0,8,5,5,4,1,1,6,10,10,3,3,11,10,8,8,7,6,9,2,4,4,5
338,1774472030807477000,8,6,3,2,2,6,4,2,5,6,6,2,5,4,8,5,5,4,1,3,6,10,10,3,3,7,10,8,8,7,6,5,2,4,4,5
339,1774558430807477000,8,7,3,2,2,6,4,8,5,6,6,2,5,10,8,5,5,4,1,5,6,10,10,3,3,6,10,8,8,7,6,3,2,4,4,5
340,1774817630807477000,8,4,3,2,2,6,4,10,5,6,6,2,5,6,8,5,5,4,1,8,6,10,10,3,3,5,10,8,8,7,6,7,2,4,4,5
341,1774904030807477000,8,0,3,2,2,6,4,11,5,6,6,2,5,1,8,5,5,4,1,0,6,10,10,3,3,9,10,8,8,7,6,11,2,4,4,5
342,1774990430807477000,8,8,3,2,2,6,4,7,5,6,6,2,5,3,8,5,5,4,1,4,6,10,10,3,3,2,10,8,8,7,6,10,2,4,4,5
343,1775076830807477000,8,2,3,2,2,6,4,6,5,6,6,2,5,5,8,5,5,4,1,10,6,10,10,3,3,8,10,8,8,7,6,4,2,4,4,5
344,1775163230807477000,8,9,3,2,2,6,4,1,5,6,6,2,5,9,8,5,5,4,1,11,6,10,10,3,3,0,10,8,8,7,6,0,2,4,4,5
345,1775422430807477000,8,1,3,0,2,3,4,9,5,11,6,5,5,0,8,1,5,8,1,1,6,0,10,6,3,11,10,9,8,10,6,9,2,11,4,2
346,1775508830807477000,8,6,3,0,2,3,4,2,5,11,6,5,5,4,8,1,5,8,1,3,6,0,10,6,3,7,10,9,8,10,6,5,2,11,4,2
347,1775595230807477000,8,7,3,0,2,3,4,8,5,11,6,5,5,10,8,1,5,8,1,5,6,0,10,6,3,6,10,9,8,10,6,3,2,11,4,2
348,1775681630807477000,8,11,3,0,2,3,4,0,5,11,6,5,5,11,8,1,5,8,1,9,6,0,10,6,3,1,10,9,8,10,6,1,2,11,4,2
349,1775768030807477000,8,10,3,0,2,3,4,4,5,11,6,5,5,7,8,1,5,8,1,2,6,0,10,6,3,3,10,9,8,10,6,6,2,11,4,2
350,1776027230807477000,8,8,3,0,2,3,4,7,5,11,6,5,5,3,8,1,5,8,1,4,6,0,10,6,3,2,10,9,8,10,6,10,2,11,4,2
351,1776113630807477000,8,2,3,0,2,3,4,6,5,11,6,5,5,5,8,1,5,8,1,10,6,0,10,6,3,8,10,9,8,10,6,4,2,11,4,2
352,1776200030807477000,8,9,3,0,2,3,4,1,5,11,6,5,5,9,8,1,5,8,1,11,6,0,10,6,3,0,10,9,8,10,6,0,2,11,4,2
353,1776286430807477000,8,5,3,0,2,3,4,3,5,11,6,5,5,2,8,1,5,8,1,7,6,0,10,6,3,4,10,9,8,10,6,8,2,11,4,2
354,1776372830807477000,8,3,3,0,2,3,4,5,5,11,6,5,5,8,8,1,5,8,1,6,6,0,10,6,3,10,10,9,8,10,6,2,2,11,4,2
355,1776632030807477000,8,7,3,0,2,3,4,8,5,11,6,5,5,10,8,1,5,8,1,5,6,0,10,6,3,6,10,9,8,10,6,3,2,11,4,2
356,1776718430807477000,8,11,3,9,2,7,4,0,5,1,6,8,5,11,8,9,5,10,1,9,6,11,10,5,3,1,10,0,8,6,6,1,2,0,4,3
357,1776804830807477000,8,10,3,9,2,7,4,4,5,1,6,8,5,7,8,9,5,10,1,2,6,11,10,5,3,3,10,0,8,6,6,6,2,0,4,3
358,1776891230807477000,8,4,3,9,2,7,4,10,5,1,6,8,5,6,8,9,5,10,1,8,6,11,10,5,3,5,10,0,8,6,6,7,2,0,4,3
359,1776977630807477000,8,0,3,9,2,7,4,11,5,1,6,8,5,1,8,9,5,10,1,0,6,11,10,5,3,9,10,0,8,6,6,11,2,0,4,3
360,1777236830807477000,8,9,3,9,2,7,4,1,5,1,6,8,5,9,8,9,5,10,1,11,6,11,10,5,3,0,10,0,8,6,6,0,2,0,4,3
361,1777323230807477000,8,5,3,9,2,7,4,3,5,1,6,8,5,2,8,9,5,10,1,7,6,11,10,5,3,4,10,0,8,6,6,8,2,0,4,3
362,1777409630807477000,8,3,3,9,2,7,4,5,5,1,6,8,5,8,8,9,5,10,1,6,6,11,10,5,3,10,10,0,8,6,6,2,2,0,4,3
363,1777496030807477000,8,1,3,9,2,7,4,9,5,1,6,8,5,0,8,9,5,10,1,1,6,11,10,5,3,11,10,0,8,6,6,9,2,0,4,3
364,1777582430807477000,8,6,3,9,2,7,4,2,5,1,6,8,5,4,8,9,5,10,1,3,6,11,10,5,3,7,10,0,8,6,6,5,2,0,4,3
365,1777841630807477000,8,10,3,9,2,7,4,4,5,1,6,8,5,7,8,9,5,10,1,2,6,11,10,5,3,3,10,0,8,6,6,6,2,0,4,3
366,1777928030807477000,8,4,3,9,2,7,4,10,5,1,6,8,5,6,8,9,5,10,1,8,6,11,10,5,3,5,10,0,8,6,6,7,2,0,4,3
367,1778014430807477000,8,0,3,8,2,1,4,11,5,7,6,9,5,1,8,3,5,0,1,0,6,4,10,1,3,9,10,2,8,11,6,11,2,10,4,9
368,1778100830807477000,8,8,3,8,2,1,4,7,5,7,6,9,5,3,8,3,5,0,1,4,6,4,10,1,3,2,10,2,8,11,6,10,2,10,4,9
369,1778187230807477000,8,2,3,8,2,1,4,6,5,7,6,9,5,5,8,3,5,0,1,10,6,4,10,1,3,8,10,2,8,11,6,4,2,10,4,9
370,1778446430807477000,8,3,3,8,2,1,4,5,5,7,6,9,5,8,8,3,5,0,1,6,6,4,10,1,3,10,10,2,8,11,6,2,2,10,4,9
371,1778532830807477000,8,1,3,8,2,1,4,9,5,7,6,9,5,0,8,3,5,0,1,1,6,4,10,1,3,11,10,2,8,11,6,9,2,10,4,9
372,1778619230807477000,8,6,3,8,2,1,4,2,5,7,6,9,5,4,8,3,5,0,1,3,6,4,10,1,3,7,10,2,8,11,6,5,2,10,4,9
373,1778705630807477000,8,7,3,8,2,1,4,8,5,7,6,9,5,10,8,3,5,0,1,5,6,4,10,1,3,6,10,2,8,11,6,3,2,10,4,9
374,1778792030807477000,8,11,3,8,2,1,4,0,5,7,6,9,5,11,8,3,5,0,1,9,6,4,10,1,3,1,10,2,8,11,6,1,2,10,4,9
375,1779051230807477000,8,0,3,8,2,1,4,11,5,7,6,9,5,1,8,3,5,0,1,0,6,4,10,1,3,9,10,2,8,11,6,11,2,10,4,9
376,1779137630807477000,8,8,3,8,2,1,4,7,5,7,6,9,5,3,8,3,5,0,1,4,6,4,10,1,3,2,10,2,8,11,6,10,2,10,4,9
377,1779224030807477000,8,2,3,8,2,1,4,6,5,7,6,9,5,5,8,3,5,0,1,10,6,4,10,1,3,8,10,2,8,11,6,4,2,10,4,9
378,1779310430807477000,8,9,3,8,2,1,4,1,5,7,6,9,5,9,8,3,5,0,1,11,6,4,10,1,3,0,10,2,8,11,6,0,2,10,4,9
379,1779396830807477000,8,5,3,5,2,11,4,3,5,3,6,0,5,2,8,2,5,11,1,7,6,7,10,9,3,4,10,4,8,1,6,8,2,8,4,1
380,1779656030807477000,8,6,3,5,2,11,4,2,5,3,6,0,5,4,8,2,5,11,1,3,6,7,10,9,3,7,10,4,8,1,6,5,2,8,4,1
381,1779742430807477000,8,7,3,5,2,11,4,8,5,3,6,0,5,10,8,2,5,11,1,5,6,7,10,9,3,6,10,4,8,1,6,3,2,8,4,1
382,1779828830807477000,8,11,3,5,2,11,4,0,5,3,6,0,5,11,8,2,5,11,1,9,6,7,10,9,3,1,10,4,8,1,6,1,2,8,4,1
383,1779915230807477000,8,10,3,5,2,11,4,4,5,3,6,0,5,7,8,2,5,11,1,2,6,7,10,9,3,3,10,4,8,1,6,6,2,8,4,1
384,1780001630807477000,8,4,3,5,2,11,4,10,5,3,6,0,5,6,8,2,5,11,1,8,6,7,10,9,3,5,10,4,8,1,6,7,2,8,4,1
385,1780260830807477000,8,2,3,5,2,11,4,6,5,3,6,0,5,5,8,2,5,11,1,10,6,7,10,9,3,8,10,4,8,1,6,4,2,8,4,1
386,1780347230807477000,8,9,3,5,2,11,4,1,5,3,6,0,5,9,8,2,5,11,1,11,6,7,10,9,3,0,10,4,8,1,6,0,2,8,4,1
387,1780433630807477000,8,5,3,5,2,11,4,3,5,3,6,0,5,2,8,2,5,11,1,7,6,7,10,9,3,4,10,4,8,1,6,8,2,8,4,1
388,1780520030807477000,8,3,3,5,2,11,4,5,5,3,6,0,5,8,8,2,5,11,1,6,6,7,10,9,3,10,10,4,8,1,6,2,2,8,4,1
389,1780606430807477000,8,1,3,5,2,11,4,9,5,3,6,0,5,0,8,2,5,11,1,1,6,7,10,9,3,11,10,4,8,1,6,9,2,8,4,1
390,1780865630807477000,8,11,9,2,3,11,4,0,1,6,5,0,5,11,9,5,8,11,1,9,11,10,6,9,3,1,0,8,10,1,6,1,0,4,2,1
391,1780952030807477000,8,10,9,2,3,11,4,4,1,6,5,0,5,7,9,5,8,11,1,2,11,10,6,9,3,3,0,8,10,1,6,6,0,4,2,1
392,1781038430807477000,8,4,9,2,3,11,4,10,1,6,5,0,5,6,9,5,8,11,1,8,11,10,6,9,3,5,0,8,10,1,6,7,0,4,2,1
393,1781124830807477000,8,0,9,2,3,11,4,11,1,6,5,0,5,1,9,5,8,11,1,0,11,10,6,9,3,9,0,8,10,1,6,11,0,4,2,1
394,1781211230807477000,8,8,9,2,3,11,4,7,1,6,5,0,5,3,9,5,8,11,1,4,11,10,6,9,3,2,0,8,10,1,6,10,0,4,2,1
395,1781470430807477000,8,5,9,2,3,11,4,3,1,6,5,0,5,2,9,5,8,11,1,7,11,10,6,9,3,4,0,8,10,1,6,8,0,4,2,1
396,1781556830807477000,8,3,9,2,3,11,4,5,1,6,5,0,5,8,9,5,8,11,1,6,11,10,6,9,3,10,0,8,10,1,6,2,0,4,2,1
397,1781643230807477000,8,1,9,2,3,11,4,9,1,6,5,0,5,0,9,5,8,11,1,1,11,10,6,9,3,11,0,8,10,1,6,9,0,4,2,1
398,1781729630807477000,8,6,9,2,3,11,4,2,1,6,5,0,5,4,9,5,8,11,1,3,11,10,6,9,3,7,0,8,10,1,6,5,0,4,2,1
399,1781816030807477000,8,7,9,2,3,11,4,8,1,6,5,0,5,10,9,5,8,11,1,5,11,10,6,9,3,6,0,8,10,1,6,3,0,4,2,1
400,1782075230807477000,8,4,9,3,3,0,4,10,1,5,5,11,5,6,9,8,8,1,1,8,11,6,6,0,3,5,0,10,10,9,6,7,0,2,2,11
401,1782161630807477000,8,0,9,3,3,0,4,11,1,5,5,11,5,1,9,8,8,1,1,0,11,6,6,0,3,9,0,10,10,9,6,11,0,2,2,11
402,1782248030807477000,8,8,9,3,3,0,4,7,1,5,5,11,5,3,9,8,8,1,1,4,11,6,6,0,3,2,0,10,10,9,6,10,0,2,2,11
403,1782334430807477000,8,2,9,3,3,0,4,6,1,5,5,11,5,5,9,8,8,1,1,10,11,6,6,0,3,8,0,10,10,9,6,4,0,2,2,11
404,1782420830807477000,8,9,9,3,3,0,4,1,1,5,5,11,5,9,9,8,8,1,1,11,11,6,6,0,3,0,0,10,10,9,6,0,0,2,2,11
405,1782680030807477000,8,1,9,3,3,0,4,9,1,5,5,11,5,0,9,8,8,1,1,1,11,6,6,0,3,11,0,10,10,9,6,9,0,2,2,11
406,1782766430807477000,8,6,9,3,3,0,4,2,1,5,5,11,5,4,9,8,8,1,1,3,11,6,6,0,3,7,0,10,10,9,6,5,0,2,2,11
407,1782852830807477000,8,7,9,3,3,0,4,8,1,5,5,11,5,10,9,8,8,1,1,5,11,6,6,0,3,6,0,10,10,9,6,3,0,2,2,11
408,1782939230807477000,8,11,9,3,3,0,4,0,1,5,5,11,5,11,9,8,8,1,1,9,11,6,6,0,3,1,0,10,10,9,6,1,0,2,2,11
409,1783025630807477000,8,10,9,3,3,0,4,4,1,5,5,11,5,7,9,8,8,1,1,2,11,6,6,0,3,3,0,10,10,9,6,6,0,2,2,11
410,1783284830807477000,8,8,9,3,3,0,4,7,1,5,5,11,5,3,9,8,8,1,1,4,11,6,6,0,3,2,0,10,10,9,6,10,0,2,2,11
411,1783371230807477000,8,2,9,3,3,0,4,6,1,5,5,11,5,5,9,8,8,1,1,10,11,6,6,0,3,8,0,10,10,9,6,4,0,2,2,11
412,1783457630807477000,8,9,9,9,3,10,4,1,1,1,5,4,5,9,9,9,8,7,1,11,11,11,6,2,3,0,0,0,10,3,6,0,0,0,2,6
413,1783544030807477000,8,5,9,9,3,10,4,3,1,1,5,4,5,2,9,9,8,7,1,7,11,11,6,2,3,4,0,0,10,3,6,8,0,0,2,6
414,1783630430807477000,8,3,9,9,3,10,4,5,1,1,5,4,5,8,9,9,8,7,1,6,11,11,6,2,3,10,0,0,10,3,6,2,0,0,2,6
415,1783889630807477000,8,7,9,9,3,10,4,8,1,1,5,4,5,10,9,9,8,7,1,5,11,11,6,2,3,6,0,0,10,3,6,3,0,0,2,6
416,1783976030807477000,8,11,9,9,3,10,4,0,1,1,5,4,5,11,9,9,8,7,1,9,11,11,6,2,3,1,0,0,10,3,6,1,0,0,2,6
417,1784062430807477000,8,10,9,9,3,10,4,4,1,1,5,4,5,7,9,9,8,7,1,2,11,11,6,2,3,3,0,0,10,3,6,6,0,0,2,6
418,1784148830807477000,8,4,9,9,3,10,4,10,1,1,5,4,5,6,9,9,8,7,1,8,11,11,6,2,3,5,0,0,10,3,6,7,0,0,2,6
419,1784235230807477000,8,0,9,9,3,10,4,11,1,1,5,4,5,1,9,9,8,7,1,0,11,11,6,2,3,9,0,0,10,3,6,11,0,0,2,6
420,1784494430807477000,8,9,9,9,3,10,4,1,1,1,5,4,5,9,9,9,8,7,1,11,11,11,6,2,3,0,0,0,10,3,6,0,0,0,2,6
421,1784580830807477000,8,5,9,9,3,10,4,3,1,1,5,4,5,2,9,9,8,7,1,7,11,11,6,2,3,4,0,0,10,3,6,8,0,0,2,6
422,1784667230807477000,8,3,9,9,3,10,4,5,1,1,5,4,5,8,9,9,8,7,1,6,11,11,6,2,3,10,0,0,10,3,6,2,0,0,2,6
423,1784753630807477000,8,1,9,1,3,8,4,9,1,9,5,7,5,0,9,0,8,3,1,1,11,1,6,4,3,11,0,11,10,2,6,9,0,9,2,10
424,1784840030807477000,8,6,9,1,3,8,4,2,1,9,5,7,5,4,9,0,8,3,1,3,11,1,6,4,3,7,0,11,10,2,6,5,0,9,2,10
425,1785099230807477000,8,10,9,1,3,8,4,4,1,9,5,7,5,7,9,0,8,3,1,2,11,1,6,4,3,3,0,11,10,2,6,6,0,9,2,10
426,1785185630807477000,8,4,9,1,3,8,4,10,1,9,5,7,5,6,9,0,8,3,1,8,11,1,6,4,3,5,0,11,10,2,6,7,0,9,2,10
427,1785272030807477000,8,0,9,1,3,8,4,11,1,9,5,7,5,1,9,0,8,3,1,0,11,1,6,4,3,9,0,11,10,2,6,11,0,9,2,10
428,1785358430807477000,8,8,9,1,3,8,4,7,1,9,5,7,5,3,9,0,8,3,1,4,11,1,6,4,3,2,0,11,10,2,6,10,0,9,2,10
429,1785444830807477000,8,2,9,1,3,8,4,6,1,9,5,7,5,5,9,0,8,3,1,10,11,1,6,4,3,8,0,11,10,2,6,4,0,9,2,10
430,1785704030807477000,8,3,9,1,3,8,4,5,1,9,5,7,5,8,9,0,8,3,1,6,11,1,6,4,3,10,0,11,10,2,6,2,0,9,2,10
431,1785790430807477000,8,1,9,1,3,8,4,9,1,9,5,7,5,0,9,0,8,3,1,1,11,1,6,4,3,11,0,11,10,2,6,9,0,9,2,10
432,1785876830807477000,8,6,9,1,3,8,4,2,1,9,5,7,5,4,9,0,8,3,1,3,11,1,6,4,3,7,0,11,10,2,6,5,0,9,2,10
433,1785963230807477000,8,7,9,1,3,8,4,8,1,9,5,7,5,10,9,0,8,3,1,5,11,1,6,4,3,6,0,11,10,2,6,3,0,9,2,10
434,1786049630807477000,8,11,9,1,3,8,4,0,1,9,5,7,5,11,9,0,8,3,1,9,11,1,6,4,3,1,0,11,10,2,6,1,0,9,2,10
435,1786308830807477000,8,0,9,5,3,4,4,11,1,3,5,10,5,1,9,2,8,6,1,0,11,7,6,8,3,9,0,4,10,5,6,11,0,8,2,7
436,1786395230807477000,8,8,9,5,3,4,4,7,1,3,5,10,5,3,9,2,8,6,1,4,11,7,6,8,3,2,0,4,10,5,6,10,0,8,2,7
437,1786481630807477000,8,2,9,5,3,4,4,6,1,3,5,10,5,5,9,2,8,6,1,10,11,7,6,8,3,8,0,4,10,5,6,4,0,8,2,7
438,1786568030807477000,8,9,9,5,3,4,4,1,1,3,5,10,5,9,9,2,8,6,1,11,11,7,6,8,3,0,0,4,10,5,6,0,0,8,2,7
439,1786654430807477000,8,5,9,5,3,4,4,3,1,3,5,10,5,2,9,2,8,6,1,7,11,7,6,8,3,4,0,4,10,5,6,8,0,8,2,7
440,1786913630807477000,8,6,9,5,3,4,4,2,1,3,5,10,5,4,9,2,8,6,1,3,11,7,6,8,3,7,0,4,10,5,6,5,0,8,2,7
441,1787000030807477000,8,7,9,5,3,4,4,8,1,3,5,10,5,10,9,2,8,6,1,5,11,7,6,8,3,6,0,4,10,5,6,3,0,8,2,7
442,1787086430807477000,8,11,9,5,3,4,4,0,1,3,5,10,5,11,9,2,8,6,1,9,11,7,6,8,3,1,0,4,10,5,6,1,0,8,2,7
443,1787172830807477000,8,10,9,5,3,4,4,4,1,3,5,10,5,7,9,2,8,6,1,2,11,7,6,8,3,3,0,4,10,5,6,6,0,8,2,7
444,1787259230807477000,8,4,9,5,3,4,4,10,1,3,5,10,5,6,9,2,8,6,1,8,11,7,6,8,3,5,0,4,10,5,6,7,0,8,2,7
445,1787518430807477000,8,2,9,6,3,2,4,6,1,2,5,6,5,5,9,4,8,5,1,10,11,3,6,10,3,8,0,7,10,8,6,4,0,5,2,4
446,1787604830807477000,8,9,9,6,3,2,4,1,1,2,5,6,5,9,9,4,8,5,1,11,11,3,6,10,3,0,0,7,10,8,6,0,0,5,2,4
447,1787691230807477000,8,5,9,6,3,2,4,3,1,2,5,6,5,2,9,4,8,5,1,7,11,3,6,10,3,4,0,7,10,8,6,8,0,5,2,4
448,1787777630807477000,8,3,9,6,3,2,4,5,1,2,5,6,5,8,9,4,8,5,1,6,11,3,6,10,3,10,0,7,10,8,6,2,0,5,2,4
449,1787864030807477000,8,1,9,6,3,2,4,9,1,2,5,6,5,0,9,4,8,5,1,1,11,3,6,10,3,11,0,7,10,8,6,9,0,5,2,4
450,1788123230807477000,8,11,9,6,3,2,4,0,1,2,5,6,5,11,9,4,8,5,1,9,11,3,6,10,3,1,0,7,10,8,6,1,0,5,2,4
451,1788209630807477000,8,10,9,6,3,2,4,4,1,2,5,6,5,7,9,4,8,5,1,2,11,3,6,10,3,3,0,7,10,8,6,6,0,5,2,4
452,1788296030807477000,8,4,9,6,3,2,4,10,1,2,5,6,5,6,9,4,8,5,1,8,11,3,6,10,3,5,0,7,10,8,6,7,0,5,2,4
453,1788382430807477000,8,0,9,6,3,2,4,11,1,2,5,6,5,1,9,4,8,5,1,0,11,3,6,10,3,9,0,7,10,8,6,11,0,5,2,4
454,1788468830807477000,8,8,9,6,3,2,4,7,1,2,5,6,5,3,9,4,8,5,1,4,11,3,6,10,3,2,0,7,10,8,6,10,0,5,2,4
455,1788728030807477000,8,5,9,6,3,2,4,3,1,2,5,6,5,2,9,4,8,5,1,7,11,3,6,10,3,4,0,7,10,8,6,8,0,5,2,4
456,1788814430807477000,8,3,9,3,3,0,4,5,1,5,5,11,5,8,9,8,8,1,1,6,11,6,6,0,3,10,0,10,10,9,6,2,0,2,2,11
457,1788900830807477000,8,1,9,3,3,0,4,9,1,5,5,11,5,0,9,8,8,1,1,1,11,6,6,0,3,11,0,10,10,9,6,9,0,2,2,11
458,1788987230807477000,8,6,9,3,3,0,4,2,1,5,5,11,5,4,9,8,8,1,1,3,11,6,6,0,3,7,0,10,10,9,6,5,0,2,2,11
459,1789073630807477000,8,7,9,3,3,0,4,8,1,5,5,11,5,10,9,8,8,1,1,5,11,6,6,0,3,6,0,10,10,9,6,3,0,2,2,11
460,1789332830807477000,8,4,9,3,3,0,4,10,1,5,5,11,5,6,9,8,8,1,1,8,11,6,6,0,3,5,0,10,10,9,6,7,0,2,2,11
461,1789419230807477000,8,0,9,3,3,0,4,11,1,5,5,11,5,1,9,8,8,1,1,0,11,6,6,0,3,9,0,10,10,9,6,11,0,2,2,11
462,1789505630807477000,8,8,9,3,3,0,4,7,1,5,5,11,5,3,9,8,8,1,1,4,11,6,6,0,3,2,0,10,10,9,6,10,0,2,2,11
463,1789592030807477000,8,2,9,3,3,0,4,6,1,5,5,11,5,5,9,8,8,1,1,10,11,6,6,0,3,8,0,10,10,9,6,4,0,2,2,11
464,1789678430807477000,8,9,9,3,3,0,4,1,1,5,5,11,5,9,9,8,8,1,1,11,11,6,6,0,3,0,0,10,10,9,6,0,0,2,2,11
465,1789937630807477000,8,1,9,3,3,0,4,9,1,5,5,11,5,0,9,8,8,1,1,1,11,6,6,0,3,11,0,10,10,9,6,9,0,2,2,11
466,1790024030807477000,8,6,9,3,3,0,4,2,1,5,5,11,5,4,9,8,8,1,1,3,11,6,6,0,3,7,0,10,10,9,6,5,0,2,2,11
467,1790110430807477000,8,7,9,3,3,0,4,8,1,5,5,11,5,10,9,8,8,1,1,5,11,6,6,0,3,6,0,10,10,9,6,3,0,2,2,11
468,1790196830807477000,8,11,9,7,3,9,4,0,1,8,5,1,5,11,9,10,8,9,1,9,11,5,6,11,3,1,0,6,10,0,6,1,0,3,2,0
469,1790283230807477000,8,10,9,7,3,9,4,4,1,8,5,1,5,7,9,10,8,9,1,2,11,5,6,11,3,3,0,6,10,0,6,6,0,3,2,0
470,1790542430807477000,8,8,9,7,3,9,4,7,1,8,5,1,5,3,9,10,8,9,1,4,11,5,6,11,3,2,0,6,10,0,6,10,0,3,2,0
471,1790628830807477000,8,2,9,7,3,9,4,6,1,8,5,1,5,5,9,10,8,9,1,10,11,5,6,11,3,8,0,6,10,0,6,4,0,3,2,0
472,1790715230807477000,8,9,9,7,3,9,4,1,1,8,5,1,5,9,9,10,8,9,1,11,11,5,6,11,3,0,0,6,10,0,6,0,0,3,2,0
473,1790801630807477000,8,5,9,7,3,9,4,3,1,8,5,1,5,2,9,10,8,9,1,7,11,5,6,11,3,4,0,6,10,0,6,8,0,3,2,0
474,1790888030807477000,8,3,9,7,3,9,4,5,1,8,5,1,5,8,9,10,8,9,1,6,11,5,6,11,3,10,0,6,10,0,6,2,0,3,2,0
475,1791147230807477000,8,7,9,7,3,9,4,8,1,8,5,1,5,10,9,10,8,9,1,5,11,5,6,11,3,6,0,6,10,0,6,3,0,3,2,0
476,1791233630807477000,8,11,9,7,3,9,4,0,1,8,5,1,5,11,9,10,8,9,1,9,11,5,6,11,3,1,0,6,10,0,6,1,0,3,2,0
477,1791320030807477000,8,10,9,7,3,9,4,4,1,8,5,1,5,7,9,10,8,9,1,2,11,5,6,11,3,3,0,6,10,0,6,6,0,3,2,0
478,1791406430807477000,8,4,9,7,3,9,4,10,1,8,5,1,5,6,9,10,8,9,1,8,11,5,6,11,3,5,0,6,10,0,6,7,0,3,2,0
479,1791492830807477000,8,0,9,1,3,8,4,11,1,9,5,7,5,1,9,0,8,3,1,0,11,1,6,4,3,9,0,11,10,2,6,11,0,9,2,10
480,1791752030807477000,8,9,9,1,3,8,4,1,1,9,5,7,5,9,9,0,8,3,1,11,11,1,6,4,3,0,0,11,10,2,6,0,0,9,2,10
481,1791838430807477000,8,5,9,1,3,8,4,3,1,9,5,7,5,2,9,0,8,3,1,7,11,1,6,4,3,4,0,11,10,2,6,8,0,9,2,10
482,1791924830807477000,8,3,9,1,3,8,4,5,1,9,5,7,5,8,9,0,8,3,1,6,11,1,6,4,3,10,0,11,10,2,6,2,0,9,2,10
483,1792011230807477000,8,1,9,1,3,8,4,9,1,9,5,7,5,0,9,0,8,3,1,1,11,1,6,4,3,11,0,11,10,2,6,9,0,9,2,10
484,1792097630807477000,8,6,9,1,3,8,4,2,1,9,5,7,5,4,9,0,8,3,1,3,11,1,6,4,3,7,0,11,10,2,6,5,0,9,2,10
485,1792356830807477000,8,10,9,1,3,8,4,4,1,9,5,7,5,7,9,0,8,3,1,2,11,1,6,4,3,3,0,11,10,2,6,6,0,9,2,10
486,1792443230807477000,8,4,9,1,3,8,4,10,1,9,5,7,5,6,9,0,8,3,1,8,11,1,6,4,3,5,0,11,10,2,6,7,0,9,2,10
487,1792529630807477000,8,0,9,1,3,8,4,11,1,9,5,7,5,1,9,0,8,3,1,0,11,1,6,4,3,9,0,11,10,2,6,11,0,9,2,10
488,1792616030807477000,8,8,9,1,3,8,4,7,1,9,5,7,5,3,9,0,8,3,1,4,11,1,6,4,3,2,0,11,10,2,6,10,0,9,2,10
489,1792702430807477000,8,2,9,1,3,8,4,6,1,9,5,7,5,5,9,0,8,3,1,10,11,1,6,4,3,8,0,11,10,2,6,4,0,9,2,10
490,1792961630807477000,8,3,9,11,3,5,4,5,1,0,5,3,5,8,9,11,8,2,1,6,11,9,6,7,3,10,0,1,10,4,6,2,0,1,2,8
491,1793048030807477000,8,1,9,11,3,5,4,9,1,0,5,3,5,0,9,11,8,2,1,1,11,9,6,7,3,11,0,1,10,4,6,9,0,1,2,8
492,1793134430807477000,8,6,9,11,3,5,4,2,1,0,5,3,5,4,9,11,8,2,1,3,11,9,6,7,3,7,0,1,10,4,6,5,0,1,2,8
493,1793220830807477000,8,7,9,11,3,5,4,8,1,0,5,3,5,10,9,11,8,2,1,5,11,9,6,7,3,6,0,1,10,4,6,3,0,1,2,8
494,1793307230807477000,8,11,9,11,3,5,4,0,1,0,5,3,5,11,9,11,8,2,1,9,11,9,6,7,3,1,0,1,10,4,6,1,0,1,2,8
495,1793566430807477000,8,0,9,11,3,5,4,11,1,0,5,3,5,1,9,11,8,2,1,0,11,9,6,7,3,9,0,1,10,4,6,11,0,1,2,8
496,1793652830807477000,8,8,9,11,3,5,4,7,1,0,5,3,5,3,9,11,8,2,1,4,11,9,6,7,3,2,0,1,10,4,6,10,0,1,2,8
497,1793739230807477000,8,2,9,11,3,5,4,6,1,0,5,3,5,5,9,11,8,2,1,10,11,9,6,7,3,8,0,1,10,4,6,4,0,1,2,8
498,1793825630807477000,8,9,9,11,3,5,4,1,1,0,5,3,5,9,9,11,8,2,1,11,11,9,6,7,3,0,0,1,10,4,6,0,0,1,2,8
499,1793912030807477000,8,5,9,11,3,5,4,3,1,0,5,3,5,2,9,11,8,2,1,7,11,9,6,7,3,4,0,1,10,4,6,8,0,1,2,8
500,1794171230807477000,8,6,9,6,3,2,4,2,1,2,5,6,5,4,9,4,8,5,1,3,11,3,6,10,3,7,0,7,10,8,6,5,0,5,2,4
501,1794257630807477000,8,7,9,6,3,2,4,8,1,2,5,6,5,10,9,4,8,5,1,5,11,3,6,10,3,6,0,7,10,8,6,3,0,5,2,4
502,1794344030807477000,8,11,9,6,3,2,4,0,1,2,5,6,5,11,9,4,8,5,1,9,11,3,6,10,3,1,0,7,10,8,6,1,0,5,2,4
503,1794430430807477000,8,10,9,6,3,2,4,4,1,2,5,6,5,7,9,4,8,5,1,2,11,3,6,10,3,3,0,7,10,8,6,6,0,5,2,4
504,1794516830807477000,8,4,9,6,3,2,4,10,1,2,5,6,5,6,9,4,8,5,1,8,11,3,6,10,3,5,0,7,10,8,6,7,0,5,2,4
505,1794776030807477000,8,2,9,6,3,2,4,6,1,2,5,6,5,5,9,4,8,5,1,10,11,3,6,10,3,8,0,7,10,8,6,4,0,5,2,4
506,1794862430807477000,8,9,9,6,3,2,4,1,1,2,5,6,5,9,9,4,8,5,1,11,11,3,6,10,3,0,0,7,10,8,6,0,0,5,2,4
507,1794948830807477000,8,5,9,6,3,2,4,3,1,2,5,6,5,2,9,4,8,5,1,7,11,3,6,10,3,4,0,7,10,8,6,8,0,5,2,4
508,1795035230807477000,8,3,9,6,3,2,4,5,1,2,5,6,5,8,9,4,8,5,1,6,11,3,6,10,3,10,0,7,10,8,6,2,0,5,2,4
509,1795121630807477000,8,1,9,6,3,2,4,9,1,2,5,6,5,0,9,4,8,5,1,1,11,3,6,10,3,11,0,7,10,8,6,9,0,5,2,4
510,1795380830807477000,8,11,9,10,3,3,4,0,1,4,5,5,5,11,9,7,8,8,1,9,11,2,6,6,3,1,0,3,10,10,6,1,0,6,2,2
511,1795467230807477000,8,10,9,10,3,3,4,4,1,4,5,5,5,7,9,7,8,8,1,2,11,2,6,6,3,3,0,3,10,10,6,6,0,6,2,2
512,1795553630807477000,8,4,9,10,3,3,4,10,1,4,5,5,5,6,9,7,8,8,1,8,11,2,6,6,3,5,0,3,10,10,6,7,0,6,2,2
513,1795640030807477000,8,0,9,10,3,3,4,11,1,4,5,5,5,1,9,7,8,8,1,0,11,2,6,6,3,9,0,3,10,10,6,11,0,6,2,2
514,1795726430807477000,8,8,9,10,3,3,4,7,1,4,5,5,5,3,9,7,8,8,1,4,11,2,6,6,3,2,0,3,10,10,6,10,0,6,2,2
515,1795985630807477000,8,5,9,10,3,3,4,3,1,4,5,5,5,2,9,7,8,8,1,7,11,2,6,6,3,4,0,3,10,10,6,8,0,6,2,2
516,1796072030807477000,8,3,9,10,3,3,4,5,1,4,5,5,5,8,9,7,8,8,1,6,11,2,6,6,3,10,0,3,10,10,6,2,0,6,2,2
517,1796158430807477000,8,1,9,10,3,3,4,9,1,4,5,5,5,0,9,7,8,8,1,1,11,2,6,6,3,11,0,3,10,10,6,9,0,6,2,2
518,1796244830807477000,8,6,9,10,3,3,4,2,1,4,5,5,5,4,9,7,8,8,1,3,11,2,6,6,3,7,0,3,10,10,6,5,0,6,2,2
519,1796331230807477000,8,7,9,10,3,3,4,8,1,4,5,5,5,10,9,7,8,8,1,5,11,2,6,6,3,6,0,3,10,10,6,3,0,6,2,2
520,1796590430807477000,8,4,9,10,3,3,4,10,1,4,5,5,5,6,9,7,8,8,1,8,11,2,6,6,3,5,0,3,10,10,6,7,0,6,2,2
521,1796676830807477000,8,0,9,7,3,9,4,11,1,8,5,1,5,1,9,10,8,9,1,0,11,5,6,11,3,9,0,6,10,0,6,11,0,3,2,0
522,1796763230807477000,8,8,9,7,3,9,4,7,1,8,5,1,5,3,9,10,8,9,1,4,11,5,6,11,3,2,0,6,10,0,6,10,0,3,2,0
523,1796849630807477000,8,2,9,7,3,9,4,6,1,8,5,1,5,5,9,10,8,9,1,10,11,5,6,11,3,8,0,6,10,0,6,4,0,3,2,0
524,1796936030807477000,8,9,9,7,3,9,4,1,1,8,5,1,5,9,9,10,8,9,1,11,11,5,6,11,3,0,0,6,10,0,6,0,0,3,2,0
525,1797195230807477000,8,1,9,7,3,9,4,9,1,8,5,1,5,0,9,10,8,9,1,1,11,5,6,11,3,11,0,6,10,0,6,9,0,3,2,0
526,1797281630807477000,8,6,9,7,3,9,4,2,1,8,5,1,5,4,9,10,8,9,1,3,11,5,6,11,3,7,0,6,10,0,6,5,0,3,2,0
527,1797368030807477000,8,7,9,7,3,9,4,8,1,8,5,1,5,10,9,10,8,9,1,5,11,5,6,11,3,6,0,6,10,0,6,3,0,3,2,0
