,time,Open,High,Low,Close,Volume,stock_code,ric_code,uuid,last_modified_date,current_hour_pillar,current_day_pillar,current_day_pillar_minus,current_hour_pillar_minus,current_month_pillar,current_year_pillar,current_year_pillar_minus,current_month_pillar_minus,current_wuxi_hour,current_wuxi_day,current_wuxi_month,current_wuxi_year,base_year_pillar,base_month_pillar,base_day_pillar,base_hour_pillar,base_month_pillar_minus,base_hour_pillar_minus,base_year_pillar_minus,base_day_pillar_minus
0,2023-11-01 08:00:00+08:00,103.439,113.345,98.9016,102.894,8516,HSI,^HSI,13146008178057743655,2025-06-02 08:48:05.114096+08:00,丙辰,癸亥,戊午,辛亥,丁丑,戊午,癸亥,壬午,癸未,癸子,乙丑,戊未,己酉,乙亥,癸卯,辛酉,庚午,丙寅,甲辰,戊申
1,2023-11-02 08:00:00+08:00,116.861,126.655,107.874,110.807,9769,HSI,^HSI,15982496516931242451,2025-06-02 08:48:05.114096+08:00,戊辰,甲子,己未,癸亥,丁丑,戊午,癸亥,壬午,乙未,甲丑,丙丑,戊未,己酉,乙亥,癸卯,辛酉,庚午,丙寅,甲辰,戊申
2,2023-11-03 08:00:00+08:00,141.941,148.82,134.211,136.569,9189,HSI,^HSI,3448573949688818584,2025-06-02 08:48:05.114096+08:00,庚辰,乙丑,庚申,乙亥,丁丑,戊午,癸亥,壬午,丁未,乙寅,丙丑,戊未,己酉,乙亥,癸卯,辛酉,庚午,丙寅,甲辰,戊申
3,2023-11-04 08:00:00+08:00,108.028,115.172,105.553,113.533,7467,HSI,^HSI,15557854418230498586,2025-06-02 08:48:05.114096+08:00,壬辰,丙寅,辛酉,丁亥,丁丑,戊午,癸亥,壬午,己未,丙卯,丙丑,戊未,己酉,乙亥,癸卯,辛酉,庚午,丙寅,甲辰,戊申
4,2023-11-05 08:00:00+08:00,111.146,118.741,103.094,117.03,7897,HSI,^HSI,13014778458769894528,2025-06-02 08:48:05.114096+08:00,甲辰,丁卯,壬戌,己亥,丁丑,戊午,癸亥,壬午,辛未,丁辰,辛丑,戊未,己酉,乙亥,癸卯,辛酉,庚午,丙寅,甲辰,戊申
5,2023-11-06 08:00:00+08:00,128.476,130.115,127.329,128.442,4738,HSI,^HSI,9223372581479349815,2025-06-02 08:48:05.114096+08:00,丙辰,戊辰,癸亥,辛亥,丁丑,戊午,癸亥,壬午,癸未,戊巳,辛丑,戊未,己酉,乙亥,癸卯,辛酉,庚午,丙寅,甲辰,戊申
6,2023-11-07 08:00:00+08:00,133.203,134.385,131.457,133.122,8289,HSI,^HSI,12790069551815371626,2025-06-02 08:48:05.114096+08:00,戊辰,己巳,甲子,癸亥,丁丑,戊午,癸亥,壬午,乙未,己午,辛丑,戊未,己酉,乙亥,癸卯,辛酉,庚午,丙寅,甲辰,戊申
7,2023-11-08 08:00:00+08:00,129.758,137.58,129.268,135.483,6722,HSI,^HSI,17338885725552332817,2025-06-02 08:48:05.114096+08:00,庚辰,庚午,乙丑,乙亥,癸亥,戊午,癸亥,戊辰,丁未,庚未,癸亥,戊未,己酉,乙亥,癸卯,辛酉,庚午,丙寅,甲辰,戊申
8,2023-11-09 08:00:00+08:00,100.815,102.701,100.07,101.798,7458,HSI,^HSI,17308308047039611388,2025-06-02 08:48:05.114096+08:00,壬辰,辛未,丙寅,丁亥,癸亥,戊午,癸亥,戊辰,己未,辛申,癸亥,戊未,己酉,乙亥,癸卯,辛酉,庚午,丙寅,甲辰,戊申
9,2023-11-10 08:00:00+08:00,147.852,151.149,141.319,148.998,6642,HSI,^HSI,8246898770374224139,2025-06-02 08:48:05.114096+08:00,甲辰,壬申,丁卯,己亥,癸亥,戊午,癸亥,戊辰,辛未,壬酉,癸亥,戊未,己酉,乙亥,癸卯,辛酉,庚午,丙寅,甲辰,戊申
10,2023-11-11 08:00:00+08:00,128.574,136.055,123.094,128.074,9411,HSI,^HSI,4442149810358223284,2025-06-02 08:48:05.114096+08:00,丙辰,癸酉,戊辰,辛亥,癸亥,戊午,癸亥,戊辰,癸未,癸戌,戊亥,戊未,己酉,乙亥,癸卯,辛酉,庚午,丙寅,甲辰,戊申
11,2023-11-12 08:00:00+08:00,151.671,153.728,145.869,146.674,9875,HSI,^HSI,7239378213697252915,2025-06-02 08:48:05.114096+08:00,戊辰,甲戌,己巳,癸亥,癸亥,戊午,癸亥,戊辰,乙未,甲亥,戊亥,戊未,己酉,乙亥,癸卯,辛酉,庚午,丙寅,甲辰,戊申
12,2023-11-13 08:00:00+08:00,182.022,182.478,173.313,180.681,3626,HSI,^HSI,4414638507794071494,2025-06-02 08:48:05.114096+08:00,庚辰,乙亥,庚午,乙亥,癸亥,戊午,癸亥,戊辰,丁未,乙子,戊亥,戊未,己酉,乙亥,癸卯,辛酉,庚午,丙寅,甲辰,戊申
13,2023-11-14 08:00:00+08:00,133.127,141.2,129.383,137.406,8570,HSI,^HSI,16672615344522353575,2025-06-02 08:48:05.114096+08:00,壬辰,丙子,辛未,丁亥,癸亥,戊午,癸亥,戊辰,己未,丙丑,己亥,戊未,己酉,乙亥,癸卯,辛酉,庚午,丙寅,甲辰,戊申
14,2023-11-15 08:00:00+08:00,189.881,191.806,187.491,188.588,3167,HSI,^HSI,9382430223344195204,2025-06-02 08:48:05.114096+08:00,甲辰,丁丑,壬申,己亥,癸亥,戊午,癸亥,戊辰,辛未,丁寅,己亥,戊未,己酉,乙亥,癸卯,辛酉,庚午,丙寅,甲辰,戊申
15,2023-11-16 08:00:00+08:00,172.306,176.616,168.755,169.366,4177,HSI,^HSI,6599346049517954088,2025-06-02 08:48:05.114096+08:00,丙辰,戊寅,癸酉,辛亥,癸亥,戊午,癸亥,戊辰,癸未,戊卯,己亥,戊未,己酉,乙亥,癸卯,辛酉,庚午,丙寅,甲辰,戊申
16,2023-11-17 08:00:00+08:00,181.275,186.205,178.438,178.529,7768,HSI,^HSI,17599355129563579121,2025-06-02 08:48:05.114096+08:00,戊辰,己卯,甲戌,癸亥,癸亥,戊午,癸亥,戊辰,乙未,己辰,甲亥,戊未,己酉,乙亥,癸卯,辛酉,庚午,丙寅,甲辰,戊申
17,2023-11-18 08:00:00+08:00,173.402,182.818,172.105,180.775,4979,HSI,^HSI,11047013835646072659,2025-06-02 08:48:05.114096+08:00,庚辰,庚辰,乙亥,乙亥,癸亥,戊午,癸亥,戊辰,丁未,庚巳,甲亥,戊未,己酉,乙亥,癸卯,辛酉,庚午,丙寅,甲辰,戊申
18,2023-11-19 08:00:00+08:00,157.665,157.728,152.53,153.824,2716,HSI,^HSI,16269622478710109871,2025-06-02 08:48:05.114096+08:00,壬辰,辛巳,丙子,丁亥,癸亥,戊午,癸亥,戊辰,己未,辛午,甲亥,戊未,己酉,乙亥,癸卯,辛酉,庚午,丙寅,甲辰,戊申
19,2023-11-20 08:00:00+08:00,167.048,169.206,165.982,166.817,1021,HSI,^HSI,11374161856066000464,2025-06-02 08:48:05.114096+08:00,甲辰,壬午,丁丑,己亥,癸亥,戊午,癸亥,戊辰,辛未,壬未,乙亥,戊未,己酉,乙亥,癸卯,辛酉,庚午,丙寅,甲辰,戊申
20,2023-11-21 08:00:00+08:00,136.736,136.933,132.054,133.858,9536,HSI,^HSI,14768315082516518564,2025-06-02 08:48:05.114096+08:00,丙辰,癸未,戊寅,辛亥,癸亥,戊午,癸亥,戊辰,癸未,癸申,乙亥,戊未,己酉,乙亥,癸卯,辛酉,庚午,丙寅,甲辰,戊申
21,2023-11-22 08:00:00+08:00,118.811,123.688,112.473,113.078,4199,HSI,^HSI,11208579846333424729,2025-06-02 08:48:05.114096+08:00,戊辰,甲申,己卯,癸亥,癸亥,戊午,癸亥,戊辰,乙未,甲酉,乙亥,戊未,己酉,乙亥,癸卯,辛酉,庚午,丙寅,甲辰,戊申
22,2023-11-23 08:00:00+08:00,169.508,170.582,164.053,169.374,9225,HSI,^HSI,10760950542187138328,2025-06-02 08:48:05.114096+08:00,庚辰,乙酉,庚辰,乙亥,戊寅,戊午,癸亥,癸未,丁未,乙戌,庚寅,戊未,己酉,乙亥,癸卯,辛酉,庚午,丙寅,甲辰,戊申
23,2023-11-24 08:00:00+08:00,186.777,193.997,182.55,183.486,8163,HSI,^HSI,10197295617592833540,2025-06-02 08:48:05.114096+08:00,壬辰,丙戌,辛巳,丁亥,戊寅,戊午,癸亥,癸未,己未,丙亥,庚寅,戊未,己酉,乙亥,癸卯,辛酉,庚午,丙寅,甲辰,戊申
24,2023-11-25 08:00:00+08:00,199.597,202.216,199.453,201.54,6059,HSI,^HSI,2287401768018582621,2025-06-02 08:48:05.114096+08:00,甲辰,丁亥,壬午,己亥,戊寅,戊午,癸亥,癸未,辛未,丁子,庚寅,戊未,己酉,乙亥,癸卯,辛酉,庚午,丙寅,甲辰,戊申
25,2023-11-26 08:00:00+08:00,178.229,180.207,176.859,177.786,1790,HSI,^HSI,5414060605361936188,2025-06-02 08:48:05.114096+08:00,丙辰,戊子,癸未,辛亥,戊寅,戊午,癸亥,癸未,癸未,戊丑,辛寅,戊未,己酉,乙亥,癸卯,辛酉,庚午,丙寅,甲辰,戊申
26,2023-11-27 08:00:00+08:00,146.52,150.831,138.829,146.658,2585,HSI,^HSI,17009574921367978477,2025-06-02 08:48:05.114096+08:00,戊辰,己丑,甲申,癸亥,戊寅,戊午,癸亥,癸未,乙未,己寅,辛寅,戊未,己酉,乙亥,癸卯,辛酉,庚午,丙寅,甲辰,戊申
27,2023-11-28 08:00:00+08:00,121.64,130.073,117.824,124.474,8487,HSI,^HSI,12474959249566081064,2025-06-02 08:48:05.114096+08:00,庚辰,庚寅,乙酉,乙亥,戊寅,戊午,癸亥,癸未,丁未,庚卯,辛寅,戊未,己酉,乙亥,癸卯,辛酉,庚午,丙寅,甲辰,戊申
28,2023-11-29 08:00:00+08:00,177.552,182.54,175.375,178.051,4507,HSI,^HSI,10402465039977180529,2025-06-02 08:48:05.114096+08:00,壬辰,辛卯,丙戌,丁亥,戊寅,戊午,癸亥,癸未,己未,辛辰,丙寅,戊未,己酉,乙亥,癸卯,辛酉,庚午,丙寅,甲辰,戊申
29,2023-11-30 08:00:00+08:00,167.924,175.338,162.251,167.169,6192,HSI,^HSI,10336633018136013547,2025-06-02 08:48:05.114096+08:00,甲辰,壬辰,丁亥,己亥,戊寅,戊午,癸亥,癸未,辛未,壬巳,丙寅,戊未,己酉,乙亥,癸卯,辛酉,庚午,丙寅,甲辰,戊申
30,2023-12-01 08:00:00+08:00,197.196,198.592,194.198,195.788,7306,HSI,^HSI,5700660912692244996,2025-06-02 08:48:05.114096+08:00,丙辰,癸巳,戊子,辛亥,戊寅,戊午,癸亥,癸未,癸未,癸午,丙寅,戊未,己酉,乙亥,癸卯,辛酉,庚午,丙寅,甲辰,戊申
31,2023-12-02 08:00:00+08:00,188.14,194.699,180.141,188.163,7250,HSI,^HSI,3290856036190416209,2025-06-02 08:48:05.114096+08:00,戊辰,甲午,己丑,癸亥,戊寅,戊午,癸亥,癸未,乙未,甲未,丁寅,戊未,己酉,乙亥,癸卯,辛酉,庚午,丙寅,甲辰,戊申
32,2023-12-03 08:00:00+08:00,162.715,167.485,156.715,158.861,1939,HSI,^HSI,17702175980470249828,2025-06-02 08:48:05.114096+08:00,庚辰,乙未,庚寅,乙亥,戊寅,戊午,癸亥,癸未,丁未,乙申,丁寅,戊未,己酉,乙亥,癸卯,辛酉,庚午,丙寅,甲辰,戊申
33,2023-12-04 08:00:00+08:00,133.515,141.933,130.338,141.581,5780,HSI,^HSI,10075943231119245458,2025-06-02 08:48:05.114096+08:00,壬辰,丙申,辛卯,丁亥,戊寅,戊午,癸亥,癸未,己未,丙酉,丁寅,戊未,己酉,乙亥,癸卯,辛酉,庚午,丙寅,甲辰,戊申
34,2023-12-05 08:00:00+08:00,189.55,197.68,187.774,193.191,4952,HSI,^HSI,11879635804659442233,2025-06-02 08:48:05.114096+08:00,甲辰,丁酉,壬辰,己亥,戊寅,戊午,癸亥,癸未,辛未,丁戌,壬寅,戊未,己酉,乙亥,癸卯,辛酉,庚午,丙寅,甲辰,戊申
35,2023-12-06 08:00:00+08:00,102.43,107.892,97.463,105.309,7339,HSI,^HSI,13749325676472523714,2025-06-02 08:48:05.114096+08:00,丙辰,戊戌,癸巳,辛亥,戊寅,戊午,癸亥,癸未,癸未,戊亥,壬寅,戊未,己酉,乙亥,癸卯,辛酉,庚午,丙寅,甲辰,戊申
36,2023-12-07 08:00:00+08:00,189.281,196.158,182.375,193.437,1050,HSI,^HSI,8398237342355113706,2025-06-02 08:48:05.114096+08:00,戊辰,己亥,甲午,癸亥,戊寅,戊午,癸亥,癸未,乙未,己子,壬寅,戊未,己酉,乙亥,癸卯,辛酉,庚午,丙寅,甲辰,戊申
37,2023-12-08 08:00:00+08:00,166.899,167.034,163.623,166.167,6131,HSI,^HSI,15097664616219474656,2025-06-02 08:48:05.114096+08:00,庚辰,庚子,乙未,乙亥,甲子,戊午,癸亥,己巳,丁未,庚丑,甲子,戊未,己酉,乙亥,癸卯,辛酉,庚午,丙寅,甲辰,戊申
38,2023-12-09 08:00:00+08:00,130.994,131.133,128.669,129.056,9168,HSI,^HSI,16332425556018614762,2025-06-02 08:48:05.114096+08:00,壬辰,辛丑,丙申,丁亥,甲子,戊午,癸亥,己巳,己未,辛寅,甲子,戊未,己酉,乙亥,癸卯,辛酉,庚午,丙寅,甲辰,戊申
39,2023-12-10 08:00:00+08:00,196.286,197.08,195.8,196.453,2730,HSI,^HSI,6621511567804373908,2025-06-02 08:48:05.114096+08:00,甲辰,壬寅,丁酉,己亥,甲子,戊午,癸亥,己巳,辛未,壬卯,甲子,戊未,己酉,乙亥,癸卯,辛酉,庚午,丙寅,甲辰,戊申
40,2023-12-11 08:00:00+08:00,168.758,171.726,161.949,169.716,7584,HSI,^HSI,6585935422757885471,2025-06-02 08:48:05.114096+08:00,丙辰,癸卯,戊戌,辛亥,甲子,戊午,癸亥,己巳,癸未,癸辰,己子,戊未,己酉,乙亥,癸卯,辛酉,庚午,丙寅,甲辰,戊申
41,2023-12-12 08:00:00+08:00,120.539,123.265,113.886,122.102,3382,HSI,^HSI,15051130066656118702,2025-06-02 08:48:05.114096+08:00,戊辰,甲辰,己亥,癸亥,甲子,戊午,癸亥,己巳,乙未,甲巳,己子,戊未,己酉,乙亥,癸卯,辛酉,庚午,丙寅,甲辰,戊申
42,2023-12-13 08:00:00+08:00,120.709,122.906,114.452,119.036,7266,HSI,^HSI,8620900328698725904,2025-06-02 08:48:05.114096+08:00,庚辰,乙巳,庚子,乙亥,甲子,戊午,癸亥,己巳,丁未,乙午,己子,戊寅,己酉,乙亥,癸卯,辛酉,庚午,丙寅,甲辰,戊申
43,2023-12-14 08:00:00+08:00,154.433,161.834,145.973,146.003,3655,HSI,^HSI,5739310843609136991,2025-06-02 08:48:05.114096+08:00,壬辰,丙午,辛丑,丁亥,甲子,戊午,癸亥,己巳,己未,丙未,庚子,戊寅,己酉,乙亥,癸卯,辛酉,庚午,丙寅,甲辰,戊申
44,2023-12-15 08:00:00+08:00,102.805,106.135,96.7449,98.9121,9803,HSI,^HSI,12040982852814007476,2025-06-02 08:48:05.114096+08:00,甲辰,丁未,壬寅,己亥,甲子,戊午,癸亥,己巳,辛未,丁申,庚子,戊寅,己酉,乙亥,癸卯,辛酉,庚午,丙寅,甲辰,戊申
45,2023-12-16 08:00:00+08:00,176.122,177.83,169.866,172.571,5127,HSI,^HSI,12459038646001115840,2025-06-02 08:48:05.114096+08:00,丙辰,戊申,癸卯,辛亥,甲子,戊午,癸亥,己巳,癸未,戊酉,庚子,戊寅,己酉,乙亥,癸卯,辛酉,庚午,丙寅,甲辰,戊申
46,2023-12-17 08:00:00+08:00,159.59,160.344,149.969,155.232,3309,HSI,^HSI,605994138805779300,2025-06-02 08:48:05.114096+08:00,戊辰,己酉,甲辰,癸亥,甲子,戊午,癸亥,己巳,乙未,己戌,乙子,戊寅,己酉,乙亥,癸卯,辛酉,庚午,丙寅,甲辰,戊申
47,2023-12-18 08:00:00+08:00,125.354,130.599,121.23,125.32,1069,HSI,^HSI,10759865378341236674,2025-06-02 08:48:05.114096+08:00,庚辰,庚戌,乙巳,乙亥,甲子,戊午,癸亥,己巳,丁未,庚亥,乙子,戊寅,己酉,乙亥,癸卯,辛酉,庚午,丙寅,甲辰,戊申
48,2023-12-19 08:00:00+08:00,162.081,168.511,159.246,166.175,1896,HSI,^HSI,16260315191796802673,2025-06-02 08:48:05.114096+08:00,壬辰,辛亥,丙午,丁亥,甲子,戊午,癸亥,己巳,己未,辛子,乙子,戊寅,己酉,乙亥,癸卯,辛酉,庚午,丙寅,甲辰,戊申
49,2023-12-20 08:00:00+08:00,192.915,198.157,187.612,196.136,1343,HSI,^HSI,2419907656447912812,2025-06-02 08:48:05.114096+08:00,甲辰,壬子,丁未,己亥,甲子,戊午,癸亥,己巳,辛未,壬丑,丙子,戊寅,己酉,乙亥,癸卯,辛酉,庚午,丙寅,甲辰,戊申
50,2023-12-21 08:00:00+08:00,168.918,170.164,164.396,166.186,5973,HSI,^HSI,3048974161158083302,2025-06-02 08:48:05.114096+08:00,丙辰,癸丑,戊申,辛亥,甲子,戊午,癸亥,己巳,癸未,癸寅,丙子,戊寅,己酉,乙亥,癸卯,辛酉,庚午,丙寅,甲辰,戊申
51,2023-12-22 08:00:00+08:00,119.497,121.95,115.879,118.156,6307,HSI,^HSI,11050340127819300216,2025-06-02 08:48:05.114096+08:00,戊辰,甲寅,己酉,癸亥,甲子,戊午,癸亥,己巳,乙未,甲卯,丙子,戊寅,己酉,乙亥,癸卯,辛酉,庚午,丙寅,甲辰,戊申
52,2023-12-23 08:00:00+08:00,171.917,175.306,164.142,174.222,3064,HSI,^HSI,1787875683869490179,2025-06-02 08:48:05.114096+08:00,庚辰,乙卯,庚戌,乙亥,己卯,戊午,癸亥,甲申,丁未,乙辰,辛卯,戊寅,己酉,乙亥,癸卯,辛酉,庚午,丙寅,甲辰,戊申
53,2023-12-24 08:00:00+08:00,121.509,123.037,115.182,119.983,2720,HSI,^HSI,11756848141547099459,2025-06-02 08:48:05.114096+08:00,壬辰,丙辰,辛亥,丁亥,己卯,戊午,癸亥,甲申,己未,丙巳,辛卯,戊寅,己酉,乙亥,癸卯,辛酉,庚午,丙寅,甲辰,戊申
54,2023-12-25 08:00:00+08:00,168.414,170.847,161.388,162.066,1059,HSI,^HSI,6020915771258897026,2025-06-02 08:48:05.114096+08:00,甲辰,丁巳,壬子,己亥,己卯,戊午,癸亥,甲申,辛未,丁午,辛卯,戊寅,己酉,乙亥,癸卯,辛酉,庚午,丙寅,甲辰,戊申
55,2023-12-26 08:00:00+08:00,105.648,107.666,104.129,106.894,9303,HSI,^HSI,8512297128448377198,2025-06-02 08:48:05.114096+08:00,丙辰,戊午,癸丑,辛亥,己卯,戊午,癸亥,甲申,癸未,戊未,壬卯,戊寅,己酉,乙亥,癸卯,辛酉,庚午,丙寅,甲辰,戊申
56,2023-12-27 08:00:00+08:00,127.569,136.454,120.959,130.378,1611,HSI,^HSI,1105169576962646158,2025-06-02 08:48:05.114096+08:00,戊辰,己未,甲寅,癸亥,己卯,戊午,癸亥,甲申,乙未,己申,壬卯,戊寅,己酉,乙亥,癸卯,辛酉,庚午,丙寅,甲辰,戊申
57,2023-12-28 08:00:00+08:00,114.6,115.735,109.365,109.858,6191,HSI,^HSI,3446820146393325707,2025-06-02 08:48:05.114096+08:00,庚辰,庚申,乙卯,乙亥,己卯,戊午,癸亥,甲申,丁未,庚酉,壬卯,戊寅,己酉,乙亥,癸卯,辛酉,庚午,丙寅,甲辰,戊申
58,2023-12-29 08:00:00+08:00,199.367,206.498,198.631,204.952,6904,HSI,^HSI,4579364172046424502,2025-06-02 08:48:05.114096+08:00,壬辰,辛酉,丙辰,丁亥,己卯,戊午,癸亥,甲申,己未,辛戌,丁卯,戊寅,己酉,乙亥,癸卯,辛酉,庚午,丙寅,甲辰,戊申
59,2023-12-30 08:00:00+08:00,196.293,201.777,196.005,200.218,4326,HSI,^HSI,2679808026685016075,2025-06-02 08:48:05.114096+08:00,甲辰,壬戌,丁巳,己亥,己卯,戊午,癸亥,甲申,辛未,壬亥,丁卯,戊寅,己酉,乙亥,癸卯,辛酉,庚午,丙寅,甲辰,戊申
60,2023-12-31 08:00:00+08:00,195.178,195.563,193.394,193.906,9426,HSI,^HSI,14799435835173210513,2025-06-02 08:48:05.114096+08:00,丙辰,癸亥,戊午,辛亥,己卯,戊午,癸亥,甲申,癸未,癸子,戊卯,戊寅,己酉,乙亥,癸卯,辛酉,庚午,丙寅,甲辰,戊申
61,2024-01-01 08:00:00+08:00,100.453,109.598,95.7625,96.2816,3531,HSI,^HSI,7015375683359689356,2025-06-02 08:48:05.114096+08:00,戊辰,甲子,己未,癸亥,己卯,戊午,癸亥,甲申,乙未,甲丑,甲子,戊寅,己酉,乙亥,癸卯,辛酉,庚午,丙寅,甲辰,戊申
62,2024-01-02 08:00:00+08:00,170.01,176.321,169.361,172.232,7065,HSI,^HSI,12836685941687381564,2025-06-02 08:48:05.114096+08:00,庚辰,乙丑,庚申,乙亥,己卯,戊午,癸亥,甲申,丁未,乙寅,甲子,戊寅,己酉,乙亥,癸卯,辛酉,庚午,丙寅,甲辰,戊申
63,2024-01-03 08:00:00+08:00,108.978,117.154,104.142,110.675,6503,HSI,^HSI,11343949657237340772,2025-06-02 08:48:05.114096+08:00,壬辰,丙寅,辛酉,丁亥,己卯,戊午,癸亥,甲申,己未,丙卯,甲子,戊寅,己酉,乙亥,癸卯,辛酉,庚午,丙寅,甲辰,戊申
64,2024-01-04 08:00:00+08:00,179.149,184.306,178.977,180.361,4987,HSI,^HSI,5428421005285548675,2025-06-02 08:48:05.114096+08:00,甲辰,丁卯,壬戌,己亥,己卯,戊午,癸亥,甲申,辛未,丁辰,甲子,戊寅,己酉,乙亥,癸卯,辛酉,庚午,丙寅,甲辰,戊申
65,2024-01-05 08:00:00+08:00,172.563,174.93,168.774,169.561,3263,HSI,^HSI,2254008488968708886,2025-06-02 08:48:05.114096+08:00,丙辰,戊辰,癸亥,辛亥,己卯,戊午,癸亥,甲申,癸未,戊巳,甲子,戊寅,己酉,乙亥,癸卯,辛酉,庚午,丙寅,甲辰,戊申
66,2024-01-06 08:00:00+08:00,120.478,121.675,113.11,114.452,5118,HSI,^HSI,13528970153419951619,2025-06-02 08:48:05.114096+08:00,戊辰,己巳,甲子,癸亥,乙丑,戊午,癸亥,庚午,乙未,己午,甲辰,戊寅,己酉,乙亥,癸卯,辛酉,庚午,丙寅,甲辰,戊申
67,2024-01-07 08:00:00+08:00,112.131,117.612,108.901,110.558,5521,HSI,^HSI,961255711068742096,2025-06-02 08:48:05.114096+08:00,庚辰,庚午,乙丑,乙亥,乙丑,戊午,癸亥,庚午,丁未,庚未,甲辰,戊寅,己酉,乙亥,癸卯,辛酉,庚午,丙寅,甲辰,戊申
68,2024-01-08 08:00:00+08:00,134.837,137.132,134.705,136.231,4275,HSI,^HSI,16316035453525119734,2025-06-02 08:48:05.114096+08:00,壬辰,辛未,丙寅,丁亥,乙丑,戊午,癸亥,庚午,己未,辛申,甲辰,戊寅,己酉,乙亥,癸卯,辛酉,庚午,丙寅,甲辰,戊申
69,2024-01-09 08:00:00+08:00,140.548,142.607,130.898,141.303,7880,HSI,^HSI,3184637980696651957,2025-06-02 08:48:05.114096+08:00,甲辰,壬申,丁卯,己亥,乙丑,戊午,癸亥,庚午,辛未,壬酉,甲辰,戊寅,己酉,乙亥,癸卯,辛酉,庚午,丙寅,甲辰,戊申
70,2024-01-10 08:00:00+08:00,117.264,117.774,112.876,115.224,5515,HSI,^HSI,1970211500501741823,2025-06-02 08:48:05.114096+08:00,丙辰,癸酉,戊辰,辛亥,乙丑,戊午,癸亥,庚午,癸未,癸戌,甲辰,戊寅,己酉,乙亥,癸卯,辛酉,庚午,丙寅,甲辰,戊申
71,2024-01-11 08:00:00+08:00,183.735,191.045,176.81,188.156,5010,HSI,^HSI,18196124220666333938,2025-06-02 08:48:05.114096+08:00,戊辰,甲戌,己巳,癸亥,乙丑,戊午,癸亥,庚午,乙未,甲亥,甲辰,戊寅,己酉,乙亥,癸卯,辛酉,庚午,丙寅,甲辰,戊申
72,2024-01-12 08:00:00+08:00,161.041,167.41,152.834,160.244,5344,HSI,^HSI,12177141482523750382,2025-06-02 08:48:05.114096+08:00,庚辰,乙亥,庚午,乙亥,乙丑,戊午,癸亥,庚午,丁未,乙子,甲辰,戊寅,己酉,乙亥,癸卯,辛酉,庚午,丙寅,甲辰,戊申
73,2024-01-13 08:00:00+08:00,122.662,131.473,117.805,118.615,7724,HSI,^HSI,7462551664604868009,2025-06-02 08:48:05.114096+08:00,壬辰,丙子,辛未,丁亥,乙丑,戊午,癸亥,庚午,己未,丙丑,甲辰,戊寅,己酉,乙亥,癸卯,辛酉,庚午,丙寅,甲辰,戊申
74,2024-01-14 08:00:00+08:00,148.661,152.353,146.064,152.117,2619,HSI,^HSI,15058151873860427019,2025-06-02 08:48:05.114096+08:00,甲辰,丁丑,壬申,己亥,乙丑,戊午,癸亥,庚午,辛未,丁寅,甲辰,戊寅,己酉,乙亥,癸卯,辛酉,庚午,丙寅,甲辰,戊申
75,2024-01-15 08:00:00+08:00,131.312,141.1,124.019,137.796,8278,HSI,^HSI,14789372292039570224,2025-06-02 08:48:05.114096+08:00,丙辰,戊寅,癸酉,辛亥,乙丑,戊午,癸亥,庚午,癸未,戊卯,甲辰,戊寅,己酉,乙亥,癸卯,辛酉,庚午,丙寅,甲辰,戊申
76,2024-01-16 08:00:00+08:00,148.891,152.583,144.642,149.46,7589,HSI,^HSI,347665389962652139,2025-06-02 08:48:05.114096+08:00,戊辰,己卯,甲戌,癸亥,乙丑,戊午,癸亥,庚午,乙未,己辰,甲辰,戊寅,己酉,乙亥,癸卯,辛酉,庚午,丙寅,甲辰,戊申
77,2024-01-17 08:00:00+08:00,165.276,171.431,161.243,166.484,9647,HSI,^HSI,11820413988374088011,2025-06-02 08:48:05.114096+08:00,庚辰,庚辰,乙亥,乙亥,乙丑,戊午,癸亥,庚午,丁未,庚巳,甲辰,戊寅,己酉,乙亥,癸卯,辛酉,庚午,丙寅,甲辰,戊申
78,2024-01-18 08:00:00+08:00,198.997,208.405,197.099,206.503,8670,HSI,^HSI,12382785137804270223,2025-06-02 08:48:05.114096+08:00,壬辰,辛巳,丙子,丁亥,乙丑,戊午,癸亥,庚午,己未,辛午,甲辰,戊寅,己酉,乙亥,癸卯,辛酉,庚午,丙寅,甲辰,戊申
79,2024-01-19 08:00:00+08:00,113.688,123.635,109.608,110.879,2827,HSI,^HSI,8628991444265047643,2025-06-02 08:48:05.114096+08:00,甲辰,壬午,丁丑,己亥,乙丑,戊午,癸亥,庚午,辛未,壬未,甲辰,戊寅,己酉,乙亥,癸卯,辛酉,庚午,丙寅,甲辰,戊申
80,2024-01-20 08:00:00+08:00,199.196,205.847,196.327,205.731,3566,HSI,^HSI,6643441967963078353,2025-06-02 08:48:05.114096+08:00,丙辰,癸未,戊寅,辛亥,乙丑,戊午,癸亥,庚午,癸未,癸申,甲辰,戊寅,己酉,乙亥,癸卯,辛酉,庚午,丙寅,甲辰,戊申
81,2024-01-21 08:00:00+08:00,100.253,109.527,99.7074,109.361,8933,HSI,^HSI,14212336478311006881,2025-06-02 08:48:05.114096+08:00,戊辰,甲申,己丑,癸酉,庚辰,癸卯,戊戌,乙亥,乙未,甲酉,壬辰,戊寅,己酉,乙亥,癸卯,辛酉,庚午,丙寅,甲辰,戊申
82,2024-01-22 08:00:00+08:00,167.418,171.602,158.873,168.423,6617,HSI,^HSI,3109996411491873130,2025-06-02 08:48:05.114096+08:00,庚辰,乙酉,庚寅,乙酉,庚辰,癸卯,戊戌,乙亥,丁未,乙戌,壬辰,戊寅,己酉,乙亥,癸卯,辛酉,庚午,丙寅,甲辰,戊申
83,2024-01-23 08:00:00+08:00,152.19,160.303,152.104,156.439,6350,HSI,^HSI,14739111557105189731,2025-06-02 08:48:05.114096+08:00,壬辰,丙戌,辛卯,丁酉,庚辰,癸卯,戊戌,乙亥,己未,丙亥,壬辰,戊寅,己酉,乙亥,癸卯,辛酉,庚午,丙寅,甲辰,戊申
84,2024-01-24 08:00:00+08:00,178.91,187.415,174.621,180.999,2898,HSI,^HSI,10248036449891827208,2025-06-02 08:48:05.114096+08:00,甲辰,丁亥,壬辰,己酉,庚辰,癸卯,戊戌,乙亥,辛未,丁子,癸辰,戊寅,己酉,乙亥,癸卯,辛酉,庚午,丙寅,甲辰,戊申
85,2024-01-25 08:00:00+08:00,192.402,199.928,187.447,191.777,3907,HSI,^HSI,16910124823182383663,2025-06-02 08:48:05.114096+08:00,丙辰,戊子,癸巳,辛酉,庚辰,癸卯,戊戌,乙亥,癸未,戊丑,癸辰,戊寅,己酉,乙亥,癸卯,辛酉,庚午,丙寅,甲辰,戊申
86,2024-01-26 08:00:00+08:00,137.933,141.812,133.666,134.784,8272,HSI,^HSI,7337921891792270203,2025-06-02 08:48:05.114096+08:00,戊辰,己丑,甲午,癸酉,庚辰,癸卯,戊戌,乙亥,乙未,己寅,癸辰,戊寅,己酉,乙亥,癸卯,辛酉,庚午,丙寅,甲辰,戊申
87,2024-01-27 08:00:00+08:00,164.909,167.826,162.387,164.549,6355,HSI,^HSI,11187650753360377836,2025-06-02 08:48:05.114096+08:00,庚辰,庚寅,乙未,乙酉,庚辰,癸卯,戊戌,乙亥,丁未,庚卯,戊辰,戊寅,己酉,乙亥,癸卯,辛酉,庚午,丙寅,甲辰,戊申
88,2024-01-28 08:00:00+08:00,112.607,119.964,110.973,116.963,3687,HSI,^HSI,6110647239987574556,2025-06-02 08:48:05.114096+08:00,壬辰,辛卯,丙申,丁酉,庚辰,癸卯,戊戌,乙亥,己未,辛辰,戊辰,戊寅,己酉,乙亥,癸卯,辛酉,庚午,丙寅,甲辰,戊申
89,2024-01-29 08:00:00+08:00,150.011,156.641,141.342,151.479,9489,HSI,^HSI,9739218307853980369,2025-06-02 08:48:05.114096+08:00,甲辰,壬辰,丁酉,己酉,庚辰,癸卯,戊戌,乙亥,辛未,壬巳,戊辰,戊寅,己酉,乙亥,癸卯,辛酉,庚午,丙寅,甲辰,戊申
90,2024-01-30 08:00:00+08:00,133.871,141.134,131.132,135.361,3899,HSI,^HSI,5897004252377043315,2025-06-02 08:48:05.114096+08:00,丙辰,癸巳,戊戌,辛酉,庚辰,癸卯,戊戌,乙亥,癸未,癸午,己辰,戊寅,己酉,乙亥,癸卯,辛酉,庚午,丙寅,甲辰,戊申
91,2024-01-31 08:00:00+08:00,107.029,115.704,104,106.326,2358,HSI,^HSI,3993105255784849623,2025-06-02 08:48:05.114096+08:00,戊辰,甲午,己亥,癸酉,庚辰,癸卯,戊戌,乙亥,乙未,甲未,己辰,戊寅,己酉,乙亥,癸卯,辛酉,庚午,丙寅,甲辰,戊申
92,2024-02-01 08:00:00+08:00,183.76,190.534,177.644,179.494,1980,HSI,^HSI,11862014731201129441,2025-06-02 08:48:05.114096+08:00,庚辰,乙未,庚子,乙酉,庚辰,癸卯,戊戌,乙亥,丁未,乙申,己辰,戊寅,己酉,乙亥,癸卯,辛酉,庚午,丙寅,甲辰,戊申
93,2024-02-02 08:00:00+08:00,185.517,188.582,181.111,186.009,5547,HSI,^HSI,30426972899207466,2025-06-02 08:48:05.114096+08:00,壬辰,丙申,辛丑,丁酉,庚辰,癸卯,戊戌,乙亥,己未,丙酉,甲辰,戊寅,己酉,乙亥,癸卯,辛酉,庚午,丙寅,甲辰,戊申
94,2024-02-03 08:00:00+08:00,117.392,118.071,109.557,117.624,9215,HSI,^HSI,12296680007039510287,2025-06-02 08:48:05.114096+08:00,甲辰,丁酉,壬寅,己酉,庚辰,癸卯,戊戌,乙亥,辛未,丁戌,甲辰,戊寅,己酉,乙亥,癸卯,辛酉,庚午,丙寅,甲辰,戊申
95,2024-02-04 08:00:00+08:00,112.465,117.842,104.472,117.655,1933,HSI,^HSI,17250201604644089519,2025-06-02 08:48:05.114096+08:00,丙辰,戊戌,癸卯,辛酉,庚辰,癸卯,戊戌,乙亥,癸未,戊亥,甲辰,戊寅,己酉,乙亥,癸卯,辛酉,庚午,丙寅,甲辰,戊申
96,2024-02-05 08:00:00+08:00,121.648,122.645,120.524,120.853,6470,HSI,^HSI,11766216053993658323,2025-06-02 08:48:05.114096+08:00,戊辰,己亥,甲辰,癸酉,丙寅,癸卯,戊戌,辛酉,乙未,己子,丙寅,戊寅,己酉,乙亥,癸卯,辛酉,庚午,丙寅,甲辰,戊申
97,2024-02-06 08:00:00+08:00,170.564,173.43,163.173,167.063,6938,HSI,^HSI,7521365536477861025,2025-06-02 08:48:05.114096+08:00,庚辰,庚子,乙巳,乙酉,丙寅,癸卯,戊戌,辛酉,丁未,庚丑,丙寅,戊寅,己酉,乙亥,癸卯,辛酉,庚午,丙寅,甲辰,戊申
98,2024-02-07 08:00:00+08:00,157.36,164.354,157.286,160.466,9943,HSI,^HSI,9918227098926926426,2025-06-02 08:48:05.114096+08:00,壬辰,辛丑,丙午,丁酉,丙寅,癸卯,戊戌,辛酉,己未,辛寅,丙寅,戊寅,己酉,乙亥,癸卯,辛酉,庚午,丙寅,甲辰,戊申
99,2024-02-08 08:00:00+08:00,144.18,144.984,142.663,143.982,8435,HSI,^HSI,5492754932310481374,2025-06-02 08:48:05.114096+08:00,甲辰,壬寅,丁未,己酉,丙寅,癸卯,戊戌,辛酉,辛未,壬卯,辛寅,戊寅,己酉,乙亥,癸卯,辛酉,庚午,丙寅,甲辰,戊申
100,2024-02-09 08:00:00+08:00,134.3,134.794,131.119,131.566,9387,HSI,^HSI,10311149260626290767,2025-06-02 08:48:05.114096+08:00,丙辰,癸卯,戊申,辛酉,丙寅,癸卯,戊戌,辛酉,癸未,癸辰,辛寅,戊寅,己酉,乙亥,癸卯,辛酉,庚午,丙寅,甲辰,戊申
101,2024-02-10 08:00:00+08:00,183.75,188.81,174.419,184.274,9955,HSI,^HSI,9479597945817989633,2025-06-02 08:48:05.114096+08:00,戊辰,甲辰,己亥,癸亥,丙寅,甲辰,己酉,辛未,乙未,甲巳,辛寅,甲辰,己酉,乙亥,癸卯,辛酉,庚午,丙寅,甲辰,戊申
102,2024-02-11 08:00:00+08:00,136.494,143.331,129.615,135.13,1949,HSI,^HSI,14083650462687900823,2025-06-02 08:48:05.114096+08:00,庚辰,乙巳,庚子,乙亥,丙寅,甲辰,己酉,辛未,丁未,乙午,壬寅,甲辰,己酉,乙亥,癸卯,辛酉,庚午,丙寅,甲辰,戊申
103,2024-02-12 08:00:00+08:00,123.861,125.969,121.935,124.971,6623,HSI,^HSI,8719481994366960547,2025-06-02 08:48:05.114096+08:00,壬辰,丙午,辛丑,丁亥,丙寅,甲辰,己酉,辛未,己未,丙未,壬寅,甲辰,己酉,乙亥,癸卯,辛酉,庚午,丙寅,甲辰,戊申
104,2024-02-13 08:00:00+08:00,176.617,179.878,170.76,177.43,1678,HSI,^HSI,3582140720088538997,2025-06-02 08:48:05.114096+08:00,甲辰,丁未,壬寅,己亥,丙寅,甲辰,己酉,辛未,辛未,丁申,壬寅,甲辰,己酉,乙亥,癸卯,辛酉,庚午,丙寅,甲辰,戊申
105,2024-02-14 08:00:00+08:00,128.651,137.35,122.208,133.491,9547,HSI,^HSI,5501799566155729502,2025-06-02 08:48:05.114096+08:00,丙辰,戊申,癸卯,辛亥,丙寅,甲辰,己酉,辛未,癸未,戊酉,丁寅,甲辰,己酉,乙亥,癸卯,辛酉,庚午,丙寅,甲辰,戊申
106,2024-02-15 08:00:00+08:00,166.539,174.476,165.558,166.446,1879,HSI,^HSI,9057080546864988384,2025-06-02 08:48:05.114096+08:00,戊辰,己酉,甲辰,癸亥,丙寅,甲辰,己酉,辛未,乙未,己戌,丁寅,甲辰,己酉,乙亥,癸卯,辛酉,庚午,丙寅,甲辰,戊申
107,2024-02-16 08:00:00+08:00,121.832,124.579,119.733,123.207,8310,HSI,^HSI,15372030179711190241,2025-06-02 08:48:05.114096+08:00,庚辰,庚戌,乙巳,乙亥,丙寅,甲辰,己酉,辛未,丁未,庚亥,丁寅,甲辰,己酉,乙亥,癸卯,辛酉,庚午,丙寅,甲辰,戊申
108,2024-02-17 08:00:00+08:00,193.635,200.467,185.116,185.649,3647,HSI,^HSI,997938455592225708,2025-06-02 08:48:05.114096+08:00,壬辰,辛亥,丙午,丁亥,丙寅,甲辰,己酉,辛未,己未,辛子,戊寅,甲辰,己酉,乙亥,癸卯,辛酉,庚午,丙寅,甲辰,戊申
109,2024-02-18 08:00:00+08:00,139.734,143.401,137.11,141.358,1369,HSI,^HSI,6092085469274788635,2025-06-02 08:48:05.114096+08:00,甲辰,壬子,丁未,己亥,丙寅,甲辰,己酉,辛未,辛未,壬丑,戊寅,甲辰,己酉,乙亥,癸卯,辛酉,庚午,丙寅,甲辰,戊申
110,2024-02-19 08:00:00+08:00,174.123,174.799,173.012,174.203,3821,HSI,^HSI,3101213153081135,2025-06-02 08:48:05.114096+08:00,丙辰,癸丑,戊申,辛亥,丙寅,甲辰,己酉,辛未,癸未,癸寅,戊寅,甲辰,己酉,乙亥,癸卯,辛酉,庚午,丙寅,甲辰,戊申
111,2024-02-20 08:00:00+08:00,176.622,184.444,167.865,168.772,1160,HSI,^HSI,15520464751032088231,2025-06-02 08:48:05.114096+08:00,戊辰,甲寅,己酉,癸亥,辛巳,甲辰,己酉,丙戌,乙未,甲卯,癸巳,甲辰,己酉,乙亥,癸卯,辛酉,庚午,丙寅,甲辰,戊申
112,2024-02-21 08:00:00+08:00,195.431,197.619,194.469,197.425,1827,HSI,^HSI,18378786957334848580,2025-06-02 08:48:05.114096+08:00,庚辰,乙卯,庚戌,乙亥,辛巳,甲辰,己酉,丙戌,丁未,乙辰,癸巳,甲辰,己酉,乙亥,癸卯,辛酉,庚午,丙寅,甲辰,戊申
113,2024-02-22 08:00:00+08:00,113.427,117.879,104.652,112.968,3737,HSI,^HSI,13125925430751003077,2025-06-02 08:48:05.114096+08:00,壬辰,丙辰,辛亥,丁亥,辛巳,甲辰,己酉,丙戌,己未,丙巳,癸巳,甲辰,己酉,乙亥,癸卯,辛酉,庚午,丙寅,甲辰,戊申
114,2024-02-23 08:00:00+08:00,152.381,152.948,146.47,150.033,9905,HSI,^HSI,11892049165277410096,2025-06-02 08:48:05.114096+08:00,甲辰,丁巳,壬子,己亥,辛巳,甲辰,己酉,丙戌,辛未,丁午,甲巳,甲辰,己酉,乙亥,癸卯,辛酉,庚午,丙寅,甲辰,戊申
115,2024-02-24 08:00:00+08:00,152.711,153.158,143.854,148.025,6998,HSI,^HSI,8576569867641650701,2025-06-02 08:48:05.114096+08:00,丙辰,戊午,癸丑,辛亥,辛巳,甲辰,己酉,丙戌,癸未,戊未,甲巳,甲辰,己酉,乙亥,癸卯,辛酉,庚午,丙寅,甲辰,戊申
116,2024-02-25 08:00:00+08:00,193.696,194.954,187.166,194.131,7789,HSI,^HSI,3131121336927597535,2025-06-02 08:48:05.114096+08:00,戊辰,己未,甲寅,癸亥,辛巳,甲辰,己酉,丙戌,乙未,己申,甲巳,甲辰,己酉,乙亥,癸卯,辛酉,庚午,丙寅,甲辰,戊申
117,2024-02-26 08:00:00+08:00,105.94,110.89,103.235,108.34,3796,HSI,^HSI,15904579011478841762,2025-06-02 08:48:05.114096+08:00,庚辰,庚申,乙卯,乙亥,辛巳,甲辰,己酉,丙戌,丁未,庚酉,己巳,甲辰,己酉,乙亥,癸卯,辛酉,庚午,丙寅,甲辰,戊申
118,2024-02-27 08:00:00+08:00,159.706,166.496,155.75,159.946,9516,HSI,^HSI,7764242806861268567,2025-06-02 08:48:05.114096+08:00,壬辰,辛酉,丙辰,丁亥,辛巳,甲辰,己酉,丙戌,己未,辛戌,己巳,甲辰,己酉,乙亥,癸卯,辛酉,庚午,丙寅,甲辰,戊申
119,2024-02-28 08:00:00+08:00,153.632,159.775,148.347,158.757,2126,HSI,^HSI,16735318294826717556,2025-06-02 08:48:05.114096+08:00,甲辰,壬戌,丁巳,己亥,辛巳,甲辰,己酉,丙戌,辛未,壬亥,己巳,甲辰,己酉,乙亥,癸卯,辛酉,庚午,丙寅,甲辰,戊申
120,2024-02-29 08:00:00+08:00,138.896,145.382,130.161,130.496,5246,HSI,^HSI,12247289684118675725,2025-06-02 08:48:05.114096+08:00,丙辰,癸亥,戊午,辛亥,辛巳,甲辰,己酉,丙戌,癸未,癸子,庚巳,甲辰,己酉,乙亥,癸卯,辛酉,庚午,丙寅,甲辰,戊申
121,2024-03-01 08:00:00+08:00,135.695,137.775,128.991,133.657,4586,HSI,^HSI,503364195378142192,2025-06-02 08:48:05.114096+08:00,戊辰,甲子,己未,癸亥,辛巳,甲辰,己酉,丙戌,乙未,甲丑,庚巳,甲辰,己酉,乙亥,癸卯,辛酉,庚午,丙寅,甲辰,戊申
122,2024-03-02 08:00:00+08:00,132.007,137.263,124.485,128.154,6192,HSI,^HSI,15750088513297260027,2025-06-02 08:48:05.114096+08:00,庚辰,乙丑,庚申,乙亥,辛巳,甲辰,己酉,丙戌,丁未,乙寅,庚巳,甲辰,己酉,乙亥,癸卯,辛酉,庚午,丙寅,甲辰,戊申
123,2024-03-03 08:00:00+08:00,125.6,126.82,120.992,122.18,6585,HSI,^HSI,706990398155837794,2025-06-02 08:48:05.114096+08:00,壬辰,丙寅,辛酉,丁亥,辛巳,甲辰,己酉,丙戌,己未,丙卯,乙巳,甲辰,己酉,乙亥,癸卯,辛酉,庚午,丙寅,甲辰,戊申
124,2024-03-04 08:00:00+08:00,124.878,134.393,118.716,125.788,7916,HSI,^HSI,16312178869169028865,2025-06-02 08:48:05.114096+08:00,甲辰,丁卯,壬戌,己亥,辛巳,甲辰,己酉,丙戌,辛未,丁辰,乙巳,甲辰,己酉,乙亥,癸卯,辛酉,庚午,丙寅,甲辰,戊申
125,2024-03-05 08:00:00+08:00,135.562,136.718,130.383,132.833,4155,HSI,^HSI,4495152731290988292,2025-06-02 08:48:05.114096+08:00,丙辰,戊辰,癸亥,辛亥,辛巳,甲辰,己酉,丙戌,癸未,戊巳,乙巳,甲辰,己酉,乙亥,癸卯,辛酉,庚午,丙寅,甲辰,戊申
126,2024-03-06 08:00:00+08:00,195,199.486,188.915,195.821,9462,HSI,^HSI,4246983939943515709,2025-06-02 08:48:05.114096+08:00,戊辰,己巳,甲子,癸亥,丁卯,甲辰,己酉,壬申,乙未,己午,丁卯,甲辰,己酉,乙亥,癸卯,辛酉,庚午,丙寅,甲辰,戊申
127,2024-03-07 08:00:00+08:00,152.362,161.611,146.387,151.541,9036,HSI,^HSI,3293091749167117223,2025-06-02 08:48:05.114096+08:00,庚辰,庚午,乙丑,乙亥,丁卯,甲辰,己酉,壬申,丁未,庚未,丁卯,甲辰,己酉,乙亥,癸卯,辛酉,庚午,丙寅,甲辰,戊申
128,2024-03-08 08:00:00+08:00,123.963,133.039,122.691,128.88,6791,HSI,^HSI,7971978348529632997,2025-06-02 08:48:05.114096+08:00,壬辰,辛未,丙寅,丁亥,丁卯,甲辰,己酉,壬申,己未,辛申,丁卯,甲辰,己酉,乙亥,癸卯,辛酉,庚午,丙寅,甲辰,戊申
129,2024-03-09 08:00:00+08:00,111.675,112.811,106.344,111.003,9723,HSI,^HSI,1576909645280631668,2025-06-02 08:48:05.114096+08:00,甲辰,壬申,丁卯,己亥,丁卯,甲辰,己酉,壬申,辛未,壬酉,壬卯,甲辰,己酉,乙亥,癸卯,辛酉,庚午,丙寅,甲辰,戊申
130,2024-03-10 08:00:00+08:00,138.824,141.072,130.734,131.293,1303,HSI,^HSI,2473269271904336035,2025-06-02 08:48:05.114096+08:00,丙辰,癸酉,戊辰,辛亥,丁卯,甲辰,己酉,壬申,癸未,癸戌,壬卯,甲辰,己酉,乙亥,癸卯,辛酉,庚午,丙寅,甲辰,戊申
131,2024-03-11 08:00:00+08:00,141.046,144.537,140.565,143.249,3602,HSI,^HSI,3146593904856301153,2025-06-02 08:48:05.114096+08:00,戊辰,甲戌,己巳,癸亥,丁卯,甲辰,己酉,壬申,乙未,甲亥,壬卯,甲辰,己酉,乙亥,癸卯,辛酉,庚午,丙寅,甲辰,戊申
132,2024-03-12 08:00:00+08:00,195.261,204.065,191.899,195.506,5319,HSI,^HSI,7365313459029887567,2025-06-02 08:48:05.114096+08:00,庚辰,乙亥,庚午,乙亥,丁卯,甲辰,己酉,壬申,丁未,乙子,癸卯,甲辰,己酉,乙亥,癸卯,辛酉,庚午,丙寅,甲辰,戊申
133,2024-03-13 08:00:00+08:00,106.961,116.788,97.9587,101.442,1483,HSI,^HSI,17794516761308257542,2025-06-02 08:48:05.114096+08:00,壬辰,丙子,辛未,丁亥,丁卯,甲辰,己酉,壬申,己未,丙丑,癸卯,甲辰,己酉,乙亥,癸卯,辛酉,庚午,丙寅,甲辰,戊申
134,2024-03-14 08:00:00+08:00,106.453,110.954,98.7535,108.548,5707,HSI,^HSI,8572985305333661913,2025-06-02 08:48:05.114096+08:00,甲辰,丁丑,壬申,己亥,丁卯,甲辰,己酉,壬申,辛未,丁寅,癸卯,甲辰,己酉,乙亥,癸卯,辛酉,庚午,丙寅,甲辰,戊申
135,2024-03-15 08:00:00+08:00,190.47,198.14,181.146,181.287,5051,HSI,^HSI,12010385702809725089,2025-06-02 08:48:05.114096+08:00,丙辰,戊寅,癸酉,辛亥,丁卯,甲辰,己酉,壬申,癸未,戊卯,戊卯,甲辰,己酉,乙亥,癸卯,辛酉,庚午,丙寅,甲辰,戊申
136,2024-03-16 08:00:00+08:00,181.754,184.426,181.002,182.138,2628,HSI,^HSI,3801229864863515398,2025-06-02 08:48:05.114096+08:00,戊辰,己卯,甲戌,癸亥,丁卯,甲辰,己酉,壬申,乙未,己辰,戊卯,甲辰,己酉,乙亥,癸卯,辛酉,庚午,丙寅,甲辰,戊申
137,2024-03-17 08:00:00+08:00,165.115,173.214,164.506,164.998,4757,HSI,^HSI,6843383990311784409,2025-06-02 08:48:05.114096+08:00,庚辰,庚辰,乙亥,乙亥,丁卯,甲辰,己酉,壬申,丁未,庚巳,己卯,甲辰,己酉,乙亥,癸卯,辛酉,庚午,丙寅,甲辰,戊申
138,2024-03-18 08:00:00+08:00,155.425,164.309,151.463,160.764,1092,HSI,^HSI,4394679953433237550,2025-06-02 08:48:05.114096+08:00,壬辰,辛巳,丙子,丁亥,丁卯,甲辰,己酉,壬申,己未,辛午,己卯,甲辰,己酉,乙亥,癸卯,辛酉,庚午,丙寅,甲辰,戊申
139,2024-03-19 08:00:00+08:00,174.626,184.297,169.294,171.049,2596,HSI,^HSI,12390686410393731461,2025-06-02 08:48:05.114096+08:00,甲辰,壬午,丁丑,己亥,丁卯,甲辰,己酉,壬申,辛未,壬未,己卯,甲辰,己酉,乙亥,癸卯,辛酉,庚午,丙寅,甲辰,戊申
140,2024-03-20 08:00:00+08:00,163.237,172.129,162.606,166.109,4639,HSI,^HSI,10029680352246410989,2025-06-02 08:48:05.114096+08:00,丙辰,癸未,戊寅,辛亥,丁卯,甲辰,己酉,壬申,癸未,癸申,甲午,甲辰,己酉,乙亥,癸卯,辛酉,庚午,丙寅,甲辰,戊申
141,2024-03-21 08:00:00+08:00,157.481,166.064,156.357,158.509,7841,HSI,^HSI,13453935114127850931,2025-06-02 08:48:05.114096+08:00,戊辰,甲申,己卯,癸亥,壬午,甲辰,己酉,丁亥,乙未,甲酉,甲午,甲辰,己酉,乙亥,癸卯,辛酉,庚午,丙寅,甲辰,戊申
142,2024-03-22 08:00:00+08:00,169.295,176.955,168.446,175.025,4611,HSI,^HSI,9009908855946796889,2025-06-02 08:48:05.114096+08:00,庚辰,乙酉,庚辰,乙亥,壬午,甲辰,己酉,丁亥,丁未,乙戌,甲午,甲辰,己酉,乙亥,癸卯,辛酉,庚午,丙寅,甲辰,戊申
143,2024-03-23 08:00:00+08:00,154.858,158.9,148.423,149.904,5363,HSI,^HSI,956968496298567103,2025-06-02 08:48:05.114096+08:00,壬辰,丙戌,辛巳,丁亥,壬午,甲辰,己酉,丁亥,己未,丙亥,甲午,甲辰,己酉,乙亥,癸卯,辛酉,庚午,丙寅,甲辰,戊申
144,2024-03-24 08:00:00+08:00,146.752,149.759,144.425,146.145,1032,HSI,^HSI,11087832607493231917,2025-06-02 08:48:05.114096+08:00,甲辰,丁亥,壬午,己亥,壬午,甲辰,己酉,丁亥,辛未,丁子,乙午,甲辰,己酉,乙亥,癸卯,辛酉,庚午,丙寅,甲辰,戊申
145,2024-03-25 08:00:00+08:00,188.507,196.909,180.142,180.692,7706,HSI,^HSI,869346823507958272,2025-06-02 08:48:05.114096+08:00,丙辰,戊子,癸未,辛亥,壬午,甲辰,己酉,丁亥,癸未,戊丑,乙午,甲辰,己酉,乙亥,癸卯,辛酉,庚午,丙寅,甲辰,戊申
146,2024-03-26 08:00:00+08:00,127.233,135.748,126.59,133.101,2837,HSI,^HSI,8803954701204132413,2025-06-02 08:48:05.114096+08:00,戊辰,己丑,甲申,癸亥,壬午,甲辰,己酉,丁亥,乙未,己寅,乙午,甲辰,己酉,乙亥,癸卯,辛酉,庚午,丙寅,甲辰,戊申
147,2024-03-27 08:00:00+08:00,123.791,132.969,120.734,122.744,6555,HSI,^HSI,5042224751812740217,2025-06-02 08:48:05.114096+08:00,庚辰,庚寅,乙酉,乙亥,壬午,甲辰,己酉,丁亥,丁未,庚卯,庚午,甲辰,己酉,乙亥,癸卯,辛酉,庚午,丙寅,甲辰,戊申
148,2024-03-28 08:00:00+08:00,102.639,107.448,101.711,102.23,4232,HSI,^HSI,17584074473874676088,2025-06-02 08:48:05.114096+08:00,壬辰,辛卯,丙戌,丁亥,壬午,甲辰,己酉,丁亥,己未,辛辰,庚午,甲辰,己酉,乙亥,癸卯,辛酉,庚午,丙寅,甲辰,戊申
149,2024-03-29 08:00:00+08:00,160.385,164.801,158.755,161.045,4865,HSI,^HSI,4457232315361288891,2025-06-02 08:48:05.114096+08:00,甲辰,壬辰,丁亥,己亥,壬午,甲辰,己酉,丁亥,辛未,壬巳,庚午,甲辰,己酉,乙亥,癸卯,辛酉,庚午,丙寅,甲辰,戊申
150,2024-03-30 08:00:00+08:00,153.189,160.785,145.54,158.385,4439,HSI,^HSI,4490773889071860840,2025-06-02 08:48:05.114096+08:00,丙辰,癸巳,戊子,辛亥,壬午,甲辰,己酉,丁亥,癸未,癸午,辛午,甲辰,己酉,乙亥,癸卯,辛酉,庚午,丙寅,甲辰,戊申
151,2024-03-31 08:00:00+08:00,135.137,141.801,131.988,135.252,8258,HSI,^HSI,1522035699194636765,2025-06-02 08:48:05.114096+08:00,戊辰,甲午,己丑,癸亥,壬午,甲辰,己酉,丁亥,乙未,甲未,辛午,甲辰,己酉,乙亥,癸卯,辛酉,庚午,丙寅,甲辰,戊申
152,2024-04-01 08:00:00+08:00,104.474,107.187,96.2431,105.069,6486,HSI,^HSI,4268397901409804238,2025-06-02 08:48:05.114096+08:00,庚辰,乙未,庚寅,乙亥,壬午,甲辰,己酉,丁亥,丁未,乙申,辛午,甲辰,己酉,乙亥,癸卯,辛酉,庚午,丙寅,甲辰,戊申
153,2024-04-02 08:00:00+08:00,117.114,120.983,115.654,119.752,1220,HSI,^HSI,857278862057395081,2025-06-02 08:48:05.114096+08:00,壬辰,丙申,辛卯,丁亥,壬午,甲辰,己酉,丁亥,己未,丙酉,丙午,甲辰,己酉,乙亥,癸卯,辛酉,庚午,丙寅,甲辰,戊申
154,2024-04-03 08:00:00+08:00,142.499,152.373,138.481,140.548,2497,HSI,^HSI,11235825084514812824,2025-06-02 08:48:05.114096+08:00,甲辰,丁酉,壬辰,己亥,壬午,甲辰,己酉,丁亥,辛未,丁戌,丙午,甲辰,己酉,乙亥,癸卯,辛酉,庚午,丙寅,甲辰,戊申
155,2024-04-04 08:00:00+08:00,196.953,198.698,187.134,189.372,4037,HSI,^HSI,3254199999230536701,2025-06-02 08:48:05.114096+08:00,丙辰,戊戌,癸巳,辛亥,壬午,甲辰,己酉,丁亥,癸未,戊亥,丙午,甲辰,己酉,乙亥,癸卯,辛酉,庚午,丙寅,甲辰,戊申
156,2024-04-05 08:00:00+08:00,106.441,115.905,104.366,104.799,2579,HSI,^HSI,14517145442287323466,2025-06-02 08:48:05.114096+08:00,戊辰,己亥,甲午,癸亥,戊辰,甲辰,己酉,癸酉,乙未,己子,戊辰,甲辰,己酉,乙亥,癸卯,辛酉,庚午,丙寅,甲辰,戊申
157,2024-04-06 08:00:00+08:00,166.423,172.895,163.027,172.398,7656,HSI,^HSI,9511030250161500402,2025-06-02 08:48:05.114096+08:00,庚辰,庚子,乙未,乙亥,戊辰,甲辰,己酉,癸酉,丁未,庚丑,戊辰,甲辰,己酉,乙亥,癸卯,辛酉,庚午,丙寅,甲辰,戊申
158,2024-04-07 08:00:00+08:00,162.289,170.593,159.421,166.011,5446,HSI,^HSI,8346536034235770463,2025-06-02 08:48:05.114096+08:00,壬辰,辛丑,丙申,丁亥,戊辰,甲辰,己酉,癸酉,己未,辛寅,戊辰,甲辰,己酉,乙亥,癸卯,辛酉,庚午,丙寅,甲辰,戊申
159,2024-04-08 08:00:00+08:00,152.892,158.752,148.413,154.184,8378,HSI,^HSI,9895879169371590406,2025-06-02 08:48:05.114096+08:00,甲辰,壬寅,丁酉,己亥,戊辰,甲辰,己酉,癸酉,辛未,壬卯,癸辰,甲辰,己酉,乙亥,癸卯,辛酉,庚午,丙寅,甲辰,戊申
160,2024-04-09 08:00:00+08:00,162.396,169.932,159.015,165.776,5770,HSI,^HSI,15485392671882532627,2025-06-02 08:48:05.114096+08:00,丙辰,癸卯,戊戌,辛亥,戊辰,甲辰,己酉,癸酉,癸未,癸辰,癸辰,甲巳,己酉,乙亥,癸卯,辛酉,庚午,丙寅,甲辰,戊申
161,2024-04-10 08:00:00+08:00,121.274,127.421,119.812,125.837,6606,HSI,^HSI,11742048541239425719,2025-06-02 08:48:05.114096+08:00,戊辰,甲辰,己亥,癸亥,戊辰,甲辰,己酉,癸酉,乙未,甲巳,癸辰,甲巳,己酉,乙亥,癸卯,辛酉,庚午,丙寅,甲辰,戊申
162,2024-04-11 08:00:00+08:00,168.246,172.118,164.101,167.31,4572,HSI,^HSI,7111903432470991095,2025-06-02 08:48:05.114096+08:00,庚辰,乙巳,庚子,乙亥,戊辰,甲辰,己酉,癸酉,丁未,乙午,甲辰,甲巳,己酉,乙亥,癸卯,辛酉,庚午,丙寅,甲辰,戊申
163,2024-04-12 08:00:00+08:00,149.821,152.843,145.838,150.355,2898,HSI,^HSI,814440206871155229,2025-06-02 08:48:05.114096+08:00,壬辰,丙午,辛丑,丁亥,戊辰,甲辰,己酉,癸酉,己未,丙未,甲辰,甲巳,己酉,乙亥,癸卯,辛酉,庚午,丙寅,甲辰,戊申
164,2024-04-13 08:00:00+08:00,125.125,134.092,120.936,127.089,2691,HSI,^HSI,14936844732411377541,2025-06-02 08:48:05.114096+08:00,甲辰,丁未,壬寅,己亥,戊辰,甲辰,己酉,癸酉,辛未,丁申,甲辰,甲巳,己酉,乙亥,癸卯,辛酉,庚午,丙寅,甲辰,戊申
165,2024-04-14 08:00:00+08:00,135.726,140.988,125.923,139.682,8114,HSI,^HSI,576464729543051168,2025-06-02 08:48:05.114096+08:00,丙辰,戊申,癸卯,辛亥,戊辰,甲辰,己酉,癸酉,癸未,戊酉,己辰,甲巳,己酉,乙亥,癸卯,辛酉,庚午,丙寅,甲辰,戊申
166,2024-04-15 08:00:00+08:00,181.107,181.929,171.557,172.857,4278,HSI,^HSI,17061137385854937298,2025-06-02 08:48:05.114096+08:00,戊辰,己酉,甲辰,癸亥,戊辰,甲辰,己酉,癸酉,乙未,己戌,己辰,甲巳,己酉,乙亥,癸卯,辛酉,庚午,丙寅,甲辰,戊申
167,2024-04-16 08:00:00+08:00,151.802,159.925,142.396,146.827,6812,HSI,^HSI,2961651223143370461,2025-06-02 08:48:05.114096+08:00,庚辰,庚戌,乙巳,乙亥,戊辰,甲辰,己酉,癸酉,丁未,庚亥,己辰,甲巳,己酉,乙亥,癸卯,辛酉,庚午,丙寅,甲辰,戊申
168,2024-04-17 08:00:00+08:00,159.735,164.459,150.484,155.913,5325,HSI,^HSI,3656434051067294592,2025-06-02 08:48:05.114096+08:00,壬辰,辛亥,丙午,丁亥,戊辰,甲辰,己酉,癸酉,己未,辛子,庚辰,甲巳,己酉,乙亥,癸卯,辛酉,庚午,丙寅,甲辰,戊申
169,2024-04-18 08:00:00+08:00,195.63,203.831,192.453,194.849,1156,HSI,^HSI,564358718819054127,2025-06-02 08:48:05.114096+08:00,甲辰,壬子,丁未,己亥,戊辰,甲辰,己酉,癸酉,辛未,壬丑,庚辰,甲巳,己酉,乙亥,癸卯,辛酉,庚午,丙寅,甲辰,戊申
170,2024-04-19 08:00:00+08:00,180.076,184.89,176.518,179.779,3509,HSI,^HSI,5049487035779881156,2025-06-02 08:48:05.114096+08:00,丙辰,癸丑,戊申,辛亥,戊辰,甲辰,己酉,癸酉,癸未,癸寅,庚辰,甲巳,己酉,乙亥,癸卯,辛酉,庚午,丙寅,甲辰,戊申
171,2024-04-20 08:00:00+08:00,190.264,197.798,180.81,183.514,5889,HSI,^HSI,16102881916593827969,2025-06-02 08:48:05.114096+08:00,戊辰,甲寅,己酉,癸亥,癸未,甲辰,己酉,戊子,乙未,甲卯,乙未,甲巳,己酉,乙亥,癸卯,辛酉,庚午,丙寅,甲辰,戊申
172,2024-04-21 08:00:00+08:00,191.894,194.977,183.647,190.582,7251,HSI,^HSI,11857768508645437192,2025-06-02 08:48:05.114096+08:00,庚辰,乙卯,庚戌,乙亥,癸未,甲辰,己酉,戊子,丁未,乙辰,乙未,甲巳,己酉,乙亥,癸卯,辛酉,庚午,丙寅,甲辰,戊申
173,2024-04-22 08:00:00+08:00,172.161,175.197,170.347,172.839,3674,HSI,^HSI,2691248826962560983,2025-06-02 08:48:05.114096+08:00,壬辰,丙辰,辛亥,丁亥,癸未,甲辰,己酉,戊子,己未,丙巳,乙未,甲巳,己酉,乙亥,癸卯,辛酉,庚午,丙寅,甲辰,戊申
174,2024-04-23 08:00:00+08:00,188.762,191.006,182.432,183.67,1621,HSI,^HSI,7689243356995743985,2025-06-02 08:48:05.114096+08:00,甲辰,丁巳,壬子,己亥,癸未,甲辰,己酉,戊子,辛未,丁午,丙未,甲巳,己酉,乙亥,癸卯,辛酉,庚午,丙寅,甲辰,戊申
175,2024-04-24 08:00:00+08:00,143.38,144.365,141.973,143.852,7439,HSI,^HSI,12329226366336992154,2025-06-02 08:48:05.114096+08:00,丙辰,戊午,癸丑,辛亥,癸未,甲辰,己酉,戊子,癸未,戊未,丙未,甲巳,己酉,乙亥,癸卯,辛酉,庚午,丙寅,甲辰,戊申
176,2024-04-25 08:00:00+08:00,103.041,108.177,100.242,103.935,1867,HSI,^HSI,14499038133055266264,2025-06-02 08:48:05.114096+08:00,戊辰,己未,甲寅,癸亥,癸未,甲辰,己酉,戊子,乙未,己申,丙未,甲巳,己酉,乙亥,癸卯,辛酉,庚午,丙寅,甲辰,戊申
177,2024-04-26 08:00:00+08:00,154.082,161.065,152.122,156.175,5547,HSI,^HSI,17261010624206687205,2025-06-02 08:48:05.114096+08:00,庚辰,庚申,乙卯,乙亥,癸未,甲辰,己酉,戊子,丁未,庚酉,辛未,甲巳,己酉,乙亥,癸卯,辛酉,庚午,丙寅,甲辰,戊申
178,2024-04-27 08:00:00+08:00,133.449,143.437,133.169,142.727,9329,HSI,^HSI,11169203593261411331,2025-06-02 08:48:05.114096+08:00,壬辰,辛酉,丙辰,丁亥,癸未,甲辰,己酉,戊子,己未,辛戌,辛未,甲巳,己酉,乙亥,癸卯,辛酉,庚午,丙寅,甲辰,戊申
179,2024-04-28 08:00:00+08:00,174.375,181.76,166.12,171.635,1335,HSI,^HSI,3125067000608796217,2025-06-02 08:48:05.114096+08:00,甲辰,壬戌,丁巳,己亥,癸未,甲辰,己酉,戊子,辛未,壬亥,辛未,甲巳,己酉,乙亥,癸卯,辛酉,庚午,丙寅,甲辰,戊申
180,2024-04-29 08:00:00+08:00,147.443,151.811,141.383,146.348,7432,HSI,^HSI,16345595599899580116,2025-06-02 08:48:05.114096+08:00,丙辰,癸亥,戊午,辛亥,癸未,甲辰,己酉,戊子,癸未,癸子,壬未,甲巳,己酉,乙亥,癸卯,辛酉,庚午,丙寅,甲辰,戊申
181,2024-04-30 08:00:00+08:00,136.857,139.939,129.722,137.391,9064,HSI,^HSI,3821505586746569137,2025-06-02 08:48:05.114096+08:00,戊辰,甲子,己未,癸亥,癸未,甲辰,己酉,戊子,乙未,甲丑,壬未,甲巳,己酉,乙亥,癸卯,辛酉,庚午,丙寅,甲辰,戊申
182,2024-05-01 08:00:00+08:00,157.9,161.748,157.333,161.617,2862,HSI,^HSI,614743004539347428,2025-06-02 08:48:05.114096+08:00,庚辰,乙丑,庚申,乙亥,癸未,甲辰,己酉,戊子,丁未,乙寅,壬未,甲巳,己酉,乙亥,癸卯,辛酉,庚午,丙寅,甲辰,戊申
183,2024-05-02 08:00:00+08:00,142.926,151.692,138.746,149.688,9306,HSI,^HSI,4613350979534032439,2025-06-02 08:48:05.114096+08:00,壬辰,丙寅,辛酉,丁亥,癸未,甲辰,己酉,戊子,己未,丙卯,丁未,甲巳,己酉,乙亥,癸卯,辛酉,庚午,丙寅,甲辰,戊申
184,2024-05-03 08:00:00+08:00,107.658,108.426,98.9917,106.056,6358,HSI,^HSI,6012142410635634865,2025-06-02 08:48:05.114096+08:00,甲辰,丁卯,壬戌,己亥,癸未,甲辰,己酉,戊子,辛未,丁辰,丁未,甲巳,己酉,乙亥,癸卯,辛酉,庚午,丙寅,甲辰,戊申
185,2024-05-04 08:00:00+08:00,129.994,135.014,129.626,132.685,3536,HSI,^HSI,17668624362889328415,2025-06-02 08:48:05.114096+08:00,丙辰,戊辰,癸亥,辛亥,癸未,甲辰,己酉,戊子,癸未,戊巳,丁未,甲巳,己酉,乙亥,癸卯,辛酉,庚午,丙寅,甲辰,戊申
186,2024-05-05 08:00:00+08:00,104.056,104.148,95.1983,102.521,4569,HSI,^HSI,17596597731609266424,2025-06-02 08:48:05.114096+08:00,戊辰,己巳,甲子,癸亥,己巳,甲辰,己酉,甲戌,乙未,己午,戊申,甲巳,己酉,乙亥,癸卯,辛酉,庚午,丙寅,甲辰,戊申
187,2024-05-06 08:00:00+08:00,187.831,194.052,182.852,189.436,7693,HSI,^HSI,2488759156881541510,2025-06-02 08:48:05.114096+08:00,庚辰,庚午,乙丑,乙亥,己巳,甲辰,己酉,甲戌,丁未,庚未,己巳,甲巳,己酉,乙亥,癸卯,辛酉,庚午,丙寅,甲辰,戊申
188,2024-05-07 08:00:00+08:00,103.865,111.664,97.7222,101.028,1440,HSI,^HSI,12333644919212431564,2025-06-02 08:48:05.114096+08:00,壬辰,辛未,丙寅,丁亥,己巳,甲辰,己酉,甲戌,己未,辛申,己巳,甲巳,己酉,乙亥,癸卯,辛酉,庚午,丙寅,甲辰,戊申
189,2024-05-08 08:00:00+08:00,128.39,136.392,119.242,134.66,8377,HSI,^HSI,309637266471415299,2025-06-02 08:48:05.114096+08:00,甲辰,壬申,丁卯,己亥,己巳,甲辰,己酉,甲戌,辛未,壬酉,己巳,甲巳,己酉,乙亥,癸卯,辛酉,庚午,丙寅,甲辰,戊申
190,2024-05-09 08:00:00+08:00,169.276,178.28,163.459,165.731,3846,HSI,^HSI,17139389005591531197,2025-06-02 08:48:05.114096+08:00,丙辰,癸酉,戊辰,辛亥,己巳,甲辰,己酉,甲戌,癸未,癸戌,甲巳,甲巳,己酉,乙亥,癸卯,辛酉,庚午,丙寅,甲辰,戊申
191,2024-05-10 08:00:00+08:00,152.485,154.797,150.178,152.244,8192,HSI,^HSI,1185239415922790968,2025-06-02 08:48:05.114096+08:00,戊辰,甲戌,己巳,癸亥,己巳,甲辰,己酉,甲戌,乙未,甲亥,甲巳,甲巳,己酉,乙亥,癸卯,辛酉,庚午,丙寅,甲辰,戊申
192,2024-05-11 08:00:00+08:00,163.966,169.372,162.492,169.117,3962,HSI,^HSI,621368128047216668,2025-06-02 08:48:05.114096+08:00,庚辰,乙亥,庚午,乙亥,己巳,甲辰,己酉,甲戌,丁未,乙子,甲巳,甲巳,己酉,乙亥,癸卯,辛酉,庚午,丙寅,甲辰,戊申
193,2024-05-12 08:00:00+08:00,196.781,203.75,189.243,192.386,4938,HSI,^HSI,1655406702851698642,2025-06-02 08:48:05.114096+08:00,壬辰,丙子,辛未,丁亥,己巳,甲辰,己酉,甲戌,己未,丙丑,乙巳,甲巳,己酉,乙亥,癸卯,辛酉,庚午,丙寅,甲辰,戊申
194,2024-05-13 08:00:00+08:00,154.907,158.057,154.779,155.334,8007,HSI,^HSI,14594985727777617107,2025-06-02 08:48:05.114096+08:00,甲辰,丁丑,壬申,己亥,己巳,甲辰,己酉,甲戌,辛未,丁寅,乙巳,甲巳,己酉,乙亥,癸卯,辛酉,庚午,丙寅,甲辰,戊申
195,2024-05-14 08:00:00+08:00,133.47,142.892,130.381,138.612,8542,HSI,^HSI,9088207210332293655,2025-06-02 08:48:05.114096+08:00,丙辰,戊寅,癸酉,辛亥,己巳,甲辰,己酉,甲戌,癸未,戊卯,乙巳,甲巳,己酉,乙亥,癸卯,辛酉,庚午,丙寅,甲辰,戊申
196,2024-05-15 08:00:00+08:00,176.688,185.771,174.236,181.89,7848,HSI,^HSI,1127028143909875109,2025-06-02 08:48:05.114096+08:00,戊辰,己卯,甲戌,癸亥,己巳,甲辰,己酉,甲戌,乙未,己辰,庚巳,甲巳,己酉,乙亥,癸卯,辛酉,庚午,丙寅,甲辰,戊申
197,2024-05-16 08:00:00+08:00,165.518,168.471,165.442,166.279,7945,HSI,^HSI,15883328405027597792,2025-06-02 08:48:05.114096+08:00,庚辰,庚辰,乙亥,乙亥,己巳,甲辰,己酉,甲戌,丁未,庚巳,庚巳,甲巳,己酉,乙亥,癸卯,辛酉,庚午,丙寅,甲辰,戊申
198,2024-05-17 08:00:00+08:00,180.377,184.986,178.841,183.42,3698,HSI,^HSI,3487853592824144637,2025-06-02 08:48:05.114096+08:00,壬辰,辛巳,丙子,丁亥,己巳,甲辰,己酉,甲戌,己未,辛午,庚巳,甲巳,己酉,乙亥,癸卯,辛酉,庚午,丙寅,甲辰,戊申
199,2024-05-18 08:00:00+08:00,140.622,148.363,136.368,141.243,3836,HSI,^HSI,12102561552004550848,2025-06-02 08:48:05.114096+08:00,甲辰,壬午,丁丑,己亥,己巳,甲辰,己酉,甲戌,辛未,壬未,辛巳,甲巳,己酉,乙亥,癸卯,辛酉,庚午,丙寅,甲辰,戊申
200,2024-05-19 08:00:00+08:00,134.761,140.201,132.165,138.277,7343,HSI,^HSI,12865230896983785330,2025-06-02 08:48:05.114096+08:00,丙辰,癸未,戊寅,辛亥,己巳,甲辰,己酉,甲戌,癸未,癸申,辛巳,甲巳,己酉,乙亥,癸卯,辛酉,庚午,丙寅,甲辰,戊申
201,2024-05-20 08:00:00+08:00,169.947,178.098,166.66,172.29,6023,HSI,^HSI,505250890069916336,2025-06-02 08:48:05.114096+08:00,戊辰,甲申,己卯,癸亥,己巳,甲辰,己酉,甲戌,乙未,甲酉,辛巳,甲巳,己酉,乙亥,癸卯,辛酉,庚午,丙寅,甲辰,戊申
202,2024-05-21 08:00:00+08:00,153.84,154.126,153.616,154.011,4707,HSI,^HSI,2560929729797931751,2025-06-02 08:48:05.114096+08:00,庚辰,乙酉,庚辰,乙亥,甲申,甲辰,己酉,己丑,丁未,乙戌,丙申,甲巳,己酉,乙亥,癸卯,辛酉,庚午,丙寅,甲辰,戊申
203,2024-05-22 08:00:00+08:00,145.285,154.382,138.245,143.809,2703,HSI,^HSI,15668973390974942097,2025-06-02 08:48:05.114096+08:00,壬辰,丙戌,辛巳,丁亥,甲申,甲辰,己酉,己丑,己未,丙亥,丙申,甲巳,己酉,乙亥,癸卯,辛酉,庚午,丙寅,甲辰,戊申
204,2024-05-23 08:00:00+08:00,142.326,147.517,141.601,144.216,9834,HSI,^HSI,16796216508986119782,2025-06-02 08:48:05.114096+08:00,甲辰,丁亥,壬午,己亥,甲申,甲辰,己酉,己丑,辛未,丁子,丙申,甲巳,己酉,乙亥,癸卯,辛酉,庚午,丙寅,甲辰,戊申
205,2024-05-24 08:00:00+08:00,180.836,187.758,179.963,182.719,8490,HSI,^HSI,7298626082717515104,2025-06-02 08:48:05.114096+08:00,丙辰,戊子,癸未,辛亥,甲申,甲辰,己酉,己丑,癸未,戊丑,丁申,甲巳,己酉,乙亥,癸卯,辛酉,庚午,丙寅,甲辰,戊申
206,2024-05-25 08:00:00+08:00,141.038,146.163,135.91,137.607,6212,HSI,^HSI,17694894826785833143,2025-06-02 08:48:05.114096+08:00,戊辰,己丑,甲申,癸亥,甲申,甲辰,己酉,己丑,乙未,己寅,丁申,甲巳,己酉,乙亥,癸卯,辛酉,庚午,丙寅,甲辰,戊申
207,2024-05-26 08:00:00+08:00,134.564,143.68,128.529,136.071,2044,HSI,^HSI,18098290202598358045,2025-06-02 08:48:05.114096+08:00,庚辰,庚寅,乙酉,乙亥,甲申,甲辰,己酉,己丑,丁未,庚卯,丁申,甲巳,己酉,乙亥,癸卯,辛酉,庚午,丙寅,甲辰,戊申
208,2024-05-27 08:00:00+08:00,108.912,115.793,100.102,113.943,8353,HSI,^HSI,15593451410733912001,2025-06-02 08:48:05.114096+08:00,壬辰,辛卯,丙戌,丁亥,甲申,甲辰,己酉,己丑,己未,辛辰,壬申,甲巳,己酉,乙亥,癸卯,辛酉,庚午,丙寅,甲辰,戊申
209,2024-05-28 08:00:00+08:00,187.6,196.178,180.494,189.159,9933,HSI,^HSI,11300274477694310321,2025-06-02 08:48:05.114096+08:00,甲辰,壬辰,丁亥,己亥,甲申,甲辰,己酉,己丑,辛未,壬巳,壬申,甲巳,己酉,乙亥,癸卯,辛酉,庚午,丙寅,甲辰,戊申
210,2024-05-29 08:00:00+08:00,160.419,166.141,155.317,158.59,5378,HSI,^HSI,14933817411961082293,2025-06-02 08:48:05.114096+08:00,丙辰,癸巳,戊子,辛亥,甲申,甲辰,己酉,己丑,癸未,癸午,壬申,甲巳,己酉,乙亥,癸卯,辛酉,庚午,丙寅,甲辰,戊申
211,2024-05-30 08:00:00+08:00,116.502,117.718,110.043,117.482,9029,HSI,^HSI,16523779813391084246,2025-06-02 08:48:05.114096+08:00,戊辰,甲午,己丑,癸亥,甲申,甲辰,己酉,己丑,乙未,甲未,癸申,甲巳,己酉,乙亥,癸卯,辛酉,庚午,丙寅,甲辰,戊申
212,2024-05-31 08:00:00+08:00,168.208,170.121,164.849,168.988,9127,HSI,^HSI,10315722342147467148,2025-06-02 08:48:05.114096+08:00,庚辰,乙未,庚寅,乙亥,甲申,甲辰,己酉,己丑,丁未,乙申,癸申,甲巳,己酉,乙亥,癸卯,辛酉,庚午,丙寅,甲辰,戊申
213,2024-06-01 08:00:00+08:00,159.593,168.447,154.475,164.498,4408,HSI,^HSI,12113546852335394415,2025-06-02 08:48:05.114096+08:00,壬辰,丙申,辛卯,丁亥,甲申,甲辰,己酉,己丑,己未,丙酉,癸申,甲巳,己酉,乙亥,癸卯,辛酉,庚午,丙寅,甲辰,戊申
214,2024-06-02 08:00:00+08:00,126.005,128.216,121.417,121.857,5328,HSI,^HSI,12878337195081308248,2025-06-02 08:48:05.114096+08:00,甲辰,丁酉,壬辰,己亥,甲申,甲辰,己酉,己丑,辛未,丁戌,癸申,甲巳,己酉,乙亥,癸卯,辛酉,庚午,丙寅,甲辰,戊申
215,2024-06-03 08:00:00+08:00,105.28,113.233,101.752,112.114,4706,HSI,^HSI,2142419901094897914,2025-06-02 08:48:05.114096+08:00,丙辰,戊戌,癸巳,辛亥,甲申,甲辰,己酉,己丑,癸未,戊亥,戊申,甲巳,己酉,乙亥,癸卯,辛酉,庚午,丙寅,甲辰,戊申
216,2024-06-04 08:00:00+08:00,167.044,174.307,166.553,173.034,2744,HSI,^HSI,10999243902246560449,2025-06-02 08:48:05.114096+08:00,戊辰,己亥,甲午,癸亥,甲申,甲辰,己酉,己丑,乙未,己子,戊申,甲巳,己酉,乙亥,癸卯,辛酉,庚午,丙寅,甲辰,戊申
217,2024-06-05 08:00:00+08:00,137.499,140.463,128.004,135.325,4053,HSI,^HSI,10083356002279447907,2025-06-02 08:48:05.114096+08:00,庚辰,庚子,乙未,乙亥,甲申,甲辰,己酉,己丑,丁未,庚丑,戊申,甲巳,己酉,乙亥,癸卯,辛酉,庚午,丙寅,甲辰,戊申
218,2024-06-06 08:00:00+08:00,166.166,168.852,161.761,163.363,3164,HSI,^HSI,10792106244571284015,2025-06-02 08:48:05.114096+08:00,壬辰,辛丑,丙午,丁酉,庚午,己未,甲寅,乙丑,己未,辛寅,庚午,甲午,己酉,乙亥,癸卯,辛酉,庚午,丙寅,甲辰,戊申
219,2024-06-07 08:00:00+08:00,111.932,118.529,107.447,109.91,1144,HSI,^HSI,14934678659452188685,2025-06-02 08:48:05.114096+08:00,甲辰,壬寅,丁未,己酉,庚午,己未,甲寅,乙丑,辛未,壬卯,庚午,甲午,己酉,乙亥,癸卯,辛酉,庚午,丙寅,甲辰,戊申
220,2024-06-08 08:00:00+08:00,100.422,108.442,95.4197,95.5612,8937,HSI,^HSI,8508281784977813690,2025-06-02 08:48:05.114096+08:00,丙辰,癸卯,戊申,辛酉,庚午,己未,甲寅,乙丑,癸未,癸辰,庚午,甲午,己酉,乙亥,癸卯,辛酉,庚午,丙寅,甲辰,戊申
221,2024-06-09 08:00:00+08:00,196.043,203.354,191.497,194.079,1839,HSI,^HSI,15510413696923049863,2025-06-02 08:48:05.114096+08:00,戊辰,甲辰,己酉,癸酉,庚午,己未,甲寅,乙丑,乙未,甲巳,乙午,甲午,己酉,乙亥,癸卯,辛酉,庚午,丙寅,甲辰,戊申
222,2024-06-10 08:00:00+08:00,106.912,114.374,98.5702,102.921,7561,HSI,^HSI,1963302784140227954,2025-06-02 08:48:05.114096+08:00,庚辰,乙巳,庚戌,乙酉,庚午,己未,甲寅,乙丑,丁未,乙午,乙午,甲午,己酉,乙亥,癸卯,辛酉,庚午,丙寅,甲辰,戊申
223,2024-06-11 08:00:00+08:00,147.408,154.634,143.527,145.933,6626,HSI,^HSI,144409914241578304,2025-06-02 08:48:05.114096+08:00,壬辰,丙午,辛亥,丁酉,庚午,己未,甲寅,乙丑,己未,丙未,乙午,甲午,己酉,乙亥,癸卯,辛酉,庚午,丙寅,甲辰,戊申
224,2024-06-12 08:00:00+08:00,144.599,153.358,144.447,151.857,7370,HSI,^HSI,2310900286573541784,2025-06-02 08:48:05.114096+08:00,甲辰,丁未,壬子,己酉,庚午,己未,甲寅,乙丑,辛未,丁申,丙午,甲午,己酉,乙亥,癸卯,辛酉,庚午,丙寅,甲辰,戊申
225,2024-06-13 08:00:00+08:00,168.598,174.906,166.853,173.219,5012,HSI,^HSI,12066024385999557552,2025-06-02 08:48:05.114096+08:00,丙辰,戊申,癸丑,辛酉,庚午,己未,甲寅,乙丑,癸未,戊酉,丙午,甲午,己酉,乙亥,癸卯,辛酉,庚午,丙寅,甲辰,戊申
226,2024-06-14 08:00:00+08:00,190.038,199.416,182.089,185.012,6461,HSI,^HSI,14330606383969444652,2025-06-02 08:48:05.114096+08:00,戊辰,己酉,甲寅,癸酉,庚午,己未,甲寅,乙丑,乙未,己戌,丙午,甲午,己酉,乙亥,癸卯,辛酉,庚午,丙寅,甲辰,戊申
227,2024-06-15 08:00:00+08:00,129.089,137.777,123.081,125.285,9552,HSI,^HSI,18281712609481484999,2025-06-02 08:48:05.114096+08:00,庚辰,庚戌,乙卯,乙酉,庚午,己未,甲寅,乙丑,丁未,庚亥,辛午,甲午,己酉,乙亥,癸卯,辛酉,庚午,丙寅,甲辰,戊申
228,2024-06-16 08:00:00+08:00,145.273,153.369,135.51,139.629,8052,HSI,^HSI,7381531325333146825,2025-06-02 08:48:05.114096+08:00,壬辰,辛亥,丙辰,丁酉,庚午,己未,甲寅,乙丑,己未,辛子,辛午,甲午,己酉,乙亥,癸卯,辛酉,庚午,丙寅,甲辰,戊申
229,2024-06-17 08:00:00+08:00,140.371,149.413,135.742,142.669,5211,HSI,^HSI,8005853960853532205,2025-06-02 08:48:05.114096+08:00,甲辰,壬子,丁巳,己酉,庚午,己未,甲寅,乙丑,辛未,壬丑,辛午,甲午,己酉,乙亥,癸卯,辛酉,庚午,丙寅,甲辰,戊申
230,2024-06-18 08:00:00+08:00,196.267,199.896,189.52,198.022,5361,HSI,^HSI,4709383080695291842,2025-06-02 08:48:05.114096+08:00,丙辰,癸丑,戊午,辛酉,庚午,己未,甲寅,乙丑,癸未,癸寅,壬午,甲午,己酉,乙亥,癸卯,辛酉,庚午,丙寅,甲辰,戊申
231,2024-06-19 08:00:00+08:00,123.8,130.799,118.373,123.965,3631,HSI,^HSI,14999260780534644184,2025-06-02 08:48:05.114096+08:00,戊辰,甲寅,己未,癸酉,庚午,己未,甲寅,乙丑,乙未,甲卯,壬午,甲午,己酉,乙亥,癸卯,辛酉,庚午,丙寅,甲辰,戊申
232,2024-06-20 08:00:00+08:00,105.469,111.817,96.7465,103.731,8803,HSI,^HSI,8736278732165773846,2025-06-02 08:48:05.114096+08:00,庚辰,乙卯,庚申,乙酉,庚午,己未,甲寅,乙丑,丁未,乙辰,壬午,甲午,己酉,乙亥,癸卯,辛酉,庚午,丙寅,甲辰,戊申
233,2024-06-21 08:00:00+08:00,128.557,136.407,126.706,135.304,7686,HSI,^HSI,236832618750089433,2025-06-02 08:48:05.114096+08:00,壬辰,丙辰,辛酉,丁酉,乙酉,己未,甲寅,庚辰,己未,丙巳,丁酉,甲午,己酉,乙亥,癸卯,辛酉,庚午,丙寅,甲辰,戊申
234,2024-06-22 08:00:00+08:00,149.172,151.38,141.285,149.741,2745,HSI,^HSI,13418729728139468093,2025-06-02 08:48:05.114096+08:00,甲辰,丁巳,壬戌,己酉,乙酉,己未,甲寅,庚辰,辛未,丁午,丁酉,甲午,己酉,乙亥,癸卯,辛酉,庚午,丙寅,甲辰,戊申
235,2024-06-23 08:00:00+08:00,115.535,119.605,112.418,112.873,8575,HSI,^HSI,12889194628640007601,2025-06-02 08:48:05.114096+08:00,丙辰,戊午,癸亥,辛酉,乙酉,己未,甲寅,庚辰,癸未,戊未,丁酉,甲午,己酉,乙亥,癸卯,辛酉,庚午,丙寅,甲辰,戊申
236,2024-06-24 08:00:00+08:00,187.933,196.46,180.438,188.43,4192,HSI,^HSI,8564953957611121683,2025-06-02 08:48:05.114096+08:00,戊辰,己未,甲子,癸酉,乙酉,己未,甲寅,庚辰,乙未,己申,丁酉,甲午,己酉,乙亥,癸卯,辛酉,庚午,丙寅,甲辰,戊申
237,2024-06-25 08:00:00+08:00,102.712,105.704,96.8784,99.4536,2017,HSI,^HSI,15511321611340637845,2025-06-02 08:48:05.114096+08:00,庚辰,庚申,乙丑,乙酉,乙酉,己未,甲寅,庚辰,丁未,庚酉,戊酉,甲午,己酉,乙亥,癸卯,辛酉,庚午,丙寅,甲辰,戊申
238,2024-06-26 08:00:00+08:00,165.673,175.044,165.144,170.3,9147,HSI,^HSI,1040220090741418011,2025-06-02 08:48:05.114096+08:00,壬辰,辛酉,丙寅,丁酉,乙酉,己未,甲寅,庚辰,己未,辛戌,戊酉,甲午,己酉,乙亥,癸卯,辛酉,庚午,丙寅,甲辰,戊申
239,2024-06-27 08:00:00+08:00,171.254,173.217,168.101,172.424,2529,HSI,^HSI,1653859207620580766,2025-06-02 08:48:05.114096+08:00,甲辰,壬戌,丁卯,己酉,乙酉,己未,甲寅,庚辰,辛未,壬亥,戊酉,甲午,己酉,乙亥,癸卯,辛酉,庚午,丙寅,甲辰,戊申
240,2024-06-28 08:00:00+08:00,114.288,120.771,106.829,113.451,5721,HSI,^HSI,2412031557621419799,2025-06-02 08:48:05.114096+08:00,丙辰,癸亥,戊辰,辛酉,乙酉,己未,甲寅,庚辰,癸未,癸子,癸酉,甲午,己酉,乙亥,癸卯,辛酉,庚午,丙寅,甲辰,戊申
241,2024-06-29 08:00:00+08:00,183.7,183.72,175.993,176.188,5115,HSI,^HSI,8596337572051769832,2025-06-02 08:48:05.114096+08:00,戊辰,甲子,己巳,癸酉,乙酉,己未,甲寅,庚辰,乙未,甲丑,癸酉,甲午,己酉,乙亥,癸卯,辛酉,庚午,丙寅,甲辰,戊申
242,2024-06-30 08:00:00+08:00,142.91,152.319,137.769,140.033,6450,HSI,^HSI,1463302525611622780,2025-06-02 08:48:05.114096+08:00,庚辰,乙丑,庚午,乙酉,乙酉,己未,甲寅,庚辰,丁未,乙寅,癸酉,甲午,己酉,乙亥,癸卯,辛酉,庚午,丙寅,甲辰,戊申
243,2024-07-01 08:00:00+08:00,118.283,125.925,114.108,120.087,4891,HSI,^HSI,15405040358040507840,2025-06-02 08:48:05.114096+08:00,壬辰,丙寅,辛未,丁酉,乙酉,己未,甲寅,庚辰,己未,丙卯,甲酉,甲午,己酉,乙亥,癸卯,辛酉,庚午,丙寅,甲辰,戊申
244,2024-07-02 08:00:00+08:00,110.113,118.701,101.57,103.293,4951,HSI,^HSI,2220618753543664628,2025-06-02 08:48:05.114096+08:00,甲辰,丁卯,壬申,己酉,乙酉,己未,甲寅,庚辰,辛未,丁辰,甲酉,甲午,己酉,乙亥,癸卯,辛酉,庚午,丙寅,甲辰,戊申
245,2024-07-03 08:00:00+08:00,195.265,195.35,188.077,194.419,8162,HSI,^HSI,10805507679924913745,2025-06-02 08:48:05.114096+08:00,丙辰,戊辰,癸酉,辛酉,乙酉,己未,甲寅,庚辰,癸未,戊巳,甲酉,甲午,己酉,乙亥,癸卯,辛酉,庚午,丙寅,甲辰,戊申
246,2024-07-04 08:00:00+08:00,143.093,147.055,140.336,141.91,5856,HSI,^HSI,2104840676727561657,2025-06-02 08:48:05.114096+08:00,戊辰,己巳,甲戌,癸酉,乙酉,己未,甲寅,庚辰,乙未,己午,己酉,甲午,己酉,乙亥,癸卯,辛酉,庚午,丙寅,甲辰,戊申
247,2024-07-05 08:00:00+08:00,123.491,130.537,114.302,120.712,5835,HSI,^HSI,10036282154939399798,2025-06-02 08:48:05.114096+08:00,庚辰,庚午,乙亥,乙酉,乙酉,己未,甲寅,庚辰,丁未,庚未,己酉,甲午,己酉,乙亥,癸卯,辛酉,庚午,丙寅,甲辰,戊申
248,2024-07-06 08:00:00+08:00,164.559,170.029,156.059,158.367,8110,HSI,^HSI,17621874730712174443,2025-06-02 08:48:05.114096+08:00,壬辰,辛未,丙子,丁酉,乙酉,己未,甲寅,庚辰,己未,辛申,己酉,甲午,己酉,乙亥,癸卯,辛酉,庚午,丙寅,甲辰,戊申
249,2024-07-07 08:00:00+08:00,138.477,143.677,132.803,138.487,2213,HSI,^HSI,2920344908481226829,2025-06-02 08:48:05.114096+08:00,甲辰,壬申,丁丑,己酉,辛未,己未,甲寅,丙寅,辛未,壬酉,辛未,甲午,己酉,乙亥,癸卯,辛酉,庚午,丙寅,甲辰,戊申
250,2024-07-08 08:00:00+08:00,133.884,134.256,125.566,131.897,4579,HSI,^HSI,4604830980128067590,2025-06-02 08:48:05.114096+08:00,丙辰,癸酉,戊寅,辛酉,辛未,己未,甲寅,丙寅,癸未,癸戌,辛未,甲午,己酉,乙亥,癸卯,辛酉,庚午,丙寅,甲辰,戊申
251,2024-07-09 08:00:00+08:00,168.537,176.843,161.904,164.756,2261,HSI,^HSI,836753331215035267,2025-06-02 08:48:05.114096+08:00,戊辰,甲戌,己卯,癸酉,辛未,己未,甲寅,丙寅,乙未,甲亥,辛未,甲午,己酉,乙亥,癸卯,辛酉,庚午,丙寅,甲辰,戊申
252,2024-07-10 08:00:00+08:00,166.167,175.572,158.047,170.662,1336,HSI,^HSI,2515706425699283601,2025-06-02 08:48:05.114096+08:00,庚辰,乙亥,庚辰,乙酉,辛未,己未,甲寅,丙寅,丁未,乙子,丙未,甲午,己酉,乙亥,癸卯,辛酉,庚午,丙寅,甲辰,戊申
253,2024-07-11 08:00:00+08:00,185.213,191.264,182.893,183.66,1047,HSI,^HSI,12594827780418282050,2025-06-02 08:48:05.114096+08:00,壬辰,丙子,辛巳,丁酉,辛未,己未,甲寅,丙寅,己未,丙丑,丙未,甲午,己酉,乙亥,癸卯,辛酉,庚午,丙寅,甲辰,戊申
254,2024-07-12 08:00:00+08:00,132.261,140.163,123.331,132.127,9519,HSI,^HSI,17740816399038848435,2025-06-02 08:48:05.114096+08:00,甲辰,丁丑,壬午,己酉,辛未,己未,甲寅,丙寅,辛未,丁寅,丙未,甲午,己酉,乙亥,癸卯,辛酉,庚午,丙寅,甲辰,戊申
255,2024-07-13 08:00:00+08:00,110.607,113.825,108.494,113.381,3383,HSI,^HSI,16579494644259855618,2025-06-02 08:48:05.114096+08:00,丙辰,戊寅,癸未,辛酉,辛未,己未,甲寅,丙寅,癸未,戊卯,丁未,甲午,己酉,乙亥,癸卯,辛酉,庚午,丙寅,甲辰,戊申
256,2024-07-14 08:00:00+08:00,195.75,200.38,195.225,198.815,2210,HSI,^HSI,17777278510121897865,2025-06-02 08:48:05.114096+08:00,戊辰,己卯,甲申,癸酉,辛未,己未,甲寅,丙寅,乙未,己辰,丁未,甲午,己酉,乙亥,癸卯,辛酉,庚午,丙寅,甲辰,戊申
257,2024-07-15 08:00:00+08:00,133.344,140.596,133.324,138.613,1231,HSI,^HSI,10364913621850603621,2025-06-02 08:48:05.114096+08:00,庚辰,庚辰,乙酉,乙酉,辛未,己未,甲寅,丙寅,丁未,庚巳,丁未,甲午,己酉,乙亥,癸卯,辛酉,庚午,丙寅,甲辰,戊申
258,2024-07-16 08:00:00+08:00,199.737,201.837,196.568,200.845,1016,HSI,^HSI,16223239994330080773,2025-06-02 08:48:05.114096+08:00,壬辰,辛巳,丙戌,丁酉,辛未,己未,甲寅,丙寅,己未,辛午,丁未,甲午,己酉,乙亥,癸卯,辛酉,庚午,丙寅,甲辰,戊申
259,2024-07-17 08:00:00+08:00,150.501,155.229,150.02,153.457,4289,HSI,^HSI,1231058441551557535,2025-06-02 08:48:05.114096+08:00,甲辰,壬午,丁亥,己酉,辛未,己未,甲寅,丙寅,辛未,壬未,壬未,甲午,己酉,乙亥,癸卯,辛酉,庚午,丙寅,甲辰,戊申
260,2024-07-18 08:00:00+08:00,125.707,131.403,123.503,124.269,1253,HSI,^HSI,9744773518507337678,2025-06-02 08:48:05.114096+08:00,丙辰,癸未,戊子,辛酉,辛未,己未,甲寅,丙寅,癸未,癸申,壬未,甲午,己酉,乙亥,癸卯,辛酉,庚午,丙寅,甲辰,戊申
261,2024-07-19 08:00:00+08:00,104.879,111.355,98.8417,103.53,5583,HSI,^HSI,2810220693789742064,2025-06-02 08:48:05.114096+08:00,戊辰,甲申,己丑,癸酉,辛未,己未,甲寅,丙寅,乙未,甲酉,壬未,甲午,己酉,乙亥,癸卯,辛酉,庚午,丙寅,甲辰,戊申
262,2024-07-20 08:00:00+08:00,187.68,193.653,182.307,187.803,7129,HSI,^HSI,6773649673986368603,2025-06-02 08:48:05.114096+08:00,庚辰,乙酉,庚寅,乙酉,辛未,己未,甲寅,丙寅,丁未,乙戌,癸未,甲午,己酉,乙亥,癸卯,辛酉,庚午,丙寅,甲辰,戊申
263,2024-07-21 08:00:00+08:00,198.314,200.008,194.15,194.591,2214,HSI,^HSI,15057705737369954294,2025-06-02 08:48:05.114096+08:00,壬辰,丙戌,辛卯,丁酉,辛未,己未,甲寅,丙寅,己未,丙亥,癸未,甲午,己酉,乙亥,癸卯,辛酉,庚午,丙寅,甲辰,戊申
264,2024-07-22 08:00:00+08:00,189.944,197.095,181.176,185.307,8678,HSI,^HSI,7743757079616801391,2025-06-02 08:48:05.114096+08:00,甲辰,丁亥,壬辰,己酉,辛未,己未,甲寅,丙寅,辛未,丁子,癸未,甲午,己酉,乙亥,癸卯,辛酉,庚午,丙寅,甲辰,戊申
265,2024-07-23 08:00:00+08:00,145.57,149.696,144.521,145.027,8247,HSI,^HSI,14726435735536438285,2025-06-02 08:48:05.114096+08:00,丙辰,戊子,癸巳,辛酉,丙戌,己未,甲寅,辛巳,癸未,戊丑,戊戌,甲午,己酉,乙亥,癸卯,辛酉,庚午,丙寅,甲辰,戊申
266,2024-07-24 08:00:00+08:00,178.332,186.245,174.324,175.075,1906,HSI,^HSI,16470733795648770654,2025-06-02 08:48:05.114096+08:00,戊辰,己丑,甲午,癸酉,丙戌,己未,甲寅,辛巳,乙未,己寅,戊戌,甲午,己酉,乙亥,癸卯,辛酉,庚午,丙寅,甲辰,戊申
267,2024-07-25 08:00:00+08:00,144.62,154.619,143.647,144.789,4897,HSI,^HSI,17540687503509897234,2025-06-02 08:48:05.114096+08:00,庚辰,庚寅,乙未,乙酉,丙戌,己未,甲寅,辛巳,丁未,庚卯,戊戌,甲午,己酉,乙亥,癸卯,辛酉,庚午,丙寅,甲辰,戊申
268,2024-07-26 08:00:00+08:00,157.2,164.365,156.382,164.298,1242,HSI,^HSI,12958741404183753174,2025-06-02 08:48:05.114096+08:00,壬辰,辛卯,丙申,丁酉,丙戌,己未,甲寅,辛巳,己未,辛辰,己戌,甲午,己酉,乙亥,癸卯,辛酉,庚午,丙寅,甲辰,戊申
269,2024-07-27 08:00:00+08:00,111.5,117.497,108.244,112.772,7836,HSI,^HSI,15377894725491519107,2025-06-02 08:48:05.114096+08:00,甲辰,壬辰,丁酉,己酉,丙戌,己未,甲寅,辛巳,辛未,壬巳,己戌,甲午,己酉,乙亥,癸卯,辛酉,庚午,丙寅,甲辰,戊申
270,2024-07-28 08:00:00+08:00,150.995,157.135,143.84,143.918,2441,HSI,^HSI,4755830684392906685,2025-06-02 08:48:05.114096+08:00,丙辰,癸巳,戊戌,辛酉,丙戌,己未,甲寅,辛巳,癸未,癸午,己戌,甲午,己酉,乙亥,癸卯,辛酉,庚午,丙寅,甲辰,戊申
271,2024-07-29 08:00:00+08:00,190.724,198.553,190.359,191.288,4789,HSI,^HSI,2432248490420787683,2025-06-02 08:48:05.114096+08:00,戊辰,甲午,己亥,癸酉,丙戌,己未,甲寅,辛巳,乙未,甲未,甲戌,甲午,己酉,乙亥,癸卯,辛酉,庚午,丙寅,甲辰,戊申
272,2024-07-30 08:00:00+08:00,111.522,116.77,104.002,112.337,2187,HSI,^HSI,14801693119648482339,2025-06-02 08:48:05.114096+08:00,庚辰,乙未,庚子,乙酉,丙戌,己未,甲寅,辛巳,丁未,乙申,甲戌,甲午,己酉,乙亥,癸卯,辛酉,庚午,丙寅,甲辰,戊申
273,2024-07-31 08:00:00+08:00,180.849,183.001,174.259,178.011,1006,HSI,^HSI,17615789780473789486,2025-06-02 08:48:05.114096+08:00,壬辰,丙申,辛丑,丁酉,丙戌,己未,甲寅,辛巳,己未,丙酉,甲戌,甲午,己酉,乙亥,癸卯,辛酉,庚午,丙寅,甲辰,戊申
274,2024-08-01 08:00:00+08:00,180.678,185.158,174.71,175.425,2187,HSI,^HSI,18325190569732348587,2025-06-02 08:48:05.114096+08:00,甲辰,丁酉,壬寅,己酉,丙戌,己未,甲寅,辛巳,辛未,丁戌,乙戌,甲午,己酉,乙亥,癸卯,辛酉,庚午,丙寅,甲辰,戊申
275,2024-08-02 08:00:00+08:00,120.357,120.582,113.603,114.009,1023,HSI,^HSI,14665082627442879104,2025-06-02 08:48:05.114096+08:00,丙辰,戊戌,癸卯,辛酉,丙戌,己未,甲寅,辛巳,癸未,戊亥,乙戌,甲午,己酉,乙亥,癸卯,辛酉,庚午,丙寅,甲辰,戊申
276,2024-08-03 08:00:00+08:00,155.73,161.122,148.666,149.912,9158,HSI,^HSI,5280737568763833977,2025-06-02 08:48:05.114096+08:00,戊辰,己亥,甲辰,癸酉,丙戌,己未,甲寅,辛巳,乙未,己子,乙戌,甲午,己酉,乙亥,癸卯,辛酉,庚午,丙寅,甲辰,戊申
277,2024-08-04 08:00:00+08:00,182.171,187.6,179.501,185.701,3111,HSI,^HSI,11014230060183725736,2025-06-02 08:48:05.114096+08:00,庚辰,庚子,乙巳,乙酉,丙戌,己未,甲寅,辛巳,丁未,庚丑,庚戌,己未,己酉,乙亥,癸卯,辛酉,庚午,丙寅,甲辰,戊申
278,2024-08-05 08:00:00+08:00,124.314,133.846,123.986,125.695,2824,HSI,^HSI,12302733377192457947,2025-06-02 08:48:05.114096+08:00,壬辰,辛丑,丙午,丁酉,丙戌,己未,甲寅,辛巳,己未,辛寅,庚戌,己未,己酉,乙亥,癸卯,辛酉,庚午,丙寅,甲辰,戊申
279,2024-08-06 08:00:00+08:00,174.579,183.305,168.549,171.833,4616,HSI,^HSI,7719403423439146557,2025-06-02 08:48:05.114096+08:00,甲辰,壬寅,丁未,己酉,丙戌,己未,甲寅,辛巳,辛未,壬卯,庚戌,己未,己酉,乙亥,癸卯,辛酉,庚午,丙寅,甲辰,戊申
280,2024-08-07 08:00:00+08:00,191.251,191.701,189.851,191.186,9131,HSI,^HSI,7963733984375002238,2025-06-02 08:48:05.114096+08:00,丙辰,癸卯,戊申,辛酉,壬申,己未,甲寅,丁卯,癸未,癸辰,辛亥,己未,己酉,乙亥,癸卯,辛酉,庚午,丙寅,甲辰,戊申
281,2024-08-08 08:00:00+08:00,163.605,171.888,159.478,170.191,6647,HSI,^HSI,13698225662704122705,2025-06-02 08:48:05.114096+08:00,戊辰,甲辰,己酉,癸酉,壬申,己未,甲寅,丁卯,乙未,甲巳,壬申,己未,己酉,乙亥,癸卯,辛酉,庚午,丙寅,甲辰,戊申
282,2024-08-09 08:00:00+08:00,179.625,180.449,178.739,179.099,1228,HSI,^HSI,18131248263768985564,2025-06-02 08:48:05.114096+08:00,庚辰,乙巳,庚戌,乙酉,壬申,己未,甲寅,丁卯,丁未,乙午,壬申,己未,己酉,乙亥,癸卯,辛酉,庚午,丙寅,甲辰,戊申
283,2024-08-10 08:00:00+08:00,132.509,137.205,129.319,132.13,9730,HSI,^HSI,6901347032254189446,2025-06-02 08:48:05.114096+08:00,壬辰,丙午,辛亥,丁酉,壬申,己未,甲寅,丁卯,己未,丙未,壬申,己未,己酉,乙亥,癸卯,辛酉,庚午,丙寅,甲辰,戊申
284,2024-08-11 08:00:00+08:00,179.222,185.763,174.152,185.39,9443,HSI,^HSI,4233405408484908420,2025-06-02 08:48:05.114096+08:00,甲辰,丁未,壬子,己酉,壬申,己未,甲寅,丁卯,辛未,丁申,丁申,己未,己酉,乙亥,癸卯,辛酉,庚午,丙寅,甲辰,戊申
285,2024-08-12 08:00:00+08:00,102.902,110.854,95.8656,96.7904,2563,HSI,^HSI,7870090393040361629,2025-06-02 08:48:05.114096+08:00,丙辰,戊申,癸丑,辛酉,壬申,己未,甲寅,丁卯,癸未,戊酉,丁申,己未,己酉,乙亥,癸卯,辛酉,庚午,丙寅,甲辰,戊申
286,2024-08-13 08:00:00+08:00,134.009,141.145,124.949,129.449,3575,HSI,^HSI,9667429707321763348,2025-06-02 08:48:05.114096+08:00,戊辰,己酉,甲寅,癸酉,壬申,己未,甲寅,丁卯,乙未,己戌,丁申,己未,己酉,乙亥,癸卯,辛酉,庚午,丙寅,甲辰,戊申
287,2024-08-14 08:00:00+08:00,133.87,138.616,128.254,137.809,5559,HSI,^HSI,15228005149694788392,2025-06-02 08:48:05.114096+08:00,庚辰,庚戌,乙卯,乙酉,壬申,己未,甲寅,丁卯,丁未,庚亥,戊申,己未,己酉,乙亥,癸卯,辛酉,庚午,丙寅,甲辰,戊申
288,2024-08-15 08:00:00+08:00,137.912,140.113,137.584,139.892,6188,HSI,^HSI,12297463592932596617,2025-06-02 08:48:05.114096+08:00,壬辰,辛亥,丙辰,丁酉,壬申,己未,甲寅,丁卯,己未,辛子,戊申,己未,己酉,乙亥,癸卯,辛酉,庚午,丙寅,甲辰,戊申
289,2024-08-16 08:00:00+08:00,179.008,185.264,174.81,181.553,5135,HSI,^HSI,13887667712933435511,2025-06-02 08:48:05.114096+08:00,甲辰,壬子,丁巳,己酉,壬申,己未,甲寅,丁卯,辛未,壬丑,戊申,己未,己酉,乙亥,癸卯,辛酉,庚午,丙寅,甲辰,戊申
290,2024-08-17 08:00:00+08:00,185.871,191.424,180.693,190.443,4928,HSI,^HSI,17387747218168417515,2025-06-02 08:48:05.114096+08:00,丙辰,癸丑,戊午,辛酉,壬申,己未,甲寅,丁卯,癸未,癸寅,癸申,己未,己酉,乙亥,癸卯,辛酉,庚午,丙寅,甲辰,戊申
291,2024-08-18 08:00:00+08:00,124.073,134.058,119.447,128.005,6228,HSI,^HSI,1738945626243961865,2025-06-02 08:48:05.114096+08:00,戊辰,甲寅,己未,癸酉,壬申,己未,甲寅,丁卯,乙未,甲卯,癸申,己未,己酉,乙亥,癸卯,辛酉,庚午,丙寅,甲辰,戊申
292,2024-08-19 08:00:00+08:00,112.094,121.334,111.848,112.119,5173,HSI,^HSI,15476354502409106298,2025-06-02 08:48:05.114096+08:00,庚辰,乙卯,庚申,乙酉,壬申,己未,甲寅,丁卯,丁未,乙辰,癸申,己未,己酉,乙亥,癸卯,辛酉,庚午,丙寅,甲辰,戊申
293,2024-08-20 08:00:00+08:00,167.705,174.689,163.684,170.466,2881,HSI,^HSI,8817488313722162874,2025-06-02 08:48:05.114096+08:00,壬辰,丙辰,辛酉,丁酉,壬申,己未,甲寅,丁卯,己未,丙巳,甲申,己未,己酉,乙亥,癸卯,辛酉,庚午,丙寅,甲辰,戊申
294,2024-08-21 08:00:00+08:00,101.504,110.191,98.9204,102.242,1282,HSI,^HSI,5568959416914162052,2025-06-02 08:48:05.114096+08:00,甲辰,丁巳,壬戌,己酉,壬申,己未,甲寅,丁卯,辛未,丁午,甲申,己未,己酉,乙亥,癸卯,辛酉,庚午,丙寅,甲辰,戊申
295,2024-08-22 08:00:00+08:00,119.977,120.57,111.086,114.43,1616,HSI,^HSI,16407523409520084350,2025-06-02 08:48:05.114096+08:00,丙辰,戊午,癸亥,辛酉,壬申,己未,甲寅,丁卯,癸未,戊未,甲申,己未,己酉,乙亥,癸卯,辛酉,庚午,丙寅,甲辰,戊申
296,2024-08-23 08:00:00+08:00,191.734,196.197,187.52,189.002,7427,HSI,^HSI,17833542275976346097,2025-06-02 08:48:05.114096+08:00,戊辰,己未,甲子,癸酉,丁亥,己未,甲寅,壬午,乙未,己申,己亥,己未,己酉,乙亥,癸卯,辛酉,庚午,丙寅,甲辰,戊申
297,2024-08-24 08:00:00+08:00,198.07,200.506,192.821,196.646,9384,HSI,^HSI,310003989119697739,2025-06-02 08:48:05.114096+08:00,庚辰,庚申,乙丑,乙酉,丁亥,己未,甲寅,壬午,丁未,庚酉,己亥,己未,己酉,乙亥,癸卯,辛酉,庚午,丙寅,甲辰,戊申
298,2024-08-25 08:00:00+08:00,120.032,126.337,118.149,126.237,1664,HSI,^HSI,3920387755150571584,2025-06-02 08:48:05.114096+08:00,壬辰,辛酉,丙寅,丁酉,丁亥,己未,甲寅,壬午,己未,辛戌,己亥,己未,己酉,乙亥,癸卯,辛酉,庚午,丙寅,甲辰,戊申
299,2024-08-26 08:00:00+08:00,191.215,200.023,189.945,195.917,7357,HSI,^HSI,5132755215370011424,2025-06-02 08:48:05.114096+08:00,甲辰,壬戌,丁卯,己酉,丁亥,己未,甲寅,壬午,辛未,壬亥,庚亥,己未,己酉,乙亥,癸卯,辛酉,庚午,丙寅,甲辰,戊申
300,2024-08-27 08:00:00+08:00,114.85,118.664,112.701,112.975,7600,HSI,^HSI,9653957634757386087,2025-06-02 08:48:05.114096+08:00,丙辰,癸亥,戊辰,辛酉,丁亥,己未,甲寅,壬午,癸未,癸子,庚亥,己未,己酉,乙亥,癸卯,辛酉,庚午,丙寅,甲辰,戊申
301,2024-08-28 08:00:00+08:00,107.734,113.415,99.0752,111.401,6925,HSI,^HSI,951377272280499938,2025-06-02 08:48:05.114096+08:00,戊辰,甲子,己巳,癸酉,丁亥,己未,甲寅,壬午,乙未,甲丑,庚亥,己未,己酉,乙亥,癸卯,辛酉,庚午,丙寅,甲辰,戊申
302,2024-08-29 08:00:00+08:00,145.295,149.214,141.61,148.914,9818,HSI,^HSI,14390617168090237616,2025-06-02 08:48:05.114096+08:00,庚辰,乙丑,庚午,乙酉,丁亥,己未,甲寅,壬午,丁未,乙寅,乙亥,己未,己酉,乙亥,癸卯,辛酉,庚午,丙寅,甲辰,戊申
303,2024-08-30 08:00:00+08:00,161.101,163.926,156.886,162.797,8949,HSI,^HSI,4643315271399705493,2025-06-02 08:48:05.114096+08:00,壬辰,丙寅,辛未,丁酉,丁亥,己未,甲寅,壬午,己未,丙卯,乙亥,己未,己酉,乙亥,癸卯,辛酉,庚午,丙寅,甲辰,戊申
304,2024-08-31 08:00:00+08:00,149.094,153.67,141.892,148.022,7495,HSI,^HSI,3498763694676358307,2025-06-02 08:48:05.114096+08:00,甲辰,丁卯,壬申,己酉,丁亥,己未,甲寅,壬午,辛未,丁辰,乙亥,己未,己酉,乙亥,癸卯,辛酉,庚午,丙寅,甲辰,戊申
305,2024-09-01 08:00:00+08:00,106.452,111.3,105.308,109.165,6559,HSI,^HSI,15950141182381133911,2025-06-02 08:48:05.114096+08:00,丙辰,戊辰,癸酉,辛酉,丁亥,己未,甲寅,壬午,癸未,戊巳,丙亥,己未,己酉,乙亥,癸卯,辛酉,庚午,丙寅,甲辰,戊申
306,2024-09-02 08:00:00+08:00,135.685,144.74,131.879,140.318,7572,HSI,^HSI,1928821127007973690,2025-06-02 08:48:05.114096+08:00,戊辰,己巳,甲戌,癸酉,丁亥,己未,甲寅,壬午,乙未,己午,丙亥,己未,己酉,乙亥,癸卯,辛酉,庚午,丙寅,甲辰,戊申
307,2024-09-03 08:00:00+08:00,112.382,113.88,110.777,113.646,3603,HSI,^HSI,6829285206788237664,2025-06-02 08:48:05.114096+08:00,庚辰,庚午,乙亥,乙酉,丁亥,己未,甲寅,壬午,丁未,庚未,丙亥,己未,己酉,乙亥,癸卯,辛酉,庚午,丙寅,甲辰,戊申
308,2024-09-04 08:00:00+08:00,195.605,204.116,187.805,195.93,6803,HSI,^HSI,8414686582165773262,2025-06-02 08:48:05.114096+08:00,壬辰,辛未,丙子,丁酉,丁亥,己未,甲寅,壬午,己未,辛申,丙亥,己未,己酉,乙亥,癸卯,辛酉,庚午,丙寅,甲辰,戊申
309,2024-09-05 08:00:00+08:00,192.845,194.816,186.854,190.208,9200,HSI,^HSI,11396120696299013617,2025-06-02 08:48:05.114096+08:00,甲辰,壬申,丁丑,己酉,丁亥,己未,甲寅,壬午,辛未,壬酉,辛亥,己未,己酉,乙亥,癸卯,辛酉,庚午,丙寅,甲辰,戊申
310,2024-09-06 08:00:00+08:00,162.688,172.352,155.325,158.27,6558,HSI,^HSI,3861946899016793632,2025-06-02 08:48:05.114096+08:00,丙辰,癸酉,戊寅,辛酉,丁亥,己未,甲寅,壬午,癸未,癸戌,辛亥,己未,己酉,乙亥,癸卯,辛酉,庚午,丙寅,甲辰,戊申
311,2024-09-07 08:00:00+08:00,140.409,146.305,135.231,139.813,5447,HSI,^HSI,7708854081790460067,2025-06-02 08:48:05.114096+08:00,戊辰,甲戌,己卯,癸酉,丁亥,己未,甲寅,壬午,乙未,甲亥,辛亥,己未,己酉,乙亥,癸卯,辛酉,庚午,丙寅,甲辰,戊申
312,2024-09-08 08:00:00+08:00,156.309,164.54,152.03,157.591,3190,HSI,^HSI,14743912017732019453,2025-06-02 08:48:05.114096+08:00,庚辰,乙亥,庚辰,乙酉,癸酉,己未,甲寅,戊辰,丁未,乙子,癸酉,己未,己酉,乙亥,癸卯,辛酉,庚午,丙寅,甲辰,戊申
313,2024-09-09 08:00:00+08:00,105.149,112.608,102.415,107.584,2050,HSI,^HSI,3693998914369183958,2025-06-02 08:48:05.114096+08:00,壬辰,丙子,辛巳,丁酉,癸酉,己未,甲寅,戊辰,己未,丙丑,癸酉,己未,己酉,乙亥,癸卯,辛酉,庚午,丙寅,甲辰,戊申
314,2024-09-10 08:00:00+08:00,162.733,169.506,162.367,168.164,6285,HSI,^HSI,17151333479742729349,2025-06-02 08:48:05.114096+08:00,甲辰,丁丑,壬午,己酉,癸酉,己未,甲寅,戊辰,辛未,丁寅,癸酉,己未,己酉,乙亥,癸卯,辛酉,庚午,丙寅,甲辰,戊申
315,2024-09-11 08:00:00+08:00,101.129,111.099,95.8076,96.894,7619,HSI,^HSI,11265499869393286809,2025-06-02 08:48:05.114096+08:00,丙辰,戊寅,癸未,辛酉,癸酉,己未,甲寅,戊辰,癸未,戊卯,戊酉,己未,己酉,乙亥,癸卯,辛酉,庚午,丙寅,甲辰,戊申
316,2024-09-12 08:00:00+08:00,159.733,161.36,153.253,156.955,4464,HSI,^HSI,5619005175828220084,2025-06-02 08:48:05.114096+08:00,戊辰,己卯,甲申,癸酉,癸酉,己未,甲寅,戊辰,乙未,己辰,戊酉,己未,己酉,乙亥,癸卯,辛酉,庚午,丙寅,甲辰,戊申
317,2024-09-13 08:00:00+08:00,165.926,171.008,165.576,166.149,8411,HSI,^HSI,5284756395181001710,2025-06-02 08:48:05.114096+08:00,庚辰,庚辰,乙酉,乙酉,癸酉,己未,甲寅,戊辰,丁未,庚巳,戊酉,己未,己酉,乙亥,癸卯,辛酉,庚午,丙寅,甲辰,戊申
318,2024-09-14 08:00:00+08:00,189.965,196.924,188.307,189.812,5817,HSI,^HSI,5982709729875369735,2025-06-02 08:48:05.114096+08:00,壬辰,辛巳,丙戌,丁酉,癸酉,己未,甲寅,戊辰,己未,辛午,己酉,己未,己酉,乙亥,癸卯,辛酉,庚午,丙寅,甲辰,戊申
319,2024-09-15 08:00:00+08:00,182.083,187.479,178.532,178.766,6954,HSI,^HSI,6852490335165032541,2025-06-02 08:48:05.114096+08:00,甲辰,壬午,丁亥,己酉,癸酉,己未,甲寅,戊辰,辛未,壬未,己酉,己未,己酉,乙亥,癸卯,辛酉,庚午,丙寅,甲辰,戊申
320,2024-09-16 08:00:00+08:00,173.481,176.442,168.268,168.283,8510,HSI,^HSI,14478064677829492732,2025-06-02 08:48:05.114096+08:00,丙辰,癸未,戊子,辛酉,癸酉,己未,甲寅,戊辰,癸未,癸申,己酉,己未,己酉,乙亥,癸卯,辛酉,庚午,丙寅,甲辰,戊申
321,2024-09-17 08:00:00+08:00,128.875,137.138,121.111,132.343,5824,HSI,^HSI,13820228342382089955,2025-06-02 08:48:05.114096+08:00,戊辰,甲申,己丑,癸酉,癸酉,己未,甲寅,戊辰,乙未,甲酉,甲酉,己未,己酉,乙亥,癸卯,辛酉,庚午,丙寅,甲辰,戊申
322,2024-09-18 08:00:00+08:00,196.871,204.383,192.387,192.764,9782,HSI,^HSI,4138833689852084703,2025-06-02 08:48:05.114096+08:00,庚辰,乙酉,庚寅,乙酉,癸酉,己未,甲寅,戊辰,丁未,乙戌,甲酉,己未,己酉,乙亥,癸卯,辛酉,庚午,丙寅,甲辰,戊申
323,2024-09-19 08:00:00+08:00,160.7,169.847,153.604,166.939,4204,HSI,^HSI,16094597569772494734,2025-06-02 08:48:05.114096+08:00,壬辰,丙戌,辛卯,丁酉,癸酉,己未,甲寅,戊辰,己未,丙亥,甲酉,己未,己酉,乙亥,癸卯,辛酉,庚午,丙寅,甲辰,戊申
324,2024-09-20 08:00:00+08:00,133.224,138.342,129.242,135.615,9451,HSI,^HSI,1155931187980487520,2025-06-02 08:48:05.114096+08:00,甲辰,丁亥,壬辰,己酉,癸酉,己未,甲寅,戊辰,辛未,丁子,乙酉,己未,己酉,乙亥,癸卯,辛酉,庚午,丙寅,甲辰,戊申
325,2024-09-21 08:00:00+08:00,150.36,158.939,148.574,154.475,5832,HSI,^HSI,5995324623045611475,2025-06-02 08:48:05.114096+08:00,丙辰,戊子,癸巳,辛酉,癸酉,己未,甲寅,戊辰,癸未,戊丑,乙酉,己未,己酉,乙亥,癸卯,辛酉,庚午,丙寅,甲辰,戊申
326,2024-09-22 08:00:00+08:00,101.363,104.685,91.5152,101.314,2538,HSI,^HSI,13376795812130385283,2025-06-02 08:48:05.114096+08:00,戊辰,己丑,甲午,癸酉,癸酉,己未,甲寅,戊辰,乙未,己寅,乙酉,己未,己酉,乙亥,癸卯,辛酉,庚午,丙寅,甲辰,戊申
327,2024-09-23 08:00:00+08:00,156.764,159.761,147.678,158.224,3215,HSI,^HSI,16863152282139679720,2025-06-02 08:48:05.114096+08:00,庚辰,庚寅,乙未,乙酉,戊子,己未,甲寅,癸未,丁未,庚卯,庚子,己未,己酉,乙亥,癸卯,辛酉,庚午,丙寅,甲辰,戊申
328,2024-09-24 08:00:00+08:00,160.36,161.121,153.085,155.642,9909,HSI,^HSI,279262570165474738,2025-06-02 08:48:05.114096+08:00,壬辰,辛卯,丙申,丁酉,戊子,己未,甲寅,癸未,己未,辛辰,庚子,己未,己酉,乙亥,癸卯,辛酉,庚午,丙寅,甲辰,戊申
329,2024-09-25 08:00:00+08:00,109.344,119.316,99.6225,111.296,2239,HSI,^HSI,14027983727701291868,2025-06-02 08:48:05.114096+08:00,甲辰,壬辰,丁酉,己酉,戊子,己未,甲寅,癸未,辛未,壬巳,庚子,己未,己酉,乙亥,癸卯,辛酉,庚午,丙寅,甲辰,戊申
330,2024-09-26 08:00:00+08:00,186.042,189.144,182.331,187.363,9664,HSI,^HSI,18201937277681602702,2025-06-02 08:48:05.114096+08:00,丙辰,癸巳,戊戌,辛酉,戊子,己未,甲寅,癸未,癸未,癸午,辛子,己未,己酉,乙亥,癸卯,辛酉,庚午,丙寅,甲辰,戊申
331,2024-09-27 08:00:00+08:00,132.555,135.395,125.847,129.873,1405,HSI,^HSI,1268561911338622761,2025-06-02 08:48:05.114096+08:00,戊辰,甲午,己亥,癸酉,戊子,己未,甲寅,癸未,乙未,甲未,辛子,己未,己酉,乙亥,癸卯,辛酉,庚午,丙寅,甲辰,戊申
332,2024-09-28 08:00:00+08:00,148.447,153.513,147.391,148.419,7414,HSI,^HSI,624708410285429480,2025-06-02 08:48:05.114096+08:00,庚辰,乙未,庚子,乙酉,戊子,己未,甲寅,癸未,丁未,乙申,辛子,己未,己酉,乙亥,癸卯,辛酉,庚午,丙寅,甲辰,戊申
333,2024-09-29 08:00:00+08:00,108.357,111.719,103.921,105.065,6995,HSI,^HSI,18375293513404546811,2025-06-02 08:48:05.114096+08:00,壬辰,丙申,辛丑,丁酉,戊子,己未,甲寅,癸未,己未,丙酉,丙子,己未,己酉,乙亥,癸卯,辛酉,庚午,丙寅,甲辰,戊申
334,2024-09-30 08:00:00+08:00,170.121,179.04,169.746,178.159,4028,HSI,^HSI,17591158965964575485,2025-06-02 08:48:05.114096+08:00,甲辰,丁酉,壬寅,己酉,戊子,己未,甲寅,癸未,辛未,丁戌,丙子,己未,己酉,乙亥,癸卯,辛酉,庚午,丙寅,甲辰,戊申
335,2024-10-01 08:00:00+08:00,157.957,158.556,157.418,158.14,4514,HSI,^HSI,14168952986074394340,2025-06-02 08:48:05.114096+08:00,丙辰,戊戌,癸卯,辛酉,戊子,己未,甲寅,癸未,癸未,戊亥,丙子,己未,己酉,乙亥,癸卯,辛酉,庚午,丙寅,甲辰,戊申
336,2024-10-02 08:00:00+08:00,170.014,178.998,161.625,167.764,8534,HSI,^HSI,8493675230501221501,2025-06-02 08:48:05.114096+08:00,戊辰,己亥,甲辰,癸酉,戊子,己未,甲寅,癸未,乙未,己子,丁子,己未,己酉,乙亥,癸卯,辛酉,庚午,丙寅,甲辰,戊申
337,2024-10-03 08:00:00+08:00,186.135,188.825,181.137,186.065,4014,HSI,^HSI,12104040485104642486,2025-06-02 08:48:05.114096+08:00,庚辰,庚子,乙巳,乙酉,戊子,己未,甲寅,癸未,丁未,庚丑,丁子,己申,己酉,乙亥,癸卯,辛酉,庚午,丙寅,甲辰,戊申
338,2024-10-04 08:00:00+08:00,101.536,104.088,95.6122,96.445,6546,HSI,^HSI,6724379022814646937,2025-06-02 08:48:05.114096+08:00,壬辰,辛丑,丙午,丁酉,戊子,己未,甲寅,癸未,己未,辛寅,丁子,己申,己酉,乙亥,癸卯,辛酉,庚午,丙寅,甲辰,戊申
339,2024-10-05 08:00:00+08:00,179.188,182.135,172.828,181.913,2010,HSI,^HSI,18257205122831651292,2025-06-02 08:48:05.114096+08:00,甲辰,壬寅,丁未,己酉,戊子,己未,甲寅,癸未,辛未,壬卯,壬子,己申,己酉,乙亥,癸卯,辛酉,庚午,丙寅,甲辰,戊申
340,2024-10-06 08:00:00+08:00,172.181,175.508,167.476,173.392,4976,HSI,^HSI,17172731161812551501,2025-06-02 08:48:05.114096+08:00,丙辰,癸卯,戊申,辛酉,戊子,己未,甲寅,癸未,癸未,癸辰,壬子,己申,己酉,乙亥,癸卯,辛酉,庚午,丙寅,甲辰,戊申
341,2024-10-07 08:00:00+08:00,190.11,198.067,181.322,188.046,6565,HSI,^HSI,17994724056469437698,2025-06-02 08:48:05.114096+08:00,戊辰,甲辰,己酉,癸酉,戊子,己未,甲寅,癸未,乙未,甲巳,壬子,己申,己酉,乙亥,癸卯,辛酉,庚午,丙寅,甲辰,戊申
342,2024-10-08 08:00:00+08:00,185.782,194.51,184.069,194.376,1032,HSI,^HSI,3079991122670418805,2025-06-02 08:48:05.114096+08:00,庚辰,乙巳,庚戌,乙酉,甲戌,己未,甲寅,己巳,丁未,乙午,甲戌,己申,己酉,乙亥,癸卯,辛酉,庚午,丙寅,甲辰,戊申
343,2024-10-09 08:00:00+08:00,147.05,156.136,143.198,150.188,4191,HSI,^HSI,15138861230348308089,2025-06-02 08:48:05.114096+08:00,壬辰,丙午,辛亥,丁酉,甲戌,己未,甲寅,己巳,己未,丙未,甲戌,己申,己酉,乙亥,癸卯,辛酉,庚午,丙寅,甲辰,戊申
344,2024-10-10 08:00:00+08:00,132.361,132.686,130.862,131.128,3538,HSI,^HSI,17244448691557330354,2025-06-02 08:48:05.114096+08:00,甲辰,丁未,壬子,己酉,甲戌,己未,甲寅,己巳,辛未,丁申,甲戌,己申,己酉,乙亥,癸卯,辛酉,庚午,丙寅,甲辰,戊申
345,2024-10-11 08:00:00+08:00,130.236,130.52,126.622,128.445,4436,HSI,^HSI,17217800195535093370,2025-06-02 08:48:05.114096+08:00,丙辰,戊申,癸丑,辛酉,甲戌,己未,甲寅,己巳,癸未,戊酉,己戌,己申,己酉,乙亥,癸卯,辛酉,庚午,丙寅,甲辰,戊申
346,2024-10-12 08:00:00+08:00,101.326,109.753,99.2094,105.453,1817,HSI,^HSI,7298227631479673250,2025-06-02 08:48:05.114096+08:00,戊辰,己酉,甲寅,癸酉,甲戌,己未,甲寅,己巳,乙未,己戌,己戌,己申,己酉,乙亥,癸卯,辛酉,庚午,丙寅,甲辰,戊申
347,2024-10-13 08:00:00+08:00,116.409,120.921,115.28,117.566,5240,HSI,^HSI,15215141530769562788,2025-06-02 08:48:05.114096+08:00,庚辰,庚戌,乙卯,乙酉,甲戌,己未,甲寅,己巳,丁未,庚亥,己戌,己申,己酉,乙亥,癸卯,辛酉,庚午,丙寅,甲辰,戊申
348,2024-10-14 08:00:00+08:00,191.076,196.744,182.521,186.497,7588,HSI,^HSI,11997887622941015723,2025-06-02 08:48:05.114096+08:00,壬辰,辛亥,丙辰,丁酉,甲戌,己未,甲寅,己巳,己未,辛子,庚戌,己申,己酉,乙亥,癸卯,辛酉,庚午,丙寅,甲辰,戊申
349,2024-10-15 08:00:00+08:00,102.371,110.196,93.6687,108.884,7677,HSI,^HSI,11840116637663185958,2025-06-02 08:48:05.114096+08:00,甲辰,壬子,丁巳,己酉,甲戌,己未,甲寅,己巳,辛未,壬丑,庚戌,己申,己酉,乙亥,癸卯,辛酉,庚午,丙寅,甲辰,戊申
350,2024-10-16 08:00:00+08:00,139.42,148.089,139.021,143.635,9517,HSI,^HSI,13669118847343052609,2025-06-02 08:48:05.114096+08:00,丙辰,癸丑,戊午,辛酉,甲戌,己未,甲寅,己巳,癸未,癸寅,庚戌,己申,己酉,乙亥,癸卯,辛酉,庚午,丙寅,甲辰,戊申
351,2024-10-17 08:00:00+08:00,195.023,199.216,194.602,195.045,5994,HSI,^HSI,11873101838818987600,2025-06-02 08:48:05.114096+08:00,戊辰,甲寅,己未,癸酉,甲戌,己未,甲寅,己巳,乙未,甲卯,乙戌,己申,己酉,乙亥,癸卯,辛酉,庚午,丙寅,甲辰,戊申
352,2024-10-18 08:00:00+08:00,138.72,141.85,134.764,140.454,4541,HSI,^HSI,5674545201465589385,2025-06-02 08:48:05.114096+08:00,庚辰,乙卯,庚申,乙酉,甲戌,己未,甲寅,己巳,丁未,乙辰,乙戌,己申,己酉,乙亥,癸卯,辛酉,庚午,丙寅,甲辰,戊申
353,2024-10-19 08:00:00+08:00,181.113,183.944,180.162,181.808,4164,HSI,^HSI,15625464282670953137,2025-06-02 08:48:05.114096+08:00,壬辰,丙辰,辛酉,丁酉,甲戌,己未,甲寅,己巳,己未,丙巳,乙戌,己申,己酉,乙亥,癸卯,辛酉,庚午,丙寅,甲辰,戊申
354,2024-10-20 08:00:00+08:00,150.07,158.496,142.431,146.565,8364,HSI,^HSI,18298910521141456016,2025-06-02 08:48:05.114096+08:00,甲辰,丁巳,壬戌,己酉,甲戌,己未,甲寅,己巳,辛未,丁午,乙戌,己申,己酉,乙亥,癸卯,辛酉,庚午,丙寅,甲辰,戊申
355,2024-10-21 08:00:00+08:00,101.492,102.512,95.1675,95.1961,1204,HSI,^HSI,15825846376505453974,2025-06-02 08:48:05.114096+08:00,丙辰,戊午,癸亥,辛酉,甲戌,己未,甲寅,己巳,癸未,戊未,丙戌,己申,己酉,乙亥,癸卯,辛酉,庚午,丙寅,甲辰,戊申
356,2024-10-22 08:00:00+08:00,107.583,111.268,100.8,102.772,5467,HSI,^HSI,1259267974031600898,2025-06-02 08:48:05.114096+08:00,戊辰,己未,甲子,癸酉,甲戌,己未,甲寅,己巳,乙未,己申,丙戌,己申,己酉,乙亥,癸卯,辛酉,庚午,丙寅,甲辰,戊申
357,2024-10-23 08:00:00+08:00,144.264,151.109,135.884,147.149,4182,HSI,^HSI,6942347672074966792,2025-06-02 08:48:05.114096+08:00,庚辰,庚申,乙丑,乙酉,己丑,己未,甲寅,甲申,丁未,庚酉,辛丑,己申,己酉,乙亥,癸卯,辛酉,庚午,丙寅,甲辰,戊申
358,2024-10-24 08:00:00+08:00,154.345,155.261,153.694,154.104,8972,HSI,^HSI,3413741314372906642,2025-06-02 08:48:05.114096+08:00,壬辰,辛酉,丙寅,丁酉,己丑,己未,甲寅,甲申,己未,辛戌,辛丑,己申,己酉,乙亥,癸卯,辛酉,庚午,丙寅,甲辰,戊申
359,2024-10-25 08:00:00+08:00,124.121,130.803,115.399,130.66,5904,HSI,^HSI,12550017437133717457,2025-06-02 08:48:05.114096+08:00,甲辰,壬戌,丁卯,己酉,己丑,己未,甲寅,甲申,辛未,壬亥,辛丑,己申,己酉,乙亥,癸卯,辛酉,庚午,丙寅,甲辰,戊申
360,2024-10-26 08:00:00+08:00,190.855,199.908,184.146,187.575,7892,HSI,^HSI,11910946507302699325,2025-06-02 08:48:05.114096+08:00,丙辰,癸亥,戊辰,辛酉,己丑,己未,甲寅,甲申,癸未,癸子,壬丑,己申,己酉,乙亥,癸卯,辛酉,庚午,丙寅,甲辰,戊申
361,2024-10-27 08:00:00+08:00,140.616,143.394,131.869,140.622,4555,HSI,^HSI,3377997688565985259,2025-06-02 08:48:05.114096+08:00,戊辰,甲子,己巳,癸酉,己丑,己未,甲寅,甲申,乙未,甲丑,壬丑,己申,己酉,乙亥,癸卯,辛酉,庚午,丙寅,甲辰,戊申
362,2024-10-28 08:00:00+08:00,123.56,131.292,116.34,119.924,8534,HSI,^HSI,3190513274662853297,2025-06-02 08:48:05.114096+08:00,庚辰,乙丑,庚午,乙酉,己丑,己未,甲寅,甲申,丁未,乙寅,壬丑,己申,己酉,乙亥,癸卯,辛酉,庚午,丙寅,甲辰,戊申
363,2024-10-29 08:00:00+08:00,168.887,171.559,161.391,165.022,6081,HSI,^HSI,2991287221310382972,2025-06-02 08:48:05.114096+08:00,壬辰,丙寅,辛未,丁酉,己丑,己未,甲寅,甲申,己未,丙卯,丁丑,己申,己酉,乙亥,癸卯,辛酉,庚午,丙寅,甲辰,戊申
364,2024-10-30 08:00:00+08:00,125.937,126.71,124.959,124.992,8375,HSI,^HSI,17801625805645765028,2025-06-02 08:48:05.114096+08:00,甲辰,丁卯,壬申,己酉,己丑,己未,甲寅,甲申,辛未,丁辰,丁丑,己申,己酉,乙亥,癸卯,辛酉,庚午,丙寅,甲辰,戊申
365,2024-10-31 08:00:00+08:00,161.622,162.897,158.01,159.356,5601,HSI,^HSI,1024066768358461326,2025-06-02 08:48:05.114096+08:00,丙辰,戊辰,癸酉,辛酉,己丑,己未,甲寅,甲申,癸未,戊巳,丁丑,己申,己酉,乙亥,癸卯,辛酉,庚午,丙寅,甲辰,戊申
366,2024-11-01 08:00:00+08:00,184.808,188.151,177.713,187.263,5474,HSI,^HSI,13337205259824939901,2025-06-02 08:48:05.114096+08:00,戊辰,己巳,甲戌,癸酉,己丑,己未,甲寅,甲申,乙未,己午,戊丑,己申,己酉,乙亥,癸卯,辛酉,庚午,丙寅,甲辰,戊申
367,2024-11-02 08:00:00+08:00,107.937,110.135,98.4628,104.439,6910,HSI,^HSI,8809784482262263966,2025-06-02 08:48:05.114096+08:00,庚辰,庚午,乙亥,乙酉,己丑,己未,甲寅,甲申,丁未,庚未,戊丑,己申,己酉,乙亥,癸卯,辛酉,庚午,丙寅,甲辰,戊申
368,2024-11-03 08:00:00+08:00,187.633,192.448,178.534,181.333,5960,HSI,^HSI,12560883240029495604,2025-06-02 08:48:05.114096+08:00,壬辰,辛未,丙子,丁酉,己丑,己未,甲寅,甲申,己未,辛申,戊丑,己申,己酉,乙亥,癸卯,辛酉,庚午,丙寅,甲辰,戊申
369,2024-11-04 08:00:00+08:00,199.855,202.527,198.111,198.371,8173,HSI,^HSI,5738034821473509629,2025-06-02 08:48:05.114096+08:00,甲辰,壬申,丁丑,己酉,己丑,己未,甲寅,甲申,辛未,壬酉,癸丑,己申,己酉,乙亥,癸卯,辛酉,庚午,丙寅,甲辰,戊申
370,2024-11-05 08:00:00+08:00,185.043,191.815,176.85,186.113,1842,HSI,^HSI,15828461304943160584,2025-06-02 08:48:05.114096+08:00,丙辰,癸酉,戊寅,辛酉,己丑,己未,甲寅,甲申,癸未,癸戌,癸丑,己申,己酉,乙亥,癸卯,辛酉,庚午,丙寅,甲辰,戊申
371,2024-11-06 08:00:00+08:00,179.495,181.973,173.548,173.615,8106,HSI,^HSI,17542196983496289160,2025-06-02 08:48:05.114096+08:00,戊辰,甲戌,己卯,癸酉,己丑,己未,甲寅,甲申,乙未,甲亥,癸丑,己申,己酉,乙亥,癸卯,辛酉,庚午,丙寅,甲辰,戊申
372,2024-11-07 08:00:00+08:00,166.257,167.79,157.36,160.514,7726,HSI,^HSI,18132471594327406621,2025-06-02 08:48:05.114096+08:00,庚辰,乙亥,庚辰,乙酉,乙亥,己未,甲寅,庚午,丁未,乙子,乙亥,己申,己酉,乙亥,癸卯,辛酉,庚午,丙寅,甲辰,戊申
373,2024-11-08 08:00:00+08:00,132.069,135.949,127.836,130.951,9801,HSI,^HSI,15365582611451909006,2025-06-02 08:48:05.114096+08:00,壬辰,丙子,辛巳,丁酉,乙亥,己未,甲寅,庚午,己未,丙丑,乙亥,己申,己酉,乙亥,癸卯,辛酉,庚午,丙寅,甲辰,戊申
374,2024-11-09 08:00:00+08:00,139.632,140.69,135.164,135.165,2572,HSI,^HSI,12746541710784110772,2025-06-02 08:48:05.114096+08:00,甲辰,丁丑,壬午,己酉,乙亥,己未,甲寅,庚午,辛未,丁寅,乙亥,己申,己酉,乙亥,癸卯,辛酉,庚午,丙寅,甲辰,戊申
375,2024-11-10 08:00:00+08:00,184.143,184.937,174.714,181.998,5976,HSI,^HSI,14168655021019081927,2025-06-02 08:48:05.114096+08:00,丙辰,戊寅,癸未,辛酉,乙亥,己未,甲寅,庚午,癸未,戊卯,庚亥,己申,己酉,乙亥,癸卯,辛酉,庚午,丙寅,甲辰,戊申
376,2024-11-11 08:00:00+08:00,153.874,157.597,150.033,155.508,9688,HSI,^HSI,14835972312481554471,2025-06-02 08:48:05.114096+08:00,戊辰,己卯,甲申,癸酉,乙亥,己未,甲寅,庚午,乙未,己辰,庚亥,己申,己酉,乙亥,癸卯,辛酉,庚午,丙寅,甲辰,戊申
377,2024-11-12 08:00:00+08:00,176.857,183.974,170.167,176.73,6304,HSI,^HSI,14887801368381887547,2025-06-02 08:48:05.114096+08:00,庚辰,庚辰,乙酉,乙酉,乙亥,己未,甲寅,庚午,丁未,庚巳,庚亥,己申,己酉,乙亥,癸卯,辛酉,庚午,丙寅,甲辰,戊申
378,2024-11-13 08:00:00+08:00,122.5,125.399,112.571,122.704,1733,HSI,^HSI,5966263674356410972,2025-06-02 08:48:05.114096+08:00,壬辰,辛巳,丙戌,丁酉,乙亥,己未,甲寅,庚午,己未,辛午,辛亥,己申,己酉,乙亥,癸卯,辛酉,庚午,丙寅,甲辰,戊申
379,2024-11-14 08:00:00+08:00,107.96,110.44,102.337,107.519,8293,HSI,^HSI,15612025428933955513,2025-06-02 08:48:05.114096+08:00,甲辰,壬午,丁亥,己酉,乙亥,己未,甲寅,庚午,辛未,壬未,辛亥,己申,己酉,乙亥,癸卯,辛酉,庚午,丙寅,甲辰,戊申
380,2024-11-15 08:00:00+08:00,132.937,136.15,125.134,134.726,7140,HSI,^HSI,9845995246615617567,2025-06-02 08:48:05.114096+08:00,丙辰,癸未,戊子,辛酉,乙亥,己未,甲寅,庚午,癸未,癸申,辛亥,己申,己酉,乙亥,癸卯,辛酉,庚午,丙寅,甲辰,戊申
381,2024-11-16 08:00:00+08:00,117.486,121.304,113.644,117.626,5022,HSI,^HSI,8035710212404926910,2025-06-02 08:48:05.114096+08:00,戊辰,甲申,己丑,癸酉,乙亥,己未,甲寅,庚午,乙未,甲酉,丙亥,己申,己酉,乙亥,癸卯,辛酉,庚午,丙寅,甲辰,戊申
382,2024-11-17 08:00:00+08:00,196.792,198.438,189.727,194.889,1135,HSI,^HSI,11763746889231995252,2025-06-02 08:48:05.114096+08:00,庚辰,乙酉,庚寅,乙酉,乙亥,己未,甲寅,庚午,丁未,乙戌,丙亥,己申,己酉,乙亥,癸卯,辛酉,庚午,丙寅,甲辰,戊申
383,2024-11-18 08:00:00+08:00,192.347,192.571,183.727,187.498,6768,HSI,^HSI,16919182892598545914,2025-06-02 08:48:05.114096+08:00,壬辰,丙戌,辛卯,丁酉,乙亥,己未,甲寅,庚午,己未,丙亥,丙亥,己申,己酉,乙亥,癸卯,辛酉,庚午,丙寅,甲辰,戊申
384,2024-11-19 08:00:00+08:00,108.362,114.71,101.693,110.587,5074,HSI,^HSI,2698375002060396108,2025-06-02 08:48:05.114096+08:00,甲辰,丁亥,壬辰,己酉,乙亥,己未,甲寅,庚午,辛未,丁子,丁亥,己申,己酉,乙亥,癸卯,辛酉,庚午,丙寅,甲辰,戊申
385,2024-11-20 08:00:00+08:00,107.678,109.771,105.124,105.825,2451,HSI,^HSI,12103096493655302125,2025-06-02 08:48:05.114096+08:00,丙辰,戊子,癸巳,辛酉,乙亥,己未,甲寅,庚午,癸未,戊丑,丁亥,己申,己酉,乙亥,癸卯,辛酉,庚午,丙寅,甲辰,戊申
386,2024-11-21 08:00:00+08:00,169.008,175.074,168.199,168.872,1095,HSI,^HSI,15554313253604141022,2025-06-02 08:48:05.114096+08:00,戊辰,己丑,甲午,癸酉,乙亥,己未,甲寅,庚午,乙未,己寅,丁亥,己申,己酉,乙亥,癸卯,辛酉,庚午,丙寅,甲辰,戊申
387,2024-11-22 08:00:00+08:00,192.632,193.597,191.6,192.79,5517,HSI,^HSI,10592512793725922787,2025-06-02 08:48:05.114096+08:00,庚辰,庚寅,乙未,乙酉,庚寅,己未,甲寅,乙酉,丁未,庚卯,壬寅,己申,己酉,乙亥,癸卯,辛酉,庚午,丙寅,甲辰,戊申
388,2024-11-23 08:00:00+08:00,159.486,161.724,158.374,161.438,5173,HSI,^HSI,684651737071320756,2025-06-02 08:48:05.114096+08:00,壬辰,辛卯,丙申,丁酉,庚寅,己未,甲寅,乙酉,己未,辛辰,壬寅,己申,己酉,乙亥,癸卯,辛酉,庚午,丙寅,甲辰,戊申
389,2024-11-24 08:00:00+08:00,125.768,131.549,116.515,129.03,5383,HSI,^HSI,7378142470914676774,2025-06-02 08:48:05.114096+08:00,甲辰,壬辰,丁酉,己酉,庚寅,己未,甲寅,乙酉,辛未,壬巳,壬寅,己申,己酉,乙亥,癸卯,辛酉,庚午,丙寅,甲辰,戊申
390,2024-11-25 08:00:00+08:00,158.964,167.552,154.035,155.287,7983,HSI,^HSI,18273796911087622499,2025-06-02 08:48:05.114096+08:00,丙辰,癸巳,戊戌,辛酉,庚寅,己未,甲寅,乙酉,癸未,癸午,癸寅,己申,己酉,乙亥,癸卯,辛酉,庚午,丙寅,甲辰,戊申
391,2024-11-26 08:00:00+08:00,101.514,106.075,96.5267,103.395,7451,HSI,^HSI,13976248896955719742,2025-06-02 08:48:05.114096+08:00,戊辰,甲午,己亥,癸酉,庚寅,己未,甲寅,乙酉,乙未,甲未,癸寅,己申,己酉,乙亥,癸卯,辛酉,庚午,丙寅,甲辰,戊申
392,2024-11-27 08:00:00+08:00,118.504,123.398,109.512,117.582,8556,HSI,^HSI,4388458250271129277,2025-06-02 08:48:05.114096+08:00,庚辰,乙未,庚子,乙酉,庚寅,己未,甲寅,乙酉,丁未,乙申,癸寅,己申,己酉,乙亥,癸卯,辛酉,庚午,丙寅,甲辰,戊申
393,2024-11-28 08:00:00+08:00,170.813,174.665,162.755,166.368,2782,HSI,^HSI,10176684206037395364,2025-06-02 08:48:05.114096+08:00,壬辰,丙申,辛丑,丁酉,庚寅,己未,甲寅,乙酉,己未,丙酉,戊寅,己申,己酉,乙亥,癸卯,辛酉,庚午,丙寅,甲辰,戊申
394,2024-11-29 08:00:00+08:00,116.978,122.217,114.721,116.754,3745,HSI,^HSI,4584852778590442566,2025-06-02 08:48:05.114096+08:00,甲辰,丁酉,壬寅,己酉,庚寅,己未,甲寅,乙酉,辛未,丁戌,戊寅,己申,己酉,乙亥,癸卯,辛酉,庚午,丙寅,甲辰,戊申
395,2024-11-30 08:00:00+08:00,134.123,141.874,125.521,128.053,3251,HSI,^HSI,8096481139934011684,2025-06-02 08:48:05.114096+08:00,丙辰,戊戌,癸卯,辛酉,庚寅,己未,甲寅,乙酉,癸未,戊亥,戊寅,己申,己酉,乙亥,癸卯,辛酉,庚午,丙寅,甲辰,戊申
396,2024-12-01 08:00:00+08:00,109.495,111.972,103.013,110.807,3557,HSI,^HSI,9293216354026498705,2025-06-02 08:48:05.114096+08:00,戊辰,己亥,甲辰,癸酉,庚寅,己未,甲寅,乙酉,乙未,己子,己寅,己卯,己酉,乙亥,癸卯,辛酉,庚午,丙寅,甲辰,戊申
397,2024-12-02 08:00:00+08:00,126.216,130.451,123.611,128.483,5832,HSI,^HSI,5475539100242968884,2025-06-02 08:48:05.114096+08:00,庚辰,庚子,乙巳,乙酉,庚寅,己未,甲寅,乙酉,丁未,庚丑,己寅,己卯,己酉,乙亥,癸卯,辛酉,庚午,丙寅,甲辰,戊申
398,2024-12-03 08:00:00+08:00,142.281,146.212,140.472,143.808,4353,HSI,^HSI,8403651759902838059,2025-06-02 08:48:05.114096+08:00,壬辰,辛丑,丙午,丁酉,庚寅,己未,甲寅,乙酉,己未,辛寅,己寅,己卯,己酉,乙亥,癸卯,辛酉,庚午,丙寅,甲辰,戊申
399,2024-12-04 08:00:00+08:00,189.659,195.038,189.118,193.062,8994,HSI,^HSI,10938027232919892626,2025-06-02 08:48:05.114096+08:00,甲辰,壬寅,丁未,己酉,庚寅,己未,甲寅,乙酉,辛未,壬卯,甲寅,己卯,己酉,乙亥,癸卯,辛酉,庚午,丙寅,甲辰,戊申
400,2024-12-05 08:00:00+08:00,149.523,152.019,149.058,150.64,4722,HSI,^HSI,6300624910860223581,2025-06-02 08:48:05.114096+08:00,丙辰,癸卯,戊申,辛酉,庚寅,己未,甲寅,乙酉,癸未,癸辰,甲寅,己卯,己酉,乙亥,癸卯,辛酉,庚午,丙寅,甲辰,戊申
401,2024-12-06 08:00:00+08:00,105.464,109.443,97.4067,109.192,9566,HSI,^HSI,8231536121950120293,2025-06-02 08:48:05.114096+08:00,戊辰,甲辰,己酉,癸酉,庚寅,己未,甲寅,乙酉,乙未,甲巳,甲寅,己卯,己酉,乙亥,癸卯,辛酉,庚午,丙寅,甲辰,戊申
402,2024-12-07 08:00:00+08:00,137.425,143.138,128.784,137.011,3794,HSI,^HSI,321589573683354917,2025-06-02 08:48:05.114096+08:00,庚辰,乙巳,庚戌,乙酉,丙子,己未,甲寅,辛未,丁未,乙午,丙子,己卯,己酉,乙亥,癸卯,辛酉,庚午,丙寅,甲辰,戊申
403,2024-12-08 08:00:00+08:00,134.174,141.956,132.376,137.745,9202,HSI,^HSI,6645565716582027542,2025-06-02 08:48:05.114096+08:00,壬辰,丙午,辛亥,丁酉,丙子,己未,甲寅,辛未,己未,丙未,丙子,己卯,己酉,乙亥,癸卯,辛酉,庚午,丙寅,甲辰,戊申
404,2024-12-09 08:00:00+08:00,199.522,207.859,194.234,194.994,4442,HSI,^HSI,8954409051763580086,2025-06-02 08:48:05.114096+08:00,甲辰,丁未,壬子,己酉,丙子,己未,甲寅,辛未,辛未,丁申,丙子,己卯,己酉,乙亥,癸卯,辛酉,庚午,丙寅,甲辰,戊申
405,2024-12-10 08:00:00+08:00,104.442,113.962,96.6579,110.454,8004,HSI,^HSI,64633306503474049,2025-06-02 08:48:05.114096+08:00,丙辰,戊申,癸丑,辛酉,丙子,己未,甲寅,辛未,癸未,戊酉,辛子,己卯,己酉,乙亥,癸卯,辛酉,庚午,丙寅,甲辰,戊申
406,2024-12-11 08:00:00+08:00,116.178,117.584,107.189,107.623,2057,HSI,^HSI,7079354189283142484,2025-06-02 08:48:05.114096+08:00,戊辰,己酉,甲寅,癸酉,丙子,己未,甲寅,辛未,乙未,己戌,辛子,己卯,己酉,乙亥,癸卯,辛酉,庚午,丙寅,甲辰,戊申
407,2024-12-12 08:00:00+08:00,145.623,155.095,136.055,154.304,7857,HSI,^HSI,3059744248732638746,2025-06-02 08:48:05.114096+08:00,庚辰,庚戌,乙卯,乙酉,丙子,己未,甲寅,辛未,丁未,庚亥,辛子,己卯,己酉,乙亥,癸卯,辛酉,庚午,丙寅,甲辰,戊申
408,2024-12-13 08:00:00+08:00,105.499,114.101,96.4716,105.623,3086,HSI,^HSI,15243835250040822370,2025-06-02 08:48:05.114096+08:00,壬辰,辛亥,丙辰,丁酉,丙子,己未,甲寅,辛未,己未,辛子,壬子,己卯,己酉,乙亥,癸卯,辛酉,庚午,丙寅,甲辰,戊申
409,2024-12-14 08:00:00+08:00,135.202,137.287,134.694,134.834,8153,HSI,^HSI,13418178018447052845,2025-06-02 08:48:05.114096+08:00,甲辰,壬子,丁巳,己酉,丙子,己未,甲寅,辛未,辛未,壬丑,壬子,己卯,己酉,乙亥,癸卯,辛酉,庚午,丙寅,甲辰,戊申
410,2024-12-15 08:00:00+08:00,171.302,177.985,161.476,165.155,2841,HSI,^HSI,4531321475043379046,2025-06-02 08:48:05.114096+08:00,丙辰,癸丑,戊午,辛酉,丙子,己未,甲寅,辛未,癸未,癸寅,壬子,己卯,己酉,乙亥,癸卯,辛酉,庚午,丙寅,甲辰,戊申
411,2024-12-16 08:00:00+08:00,104.535,107.047,102.628,103.682,4097,HSI,^HSI,1401009161255598710,2025-06-02 08:48:05.114096+08:00,戊辰,甲寅,己未,癸酉,丙子,己未,甲寅,辛未,乙未,甲卯,丁子,己卯,己酉,乙亥,癸卯,辛酉,庚午,丙寅,甲辰,戊申
412,2024-12-17 08:00:00+08:00,117.303,126.067,108.119,108.858,4324,HSI,^HSI,13849567143917928719,2025-06-02 08:48:05.114096+08:00,庚辰,乙卯,庚申,乙酉,丙子,己未,甲寅,辛未,丁未,乙辰,丁子,己卯,己酉,乙亥,癸卯,辛酉,庚午,丙寅,甲辰,戊申
413,2024-12-18 08:00:00+08:00,129.512,137.191,128.489,132.981,5477,HSI,^HSI,2495412077861860758,2025-06-02 08:48:05.114096+08:00,壬辰,丙辰,辛酉,丁酉,丙子,己未,甲寅,辛未,己未,丙巳,丁子,己卯,己酉,乙亥,癸卯,辛酉,庚午,丙寅,甲辰,戊申
414,2024-12-19 08:00:00+08:00,179.536,180.797,173.182,176.681,1976,HSI,^HSI,1136024753265403692,2025-06-02 08:48:05.114096+08:00,甲辰,丁巳,壬戌,己酉,丙子,己未,甲寅,辛未,辛未,丁午,戊子,己卯,己酉,乙亥,癸卯,辛酉,庚午,丙寅,甲辰,戊申
415,2024-12-20 08:00:00+08:00,194.274,198.448,191.105,192.679,2388,HSI,^HSI,17348126560657162140,2025-06-02 08:48:05.114096+08:00,丙辰,戊午,癸亥,辛酉,丙子,己未,甲寅,辛未,癸未,戊未,戊子,己卯,己酉,乙亥,癸卯,辛酉,庚午,丙寅,甲辰,戊申
416,2024-12-21 08:00:00+08:00,151.606,156.846,150.572,150.936,5591,HSI,^HSI,8567158746129088488,2025-06-02 08:48:05.114096+08:00,戊辰,己未,甲子,癸酉,丙子,己未,甲寅,辛未,乙未,己申,戊子,己卯,己酉,乙亥,癸卯,辛酉,庚午,丙寅,甲辰,戊申
417,2024-12-22 08:00:00+08:00,181.974,185.358,172.976,183.855,1511,HSI,^HSI,5372063147871584675,2025-06-02 08:48:05.114096+08:00,庚辰,庚申,乙丑,乙酉,辛卯,己未,甲寅,丙戌,丁未,庚酉,癸卯,己卯,己酉,乙亥,癸卯,辛酉,庚午,丙寅,甲辰,戊申
418,2024-12-23 08:00:00+08:00,176.073,181.943,167.926,168.502,6590,HSI,^HSI,13175032090147685057,2025-06-02 08:48:05.114096+08:00,壬辰,辛酉,丙寅,丁酉,辛卯,己未,甲寅,丙戌,己未,辛戌,癸卯,己卯,己酉,乙亥,癸卯,辛酉,庚午,丙寅,甲辰,戊申
419,2024-12-24 08:00:00+08:00,156.688,157.717,154.553,155.691,3017,HSI,^HSI,10519744098655998439,2025-06-02 08:48:05.114096+08:00,甲辰,壬戌,丁卯,己酉,辛卯,己未,甲寅,丙戌,辛未,壬亥,癸卯,己卯,己酉,乙亥,癸卯,辛酉,庚午,丙寅,甲辰,戊申
420,2024-12-25 08:00:00+08:00,169.233,178.389,167.905,168.965,4899,HSI,^HSI,12707358717861996371,2025-06-02 08:48:05.114096+08:00,丙辰,癸亥,戊辰,辛酉,辛卯,己未,甲寅,丙戌,癸未,癸子,甲卯,己卯,己酉,乙亥,癸卯,辛酉,庚午,丙寅,甲辰,戊申
421,2024-12-26 08:00:00+08:00,110.993,114.288,102.519,102.636,7369,HSI,^HSI,13427242830027162611,2025-06-02 08:48:05.114096+08:00,戊辰,甲子,己巳,癸酉,辛卯,己未,甲寅,丙戌,乙未,甲丑,甲卯,己卯,己酉,乙亥,癸卯,辛酉,庚午,丙寅,甲辰,戊申
422,2024-12-27 08:00:00+08:00,113.286,121.512,105.843,114.538,3957,HSI,^HSI,4876413623102359625,2025-06-02 08:48:05.114096+08:00,庚辰,乙丑,庚午,乙酉,辛卯,己未,甲寅,丙戌,丁未,乙寅,甲卯,己卯,己酉,乙亥,癸卯,辛酉,庚午,丙寅,甲辰,戊申
423,2024-12-28 08:00:00+08:00,101.157,108.517,101.152,108.476,5688,HSI,^HSI,14255772384733067413,2025-06-02 08:48:05.114096+08:00,壬辰,丙寅,辛未,丁酉,辛卯,己未,甲寅,丙戌,己未,丙卯,己卯,己卯,己酉,乙亥,癸卯,辛酉,庚午,丙寅,甲辰,戊申
424,2024-12-29 08:00:00+08:00,150.084,150.633,144.839,148.156,2808,HSI,^HSI,7277335397825673726,2025-06-02 08:48:05.114096+08:00,甲辰,丁卯,壬申,己酉,辛卯,己未,甲寅,丙戌,辛未,丁辰,己卯,己卯,己酉,乙亥,癸卯,辛酉,庚午,丙寅,甲辰,戊申
425,2024-12-30 08:00:00+08:00,188.256,191.064,180.541,187.465,2507,HSI,^HSI,16162174732708878359,2025-06-02 08:48:05.114096+08:00,丙辰,戊辰,癸酉,辛酉,辛卯,己未,甲寅,丙戌,癸未,戊巳,己卯,己卯,己酉,乙亥,癸卯,辛酉,庚午,丙寅,甲辰,戊申
426,2024-12-31 08:00:00+08:00,168.391,170.731,162.229,170.54,7602,HSI,^HSI,5775060474179780729,2025-06-02 08:48:05.114096+08:00,戊辰,己巳,甲戌,癸酉,辛卯,己未,甲寅,丙戌,乙未,己午,庚卯,己卯,己酉,乙亥,癸卯,辛酉,庚午,丙寅,甲辰,戊申
